编号,阶段,要求原文,原文定位,来源类型,实现路径,实际执行/支持证据,APK源码SHA,APK_SHA256,设备_API,状态,缺口分类,判断理由,证据路径
R00.I01,R00,检查本地工作区、分支、远端、未提交内容与既有串行 PR；建立已知基线祖先检查和当前源码清单。盘点 S01–S13 每项：存在的正式源码/资源、实际入口、已测/未测、可复用/需修复，禁止把旧成果整体删除。,prompts/R00_PROMPT.md:30,ORIGINAL_ZIP,app/src/main/java/game/sanguo/mobile/MainActivity.java; app/src/main/java/game/sanguo/mobile/ScenarioFactionPicker.java; app/src/main/java/game/sanguo/mobile/MapHost.java; app/src/main/java/game/sanguo/mobile/FilamentMapView.java,bash scripts/test-native-r00-r14-audit.sh; python3 scripts/check-native-protected-assets.py,17bd3376508499f2681d3e296939452383506a1e,98edd7f758d41b89826d03e6fd1be3366bbea173d679a58bdd5f157b8e9479f4,该行以注明的host/source/CI为证；设备专项见runtime-cases.json,NOT_RUN,EVIDENCE,正常冷启动、全国preview、势力触点和开局实际执行；完整既有档/手势/全部环境门槛未全部闭合。,evidence/host/logs/test-native-r00-r14-audit-jdk17.log; evidence/host/logs/check-native-protected-assets-fetched.log; docs/native-pc-visual/evidence/firebase-20260928/SOURCE-REVIEW.md
R00.I02,R00,实测 JDK/Gradle/SDK、依赖取得、Filament 1.56.0 matc、可用建模/贴图工具、adb/模拟器/ARM64 设备、GitHub 读写与 CI 制品能力。缺真机只标设备门槛，Unity Editor/授权不再成为原生构建依赖。,prompts/R00_PROMPT.md:31,ORIGINAL_ZIP,app/src/main/java/game/sanguo/mobile/MainActivity.java; app/src/main/java/game/sanguo/mobile/ScenarioFactionPicker.java; app/src/main/java/game/sanguo/mobile/MapHost.java; app/src/main/java/game/sanguo/mobile/FilamentMapView.java,bash scripts/test-native-r00-r14-audit.sh; python3 scripts/check-native-protected-assets.py,17bd3376508499f2681d3e296939452383506a1e,98edd7f758d41b89826d03e6fd1be3366bbea173d679a58bdd5f157b8e9479f4,该行以注明的host/source/CI为证；设备专项见runtime-cases.json,NOT_RUN,EVIDENCE,正常冷启动、全国preview、势力触点和开局实际执行；完整既有档/手势/全部环境门槛未全部闭合。,evidence/host/logs/test-native-r00-r14-audit-jdk17.log; evidence/host/logs/check-native-protected-assets-fetched.log; docs/native-pc-visual/evidence/firebase-20260928/SOURCE-REVIEW.md
R00.I03,R00,从正常启动进入正式剧本和存档，切到原生 3D，重现并定位 PR #66 提到的纯背景/冷启动缺口。分开判断会话是否载入、相机/投影、mesh 队列、Surface 首帧、色彩/着色器、截图方法，不预判根因。,prompts/R00_PROMPT.md:32,ORIGINAL_ZIP,app/src/main/java/game/sanguo/mobile/MainActivity.java; app/src/main/java/game/sanguo/mobile/ScenarioFactionPicker.java; app/src/main/java/game/sanguo/mobile/MapHost.java; app/src/main/java/game/sanguo/mobile/FilamentMapView.java,bash scripts/test-native-r00-r14-audit.sh; python3 scripts/check-native-protected-assets.py,17bd3376508499f2681d3e296939452383506a1e,98edd7f758d41b89826d03e6fd1be3366bbea173d679a58bdd5f157b8e9479f4,该行以注明的host/source/CI为证；设备专项见runtime-cases.json,NOT_RUN,EVIDENCE,正常冷启动、全国preview、势力触点和开局实际执行；完整既有档/手势/全部环境门槛未全部闭合。,evidence/host/logs/test-native-r00-r14-audit-jdk17.log; evidence/host/logs/check-native-protected-assets-fetched.log; docs/native-pc-visual/evidence/firebase-20260928/SOURCE-REVIEW.md
R00.I04,R00,修复实际启动/入口/Surface/资源或构建阻塞；建立实际地图首帧可见性和后端诊断。禁止依靠强制进入 demo 场景、隐藏失败提示或只渲染背景骗过检测。,prompts/R00_PROMPT.md:33,ORIGINAL_ZIP,app/src/main/java/game/sanguo/mobile/MainActivity.java; app/src/main/java/game/sanguo/mobile/ScenarioFactionPicker.java; app/src/main/java/game/sanguo/mobile/MapHost.java; app/src/main/java/game/sanguo/mobile/FilamentMapView.java,bash scripts/test-native-r00-r14-audit.sh; python3 scripts/check-native-protected-assets.py,17bd3376508499f2681d3e296939452383506a1e,98edd7f758d41b89826d03e6fd1be3366bbea173d679a58bdd5f157b8e9479f4,该行以注明的host/source/CI为证；设备专项见runtime-cases.json,NOT_RUN,EVIDENCE,正常冷启动、全国preview、势力触点和开局实际执行；完整既有档/手势/全部环境门槛未全部闭合。,evidence/host/logs/test-native-r00-r14-audit-jdk17.log; evidence/host/logs/check-native-protected-assets-fetched.log; docs/native-pc-visual/evidence/firebase-20260928/SOURCE-REVIEW.md
R00.I05,R00,默认锁定现有 Filament/OpenGL，保留固定版本与历史兼容门控。只在可复现底层阻塞满足全局规则时执行纯 GLES 候选；写明失败证据、复用范围、迁移成本和真实地图可运行对比，不能在后续继续摇摆。,prompts/R00_PROMPT.md:34,ORIGINAL_ZIP,app/src/main/java/game/sanguo/mobile/MainActivity.java; app/src/main/java/game/sanguo/mobile/ScenarioFactionPicker.java; app/src/main/java/game/sanguo/mobile/MapHost.java; app/src/main/java/game/sanguo/mobile/FilamentMapView.java,bash scripts/test-native-r00-r14-audit.sh; python3 scripts/check-native-protected-assets.py,17bd3376508499f2681d3e296939452383506a1e,98edd7f758d41b89826d03e6fd1be3366bbea173d679a58bdd5f157b8e9479f4,该行以注明的host/source/CI为证；设备专项见runtime-cases.json,PASS,NONE,固定 Filament1.56.0/OpenGL，未另启引擎；build.gradle和FilamentMapView构造路径重新读取，两Mali驱动日志实证。,evidence/host/logs/test-native-r00-r14-audit-jdk17.log; evidence/host/logs/check-native-protected-assets-fetched.log; docs/native-pc-visual/evidence/firebase-20260928/SOURCE-REVIEW.md
R00.I06,R00,隔离 Unity 的默认入口/构建路径，不删除已合并架构和可用历史工程；标准原生 assemble 不应寻找 Unity Editor/Player。若本来已可独立构建，增加明确 profile/入口诊断与自动防回归，不无意义重写。,prompts/R00_PROMPT.md:35,ORIGINAL_ZIP,app/src/main/java/game/sanguo/mobile/MainActivity.java; app/src/main/java/game/sanguo/mobile/ScenarioFactionPicker.java; app/src/main/java/game/sanguo/mobile/MapHost.java; app/src/main/java/game/sanguo/mobile/FilamentMapView.java,bash scripts/test-native-r00-r14-audit.sh; python3 scripts/check-native-protected-assets.py,17bd3376508499f2681d3e296939452383506a1e,98edd7f758d41b89826d03e6fd1be3366bbea173d679a58bdd5f157b8e9479f4,该行以注明的host/source/CI为证；设备专项见runtime-cases.json,PASS,NONE,默认原生构建不依赖Unity；首次精确app/test/lint构建日志与本轮CI构建/保护树通过。,evidence/host/logs/test-native-r00-r14-audit-jdk17.log; evidence/host/logs/check-native-protected-assets-fetched.log; docs/native-pc-visual/evidence/firebase-20260928/SOURCE-REVIEW.md
R00.I07,R00,建立 reference/scenes 索引：选真实区域、稳定剧本/存档、相机和截图命名；启动 PC 参考收集，缺失字段明确记录。后端/设备信息进入 APK 可查看诊断。,prompts/R00_PROMPT.md:36,ORIGINAL_ZIP,app/src/main/java/game/sanguo/mobile/MainActivity.java; app/src/main/java/game/sanguo/mobile/ScenarioFactionPicker.java; app/src/main/java/game/sanguo/mobile/MapHost.java; app/src/main/java/game/sanguo/mobile/FilamentMapView.java,bash scripts/test-native-r00-r14-audit.sh; python3 scripts/check-native-protected-assets.py,17bd3376508499f2681d3e296939452383506a1e,98edd7f758d41b89826d03e6fd1be3366bbea173d679a58bdd5f157b8e9479f4,该行以注明的host/source/CI为证；设备专项见runtime-cases.json,BLOCKED,REFERENCE_EVIDENCE,正常冷启动、全国preview、势力触点和开局实际执行；完整既有档/手势/全部环境门槛未全部闭合。 现有参考索引有图，但区域/季节/相机/版本不全，未取得此条所需可比图组。,evidence/host/logs/test-native-r00-r14-audit-jdk17.log; evidence/host/logs/check-native-protected-assets-fetched.log; docs/native-pc-visual/evidence/firebase-20260928/SOURCE-REVIEW.md
R00.I08,R00,把基线失败真实跑一遍并分组，写 DEFECTS；修本轮受影响阻塞，其余留明示债务。完成真实源码修复后创建本路线首个代码 PR。,prompts/R00_PROMPT.md:37,ORIGINAL_ZIP,app/src/main/java/game/sanguo/mobile/MainActivity.java; app/src/main/java/game/sanguo/mobile/ScenarioFactionPicker.java; app/src/main/java/game/sanguo/mobile/MapHost.java; app/src/main/java/game/sanguo/mobile/FilamentMapView.java,bash scripts/test-native-r00-r14-audit.sh; python3 scripts/check-native-protected-assets.py,17bd3376508499f2681d3e296939452383506a1e,98edd7f758d41b89826d03e6fd1be3366bbea173d679a58bdd5f157b8e9479f4,该行以注明的host/source/CI为证；设备专项见runtime-cases.json,NOT_RUN,EVIDENCE,正常冷启动、全国preview、势力触点和开局实际执行；完整既有档/手势/全部环境门槛未全部闭合。,evidence/host/logs/test-native-r00-r14-audit-jdk17.log; evidence/host/logs/check-native-protected-assets-fetched.log; docs/native-pc-visual/evidence/firebase-20260928/SOURCE-REVIEW.md
R00.V01,R00,正常冷启动、新开剧本、读既有档，实际看见地形/至少一个据点和部队，拖动/缩放可以改变视野；运行日志与录屏同属本阶段 APK。,prompts/R00_PROMPT.md:41,ORIGINAL_ZIP,app/src/main/java/game/sanguo/mobile/MainActivity.java; app/src/main/java/game/sanguo/mobile/ScenarioFactionPicker.java; app/src/main/java/game/sanguo/mobile/MapHost.java; app/src/main/java/game/sanguo/mobile/FilamentMapView.java,bash scripts/test-native-r00-r14-audit.sh; python3 scripts/check-native-protected-assets.py,17bd3376508499f2681d3e296939452383506a1e,98edd7f758d41b89826d03e6fd1be3366bbea173d679a58bdd5f157b8e9479f4,该行以注明的host/source/CI为证；设备专项见runtime-cases.json,NOT_RUN,EVIDENCE,正常冷启动、全国preview、势力触点和开局实际执行；完整既有档/手势/全部环境门槛未全部闭合。,evidence/host/logs/test-native-r00-r14-audit-jdk17.log; evidence/host/logs/check-native-protected-assets-fetched.log; docs/native-pc-visual/evidence/firebase-20260928/SOURCE-REVIEW.md
R00.V02,R00,2D/3D 切换前后权威状态一致；无新增 World/无重复命令。,prompts/R00_PROMPT.md:42,ORIGINAL_ZIP,app/src/main/java/game/sanguo/mobile/MainActivity.java; app/src/main/java/game/sanguo/mobile/ScenarioFactionPicker.java; app/src/main/java/game/sanguo/mobile/MapHost.java; app/src/main/java/game/sanguo/mobile/FilamentMapView.java,bash scripts/test-native-r00-r14-audit.sh; python3 scripts/check-native-protected-assets.py,17bd3376508499f2681d3e296939452383506a1e,98edd7f758d41b89826d03e6fd1be3366bbea173d679a58bdd5f157b8e9479f4,该行以注明的host/source/CI为证；设备专项见runtime-cases.json,NOT_RUN,EVIDENCE,正常冷启动、全国preview、势力触点和开局实际执行；完整既有档/手势/全部环境门槛未全部闭合。,evidence/host/logs/test-native-r00-r14-audit-jdk17.log; evidence/host/logs/check-native-protected-assets-fetched.log; docs/native-pc-visual/evidence/firebase-20260928/SOURCE-REVIEW.md
R00.V03,R00,干净环境或精确 SHA CI 构建 app、instrumentation、lint；继承失败单独记录，不改退出码。,prompts/R00_PROMPT.md:43,ORIGINAL_ZIP,app/src/main/java/game/sanguo/mobile/MainActivity.java; app/src/main/java/game/sanguo/mobile/ScenarioFactionPicker.java; app/src/main/java/game/sanguo/mobile/MapHost.java; app/src/main/java/game/sanguo/mobile/FilamentMapView.java,bash scripts/test-native-r00-r14-audit.sh; python3 scripts/check-native-protected-assets.py,17bd3376508499f2681d3e296939452383506a1e,98edd7f758d41b89826d03e6fd1be3366bbea173d679a58bdd5f157b8e9479f4,该行以注明的host/source/CI为证；设备专项见runtime-cases.json,PASS,NONE,受测17bd APK的原始build.log含app/test/lint实际成功，本轮新测试APK编译成功；继承core退出1保留。仅此构建条款通过。,evidence/host/logs/test-native-r00-r14-audit-jdk17.log; evidence/host/logs/check-native-protected-assets-fetched.log; docs/native-pc-visual/evidence/firebase-20260928/SOURCE-REVIEW.md
R00.V04,R00,后台恢复/Activity 重建能重现已保存场景；至少一次 Surface 截图验证非纯背景且人工确认确实是地图。,prompts/R00_PROMPT.md:44,ORIGINAL_ZIP,app/src/main/java/game/sanguo/mobile/MainActivity.java; app/src/main/java/game/sanguo/mobile/ScenarioFactionPicker.java; app/src/main/java/game/sanguo/mobile/MapHost.java; app/src/main/java/game/sanguo/mobile/FilamentMapView.java,bash scripts/test-native-r00-r14-audit.sh; python3 scripts/check-native-protected-assets.py,17bd3376508499f2681d3e296939452383506a1e,98edd7f758d41b89826d03e6fd1be3366bbea173d679a58bdd5f157b8e9479f4,该行以注明的host/source/CI为证；设备专项见runtime-cases.json,NOT_RUN,EVIDENCE,正常冷启动、全国preview、势力触点和开局实际执行；完整既有档/手势/全部环境门槛未全部闭合。,evidence/host/logs/test-native-r00-r14-audit-jdk17.log; evidence/host/logs/check-native-protected-assets-fetched.log; docs/native-pc-visual/evidence/firebase-20260928/SOURCE-REVIEW.md
R00.V05,R00,最终远端 SHA、PR、APK source SHA/哈希一致，原生包不依赖 Unity Player。,prompts/R00_PROMPT.md:45,ORIGINAL_ZIP,app/src/main/java/game/sanguo/mobile/MainActivity.java; app/src/main/java/game/sanguo/mobile/ScenarioFactionPicker.java; app/src/main/java/game/sanguo/mobile/MapHost.java; app/src/main/java/game/sanguo/mobile/FilamentMapView.java,bash scripts/test-native-r00-r14-audit.sh; python3 scripts/check-native-protected-assets.py,17bd3376508499f2681d3e296939452383506a1e,98edd7f758d41b89826d03e6fd1be3366bbea173d679a58bdd5f157b8e9479f4,该行以注明的host/source/CI为证；设备专项见runtime-cases.json,NOT_RUN,EVIDENCE,正常冷启动、全国preview、势力触点和开局实际执行；完整既有档/手势/全部环境门槛未全部闭合。,evidence/host/logs/test-native-r00-r14-audit-jdk17.log; evidence/host/logs/check-native-protected-assets-fetched.log; docs/native-pc-visual/evidence/firebase-20260928/SOURCE-REVIEW.md
R00.G01,R00,V0：实际正常游戏地图可见且可操作。无运行环境可继续提交环境/源码修复，但阶段为 BLOCKED/PARTIAL，不通过 V0；截图纯背景仍失败。后端决定必须锁定且具理由。,prompts/R00_PROMPT.md:51,ORIGINAL_ZIP,app/src/main/java/game/sanguo/mobile/MainActivity.java; app/src/main/java/game/sanguo/mobile/ScenarioFactionPicker.java; app/src/main/java/game/sanguo/mobile/MapHost.java; app/src/main/java/game/sanguo/mobile/FilamentMapView.java,bash scripts/test-native-r00-r14-audit.sh; python3 scripts/check-native-protected-assets.py,17bd3376508499f2681d3e296939452383506a1e,98edd7f758d41b89826d03e6fd1be3366bbea173d679a58bdd5f157b8e9479f4,该行以注明的host/source/CI为证；设备专项见runtime-cases.json,NOT_RUN,EVIDENCE,正常冷启动、全国preview、势力触点和开局实际执行；完整既有档/手势/全部环境门槛未全部闭合。,evidence/host/logs/test-native-r00-r14-audit-jdk17.log; evidence/host/logs/check-native-protected-assets-fetched.log; docs/native-pc-visual/evidence/firebase-20260928/SOURCE-REVIEW.md
R00.D01,R00,本阶段 APK/证据；BACKEND_DECISION.md、BASELINE.md、ENVIRONMENT.md、SCENE_INDEX.json、REFERENCE_INDEX.csv、基线测试矩阵，以及 R00 报告/交接；至少一项正式源码或正式运行配置改动。,prompts/R00_PROMPT.md:57,ORIGINAL_ZIP,app/src/main/java/game/sanguo/mobile/MainActivity.java; app/src/main/java/game/sanguo/mobile/ScenarioFactionPicker.java; app/src/main/java/game/sanguo/mobile/MapHost.java; app/src/main/java/game/sanguo/mobile/FilamentMapView.java,bash scripts/test-native-r00-r14-audit.sh; python3 scripts/check-native-protected-assets.py,17bd3376508499f2681d3e296939452383506a1e,98edd7f758d41b89826d03e6fd1be3366bbea173d679a58bdd5f157b8e9479f4,该行以注明的host/source/CI为证；设备专项见runtime-cases.json,NOT_RUN,EVIDENCE,正常冷启动、全国preview、势力触点和开局实际执行；完整既有档/手势/全部环境门槛未全部闭合。,evidence/host/logs/test-native-r00-r14-audit-jdk17.log; evidence/host/logs/check-native-protected-assets-fetched.log; docs/native-pc-visual/evidence/firebase-20260928/SOURCE-REVIEW.md
R01.I01,R01,沿用 GameSession 与现有不可变投影，把场景提交、资源缓存、Surface 生命周期、相机输入等不同职责从单体 renderer 有限拆出；用真实调用替换，不生成一排空 service/interface。,prompts/R01_PROMPT.md:30,ORIGINAL_ZIP,app/src/main/java/game/sanguo/mobile/MapHost.java; app/src/main/java/game/sanguo/mobile/SceneRenderGate.java; app/src/main/java/game/sanguo/mobile/SceneWorkQueue.java; app/src/main/java/game/sanguo/mobile/SceneAssetQueue.java; app/src/main/java/game/sanguo/mobile/FilamentMapView.java,bash scripts/test-native-r01.sh; bash scripts/test-architecture.sh,17bd3376508499f2681d3e296939452383506a1e,98edd7f758d41b89826d03e6fd1be3366bbea173d679a58bdd5f157b8e9479f4,该行以注明的host/source/CI为证；设备专项见runtime-cases.json,NOT_RUN,EVIDENCE,API35与API29完整20切换+20 HOME/恢复已执行；故意延迟worker、坏资源/构造/进程死亡完整真机矩阵尚未执行。,evidence/host/logs/test-native-r01.log; evidence/host/logs/test-architecture.log; docs/native-pc-visual/evidence/firebase-20260928/SOURCE-REVIEW.md
R01.I02,R01,明确并测试 session/generation/map/visual/asset revision；世界替换时旧 mesh/解码任务、事件订阅和回调全部失效。快照合并可以 latest-wins，权威展示事件保留实际序列与取消语义。,prompts/R01_PROMPT.md:31,ORIGINAL_ZIP,app/src/main/java/game/sanguo/mobile/MapHost.java; app/src/main/java/game/sanguo/mobile/SceneRenderGate.java; app/src/main/java/game/sanguo/mobile/SceneWorkQueue.java; app/src/main/java/game/sanguo/mobile/SceneAssetQueue.java; app/src/main/java/game/sanguo/mobile/FilamentMapView.java,bash scripts/test-native-r01.sh; bash scripts/test-architecture.sh,17bd3376508499f2681d3e296939452383506a1e,98edd7f758d41b89826d03e6fd1be3366bbea173d679a58bdd5f157b8e9479f4,该行以注明的host/source/CI为证；设备专项见runtime-cases.json,NOT_RUN,EVIDENCE,API35与API29完整20切换+20 HOME/恢复已执行；故意延迟worker、坏资源/构造/进程死亡完整真机矩阵尚未执行。,evidence/host/logs/test-native-r01.log; evidence/host/logs/test-architecture.log; docs/native-pc-visual/evidence/firebase-20260928/SOURCE-REVIEW.md
R01.I03,R01,现有 Filament owner thread 不随意迁移；CPU 生成/解码使用有界执行队列，上传和销毁回原所有者；纯 GLES 分支依其已锁定线程模型。记录 CPU buffer 何时可以复用/释放，不能在异步上传结束前回收。,prompts/R01_PROMPT.md:32,ORIGINAL_ZIP,app/src/main/java/game/sanguo/mobile/MapHost.java; app/src/main/java/game/sanguo/mobile/SceneRenderGate.java; app/src/main/java/game/sanguo/mobile/SceneWorkQueue.java; app/src/main/java/game/sanguo/mobile/SceneAssetQueue.java; app/src/main/java/game/sanguo/mobile/FilamentMapView.java,bash scripts/test-native-r01.sh; bash scripts/test-architecture.sh,17bd3376508499f2681d3e296939452383506a1e,98edd7f758d41b89826d03e6fd1be3366bbea173d679a58bdd5f157b8e9479f4,该行以注明的host/source/CI为证；设备专项见runtime-cases.json,FAIL,IMPLEMENTATION,owner构造路径仍同步BitmapFactory解码8张地形纹理和atlas、读取rig/clips；CPU后台化复合要求未满足。,evidence/host/logs/test-native-r01.log; evidence/host/logs/test-architecture.log; docs/native-pc-visual/evidence/firebase-20260928/SOURCE-REVIEW.md
R01.I04,R01,资源生命周期覆盖创建中失败、Surface 重建、view detach、pause/resume、显式退出、world replacement。禁止同一地图两个常驻帧循环/两个持续绘制的后台视图。,prompts/R01_PROMPT.md:33,ORIGINAL_ZIP,app/src/main/java/game/sanguo/mobile/MapHost.java; app/src/main/java/game/sanguo/mobile/SceneRenderGate.java; app/src/main/java/game/sanguo/mobile/SceneWorkQueue.java; app/src/main/java/game/sanguo/mobile/SceneAssetQueue.java; app/src/main/java/game/sanguo/mobile/FilamentMapView.java,bash scripts/test-native-r01.sh; bash scripts/test-architecture.sh,17bd3376508499f2681d3e296939452383506a1e,98edd7f758d41b89826d03e6fd1be3366bbea173d679a58bdd5f157b8e9479f4,该行以注明的host/source/CI为证；设备专项见runtime-cases.json,NOT_RUN,EVIDENCE,API35与API29完整20切换+20 HOME/恢复已执行；故意延迟worker、坏资源/构造/进程死亡完整真机矩阵尚未执行。,evidence/host/logs/test-native-r01.log; evidence/host/logs/test-architecture.log; docs/native-pc-visual/evidence/firebase-20260928/SOURCE-REVIEW.md
R01.I05,R01,为 mesh/texture/material/entity 建立可观测的 live/cache/pending 计数和内存估计；限制缓存，引用存活对象不能驱逐。诊断不能把估计内存称作实测 GPU 占用。,prompts/R01_PROMPT.md:34,ORIGINAL_ZIP,app/src/main/java/game/sanguo/mobile/MapHost.java; app/src/main/java/game/sanguo/mobile/SceneRenderGate.java; app/src/main/java/game/sanguo/mobile/SceneWorkQueue.java; app/src/main/java/game/sanguo/mobile/SceneAssetQueue.java; app/src/main/java/game/sanguo/mobile/FilamentMapView.java,bash scripts/test-native-r01.sh; bash scripts/test-architecture.sh,17bd3376508499f2681d3e296939452383506a1e,98edd7f758d41b89826d03e6fd1be3366bbea173d679a58bdd5f157b8e9479f4,该行以注明的host/source/CI为证；设备专项见runtime-cases.json,NOT_RUN,EVIDENCE,API35与API29完整20切换+20 HOME/恢复已执行；故意延迟worker、坏资源/构造/进程死亡完整真机矩阵尚未执行。,evidence/host/logs/test-native-r01.log; evidence/host/logs/test-architecture.log; docs/native-pc-visual/evidence/firebase-20260928/SOURCE-REVIEW.md
R01.I06,R01,保留并增强 2D 安全回退和上次异常启动保护；区分用户取消、进程死亡、native crash 和 Java 初始化失败。错误可诊断，不能吞掉异常后显示永久 loading。,prompts/R01_PROMPT.md:35,ORIGINAL_ZIP,app/src/main/java/game/sanguo/mobile/MapHost.java; app/src/main/java/game/sanguo/mobile/SceneRenderGate.java; app/src/main/java/game/sanguo/mobile/SceneWorkQueue.java; app/src/main/java/game/sanguo/mobile/SceneAssetQueue.java; app/src/main/java/game/sanguo/mobile/FilamentMapView.java,bash scripts/test-native-r01.sh; bash scripts/test-architecture.sh,17bd3376508499f2681d3e296939452383506a1e,98edd7f758d41b89826d03e6fd1be3366bbea173d679a58bdd5f157b8e9479f4,该行以注明的host/source/CI为证；设备专项见runtime-cases.json,NOT_RUN,EVIDENCE,API35与API29完整20切换+20 HOME/恢复已执行；故意延迟worker、坏资源/构造/进程死亡完整真机矩阵尚未执行。,evidence/host/logs/test-native-r01.log; evidence/host/logs/test-architecture.log; docs/native-pc-visual/evidence/firebase-20260928/SOURCE-REVIEW.md
R01.I07,R01,增加真实边界测试，防止 renderer 新增 World 写入或把引擎类型塞进 game-api；已有直接 core 白名单只收敛不盲目扩大。,prompts/R01_PROMPT.md:36,ORIGINAL_ZIP,app/src/main/java/game/sanguo/mobile/MapHost.java; app/src/main/java/game/sanguo/mobile/SceneRenderGate.java; app/src/main/java/game/sanguo/mobile/SceneWorkQueue.java; app/src/main/java/game/sanguo/mobile/SceneAssetQueue.java; app/src/main/java/game/sanguo/mobile/FilamentMapView.java,bash scripts/test-native-r01.sh; bash scripts/test-architecture.sh,17bd3376508499f2681d3e296939452383506a1e,98edd7f758d41b89826d03e6fd1be3366bbea173d679a58bdd5f157b8e9479f4,该行以注明的host/source/CI为证；设备专项见runtime-cases.json,PASS,NONE,实际重跑架构边界检查，生产保护树不变；未扩大renderer规则写入白名单。,evidence/host/logs/test-native-r01.log; evidence/host/logs/test-architecture.log; docs/native-pc-visual/evidence/firebase-20260928/SOURCE-REVIEW.md
R01.V01,R01,2D/3D 反复切换 20 次与前后台 20 次，只有一个有效渲染循环，计数回到稳定区间。,prompts/R01_PROMPT.md:40,ORIGINAL_ZIP,app/src/main/java/game/sanguo/mobile/MapHost.java; app/src/main/java/game/sanguo/mobile/SceneRenderGate.java; app/src/main/java/game/sanguo/mobile/SceneWorkQueue.java; app/src/main/java/game/sanguo/mobile/SceneAssetQueue.java; app/src/main/java/game/sanguo/mobile/FilamentMapView.java,bash scripts/test-native-r01.sh; bash scripts/test-architecture.sh; FirebaseAcceptanceInstrumentation.lifecycleTwentyPlusTwenty; 20 presentation API switches + 20 system HOME/resume; FirebaseAcceptanceInstrumentation.lifecycleTwentyPlusTwenty; 20 presentation API switches + 20 system HOME/resume,17bd3376508499f2681d3e296939452383506a1e,98edd7f758d41b89826d03e6fd1be3366bbea173d679a58bdd5f157b8e9479f4,Pixel8/shiba API35; GalaxyS9/starlte API29,PASS,NONE,API35第二轮与API29第二轮均完成20次切换+20次HOME/返回；逐轮旧engine释放、activeNativeHosts=1、后台focus/resumed/queued均false且帧数不变、返回帧推进。两轮各20份live计数各自稳定；该条通过，不外推全部native泄漏或异常恢复。,evidence/host/logs/test-native-r01.log; evidence/host/logs/test-architecture.log; docs/native-pc-visual/evidence/firebase-20260928/SOURCE-REVIEW.md; evidence/api35-second/recovered/firebase-audit/raw/36365917134-1/shiba-35-zh_CN-landscape/artifacts/sdcard/Android/data/game.sanguo.mobile.dev/files/s01/acceptance-runtime.txt; evidence/api29-second/out/firebase-audit/raw/36366893750-1/starlte-29-zh_CN-landscape/artifacts/sdcard/Android/data/game.sanguo.mobile.dev/files/s01/acceptance-runtime.txt
R01.V02,R01,快速读档/新剧本/退出再进时故意延迟 worker，旧任务不得回灌；无 use-after-free 或 native crash。,prompts/R01_PROMPT.md:41,ORIGINAL_ZIP,app/src/main/java/game/sanguo/mobile/MapHost.java; app/src/main/java/game/sanguo/mobile/SceneRenderGate.java; app/src/main/java/game/sanguo/mobile/SceneWorkQueue.java; app/src/main/java/game/sanguo/mobile/SceneAssetQueue.java; app/src/main/java/game/sanguo/mobile/FilamentMapView.java,bash scripts/test-native-r01.sh; bash scripts/test-architecture.sh,17bd3376508499f2681d3e296939452383506a1e,98edd7f758d41b89826d03e6fd1be3366bbea173d679a58bdd5f157b8e9479f4,该行以注明的host/source/CI为证；设备专项见runtime-cases.json,NOT_RUN,EVIDENCE,API35与API29完整20切换+20 HOME/恢复已执行；故意延迟worker、坏资源/构造/进程死亡完整真机矩阵尚未执行。,evidence/host/logs/test-native-r01.log; evidence/host/logs/test-architecture.log; docs/native-pc-visual/evidence/firebase-20260928/SOURCE-REVIEW.md
R01.V03,R01,相同命令/RNG 的 2D/3D 权威状态与基线一致；renderer 不能新增规则调用。,prompts/R01_PROMPT.md:42,ORIGINAL_ZIP,app/src/main/java/game/sanguo/mobile/MapHost.java; app/src/main/java/game/sanguo/mobile/SceneRenderGate.java; app/src/main/java/game/sanguo/mobile/SceneWorkQueue.java; app/src/main/java/game/sanguo/mobile/SceneAssetQueue.java; app/src/main/java/game/sanguo/mobile/FilamentMapView.java,bash scripts/test-native-r01.sh; bash scripts/test-architecture.sh,17bd3376508499f2681d3e296939452383506a1e,98edd7f758d41b89826d03e6fd1be3366bbea173d679a58bdd5f157b8e9479f4,该行以注明的host/source/CI为证；设备专项见runtime-cases.json,NOT_RUN,EVIDENCE,API35与API29完整20切换+20 HOME/恢复已执行；故意延迟worker、坏资源/构造/进程死亡完整真机矩阵尚未执行。,evidence/host/logs/test-native-r01.log; evidence/host/logs/test-architecture.log; docs/native-pc-visual/evidence/firebase-20260928/SOURCE-REVIEW.md
R01.V04,R01,资源缺失/解码失败/构造中失败路径能释放部分资源并回到可玩界面。,prompts/R01_PROMPT.md:43,ORIGINAL_ZIP,app/src/main/java/game/sanguo/mobile/MapHost.java; app/src/main/java/game/sanguo/mobile/SceneRenderGate.java; app/src/main/java/game/sanguo/mobile/SceneWorkQueue.java; app/src/main/java/game/sanguo/mobile/SceneAssetQueue.java; app/src/main/java/game/sanguo/mobile/FilamentMapView.java,bash scripts/test-native-r01.sh; bash scripts/test-architecture.sh,17bd3376508499f2681d3e296939452383506a1e,98edd7f758d41b89826d03e6fd1be3366bbea173d679a58bdd5f157b8e9479f4,该行以注明的host/source/CI为证；设备专项见runtime-cases.json,NOT_RUN,EVIDENCE,API35与API29完整20切换+20 HOME/恢复已执行；故意延迟worker、坏资源/构造/进程死亡完整真机矩阵尚未执行。,evidence/host/logs/test-native-r01.log; evidence/host/logs/test-architecture.log; docs/native-pc-visual/evidence/firebase-20260928/SOURCE-REVIEW.md
R01.V05,R01,受影响主机测试、APK 构建和实际地图渲染回归。,prompts/R01_PROMPT.md:44,ORIGINAL_ZIP,app/src/main/java/game/sanguo/mobile/MapHost.java; app/src/main/java/game/sanguo/mobile/SceneRenderGate.java; app/src/main/java/game/sanguo/mobile/SceneWorkQueue.java; app/src/main/java/game/sanguo/mobile/SceneAssetQueue.java; app/src/main/java/game/sanguo/mobile/FilamentMapView.java,bash scripts/test-native-r01.sh; bash scripts/test-architecture.sh,17bd3376508499f2681d3e296939452383506a1e,98edd7f758d41b89826d03e6fd1be3366bbea173d679a58bdd5f157b8e9479f4,该行以注明的host/source/CI为证；设备专项见runtime-cases.json,NOT_RUN,EVIDENCE,API35与API29完整20切换+20 HOME/恢复已执行；故意延迟worker、坏资源/构造/进程死亡完整真机矩阵尚未执行。,evidence/host/logs/test-native-r01.log; evidence/host/logs/test-architecture.log; docs/native-pc-visual/evidence/firebase-20260928/SOURCE-REVIEW.md
R01.G01,R01,运行与所有权门槛通过；允许保持 R00 美术，但不得因拆分类破坏已有模型/水体/覆盖层。物理机未测必须单列，不能用计数稳定证明所有 native 泄漏都不存在。,prompts/R01_PROMPT.md:50,ORIGINAL_ZIP,app/src/main/java/game/sanguo/mobile/MapHost.java; app/src/main/java/game/sanguo/mobile/SceneRenderGate.java; app/src/main/java/game/sanguo/mobile/SceneWorkQueue.java; app/src/main/java/game/sanguo/mobile/SceneAssetQueue.java; app/src/main/java/game/sanguo/mobile/FilamentMapView.java,bash scripts/test-native-r01.sh; bash scripts/test-architecture.sh,17bd3376508499f2681d3e296939452383506a1e,98edd7f758d41b89826d03e6fd1be3366bbea173d679a58bdd5f157b8e9479f4,该行以注明的host/source/CI为证；设备专项见runtime-cases.json,NOT_RUN,EVIDENCE,API35与API29完整20切换+20 HOME/恢复已执行；故意延迟worker、坏资源/构造/进程死亡完整真机矩阵尚未执行。,evidence/host/logs/test-native-r01.log; evidence/host/logs/test-architecture.log; docs/native-pc-visual/evidence/firebase-20260928/SOURCE-REVIEW.md
R01.D01,R01,正式拆分/接入源码和边界测试、资源/线程所有权说明、20 次生命周期日志、实际地图 APK/截图、R01 报告及交接。,prompts/R01_PROMPT.md:56,ORIGINAL_ZIP,app/src/main/java/game/sanguo/mobile/MapHost.java; app/src/main/java/game/sanguo/mobile/SceneRenderGate.java; app/src/main/java/game/sanguo/mobile/SceneWorkQueue.java; app/src/main/java/game/sanguo/mobile/SceneAssetQueue.java; app/src/main/java/game/sanguo/mobile/FilamentMapView.java,bash scripts/test-native-r01.sh; bash scripts/test-architecture.sh,17bd3376508499f2681d3e296939452383506a1e,98edd7f758d41b89826d03e6fd1be3366bbea173d679a58bdd5f157b8e9479f4,该行以注明的host/source/CI为证；设备专项见runtime-cases.json,NOT_RUN,EVIDENCE,API35与API29完整20切换+20 HOME/恢复已执行；故意延迟worker、坏资源/构造/进程死亡完整真机矩阵尚未执行。,evidence/host/logs/test-native-r01.log; evidence/host/logs/test-architecture.log; docs/native-pc-visual/evidence/firebase-20260928/SOURCE-REVIEW.md
R02.I01,R02,明确 source grid、存储行列、Hex、world X/Z/Y、view pixels、render pixels 变换；沿用已有交错/转置/偏移约定，建立当前全国有效格中心金样本与负坐标/边界样本。,prompts/R02_PROMPT.md:30,ORIGINAL_ZIP,app/src/main/java/game/sanguo/mobile/SceneCamera.java; app/src/main/java/game/sanguo/mobile/ScenePicking.java; app/src/main/java/game/sanguo/mobile/GridWorldTransform.java; app/src/main/java/game/sanguo/mobile/FilamentMapView.java,bash scripts/test-native-r02.sh,17bd3376508499f2681d3e296939452383506a1e,98edd7f758d41b89826d03e6fd1be3366bbea173d679a58bdd5f157b8e9479f4,该行以注明的host/source/CI为证；设备专项见runtime-cases.json,NOT_RUN,EVIDENCE,主机投影/表面拾取已执行；实际设备三分辨率、全部倾角/遮挡/UI边缘完整矩阵尚未执行。,evidence/host/logs/test-native-r02.log; docs/native-pc-visual/evidence/firebase-20260928/SOURCE-REVIEW.md
R02.I02,R02,在真实相机内实现平移、锚点缩放、有界倾角和连续旋转（若旧 UI 只翻转方向，升级为可控旋转并保持旧快捷行为）；默认使用参考驱动的策略视角，不凭空声称 PC 的精确 FOV。,prompts/R02_PROMPT.md:31,ORIGINAL_ZIP,app/src/main/java/game/sanguo/mobile/SceneCamera.java; app/src/main/java/game/sanguo/mobile/ScenePicking.java; app/src/main/java/game/sanguo/mobile/GridWorldTransform.java; app/src/main/java/game/sanguo/mobile/FilamentMapView.java,bash scripts/test-native-r02.sh,17bd3376508499f2681d3e296939452383506a1e,98edd7f758d41b89826d03e6fd1be3366bbea173d679a58bdd5f157b8e9479f4,该行以注明的host/source/CI为证；设备专项见runtime-cases.json,NOT_RUN,EVIDENCE,主机投影/表面拾取已执行；实际设备三分辨率、全部倾角/遮挡/UI边缘完整矩阵尚未执行。,evidence/host/logs/test-native-r02.log; docs/native-pc-visual/evidence/firebase-20260928/SOURCE-REVIEW.md
R02.I03,R02,使用实际场景 ray 与同源地形/水面/模型选择规则，替换仍然只用平面逆投影的路径。明确最近可见命中、地面格定位和遮挡优先级；远处山背后的格子不能穿透误选。,prompts/R02_PROMPT.md:32,ORIGINAL_ZIP,app/src/main/java/game/sanguo/mobile/SceneCamera.java; app/src/main/java/game/sanguo/mobile/ScenePicking.java; app/src/main/java/game/sanguo/mobile/GridWorldTransform.java; app/src/main/java/game/sanguo/mobile/FilamentMapView.java,bash scripts/test-native-r02.sh,17bd3376508499f2681d3e296939452383506a1e,98edd7f758d41b89826d03e6fd1be3366bbea173d679a58bdd5f157b8e9479f4,该行以注明的host/source/CI为证；设备专项见runtime-cases.json,NOT_RUN,EVIDENCE,主机投影/表面拾取已执行；实际设备三分辨率、全部倾角/遮挡/UI边缘完整矩阵尚未执行。,evidence/host/logs/test-native-r02.log; docs/native-pc-visual/evidence/firebase-20260928/SOURCE-REVIEW.md
R02.I04,R02,统一城市七格、部队实际/动画展示位置、港口水面和设施标签的 picking；视觉包围盒只用于选择辅助，不扩充权威占地/射程。,prompts/R02_PROMPT.md:33,ORIGINAL_ZIP,app/src/main/java/game/sanguo/mobile/SceneCamera.java; app/src/main/java/game/sanguo/mobile/ScenePicking.java; app/src/main/java/game/sanguo/mobile/GridWorldTransform.java; app/src/main/java/game/sanguo/mobile/FilamentMapView.java,bash scripts/test-native-r02.sh,17bd3376508499f2681d3e296939452383506a1e,98edd7f758d41b89826d03e6fd1be3366bbea173d679a58bdd5f157b8e9479f4,该行以注明的host/source/CI为证；设备专项见runtime-cases.json,NOT_RUN,EVIDENCE,主机投影/表面拾取已执行；实际设备三分辨率、全部倾角/遮挡/UI边缘完整矩阵尚未执行。,evidence/host/logs/test-native-r02.log; docs/native-pc-visual/evidence/firebase-20260928/SOURCE-REVIEW.md
R02.I05,R02,面板/状态栏/刘海/安全区不接收地图命令；区分单击、拖动、双指、长按和双击，拖镜头不能误发攻击。保留“先选部队，再下命令”的现有体验。,prompts/R02_PROMPT.md:34,ORIGINAL_ZIP,app/src/main/java/game/sanguo/mobile/SceneCamera.java; app/src/main/java/game/sanguo/mobile/ScenePicking.java; app/src/main/java/game/sanguo/mobile/GridWorldTransform.java; app/src/main/java/game/sanguo/mobile/FilamentMapView.java,bash scripts/test-native-r02.sh,17bd3376508499f2681d3e296939452383506a1e,98edd7f758d41b89826d03e6fd1be3366bbea173d679a58bdd5f157b8e9479f4,该行以注明的host/source/CI为证；设备专项见runtime-cases.json,NOT_RUN,EVIDENCE,主机投影/表面拾取已执行；实际设备三分辨率、全部倾角/遮挡/UI边缘完整矩阵尚未执行。,evidence/host/logs/test-native-r02.log; docs/native-pc-visual/evidence/firebase-20260928/SOURCE-REVIEW.md
R02.I06,R02,动态分辨率/横竖屏/视口改变时保持相机焦点和选中对象，内部 buffer 缩放不改变触点含义。相机配置与存档/规则分离，3D→2D→3D 可恢复。,prompts/R02_PROMPT.md:35,ORIGINAL_ZIP,app/src/main/java/game/sanguo/mobile/SceneCamera.java; app/src/main/java/game/sanguo/mobile/ScenePicking.java; app/src/main/java/game/sanguo/mobile/GridWorldTransform.java; app/src/main/java/game/sanguo/mobile/FilamentMapView.java,bash scripts/test-native-r02.sh,17bd3376508499f2681d3e296939452383506a1e,98edd7f758d41b89826d03e6fd1be3366bbea173d679a58bdd5f157b8e9479f4,该行以注明的host/source/CI为证；设备专项见runtime-cases.json,NOT_RUN,EVIDENCE,主机投影/表面拾取已执行；实际设备三分辨率、全部倾角/遮挡/UI边缘完整矩阵尚未执行。,evidence/host/logs/test-native-r02.log; docs/native-pc-visual/evidence/firebase-20260928/SOURCE-REVIEW.md
R02.I07,R02,给诊断加入世界点、格坐标、拾取表面/高度/实体和相机状态；调试层默认关闭。,prompts/R02_PROMPT.md:36,ORIGINAL_ZIP,app/src/main/java/game/sanguo/mobile/SceneCamera.java; app/src/main/java/game/sanguo/mobile/ScenePicking.java; app/src/main/java/game/sanguo/mobile/GridWorldTransform.java; app/src/main/java/game/sanguo/mobile/FilamentMapView.java,bash scripts/test-native-r02.sh,17bd3376508499f2681d3e296939452383506a1e,98edd7f758d41b89826d03e6fd1be3366bbea173d679a58bdd5f157b8e9479f4,该行以注明的host/source/CI为证；设备专项见runtime-cases.json,PASS,NONE,当前诊断包含camera、grid/terrain/entity picking字段，调试默认关闭；源码及R02测试核对。,evidence/host/logs/test-native-r02.log; docs/native-pc-visual/evidence/firebase-20260928/SOURCE-REVIEW.md
R02.V01,R02,所有有效格中心投影/反投影；代表性边界、负坐标、VOID、行列转置、七格城市入口回归。,prompts/R02_PROMPT.md:40,ORIGINAL_ZIP,app/src/main/java/game/sanguo/mobile/SceneCamera.java; app/src/main/java/game/sanguo/mobile/ScenePicking.java; app/src/main/java/game/sanguo/mobile/GridWorldTransform.java; app/src/main/java/game/sanguo/mobile/FilamentMapView.java,bash scripts/test-native-r02.sh,17bd3376508499f2681d3e296939452383506a1e,98edd7f758d41b89826d03e6fd1be3366bbea173d679a58bdd5f157b8e9479f4,该行以注明的host/source/CI为证；设备专项见runtime-cases.json,PASS,NONE,NativeR02Test实际核对38949有效格中心、四方向、负坐标/VOID/据点footprint；399124断言，主机范围。,evidence/host/logs/test-native-r02.log; docs/native-pc-visual/evidence/firebase-20260928/SOURCE-REVIEW.md
R02.V02,R02,至少 3 个缩放档 × 4 个方向 × 3 个倾角的自动格选择抽查；展示 LOD 与拾取误差有明确上限。,prompts/R02_PROMPT.md:41,ORIGINAL_ZIP,app/src/main/java/game/sanguo/mobile/SceneCamera.java; app/src/main/java/game/sanguo/mobile/ScenePicking.java; app/src/main/java/game/sanguo/mobile/GridWorldTransform.java; app/src/main/java/game/sanguo/mobile/FilamentMapView.java,bash scripts/test-native-r02.sh,17bd3376508499f2681d3e296939452383506a1e,98edd7f758d41b89826d03e6fd1be3366bbea173d679a58bdd5f157b8e9479f4,该行以注明的host/source/CI为证；设备专项见runtime-cases.json,NOT_RUN,EVIDENCE,主机投影/表面拾取已执行；实际设备三分辨率、全部倾角/遮挡/UI边缘完整矩阵尚未执行。,evidence/host/logs/test-native-r02.log; docs/native-pc-visual/evidence/firebase-20260928/SOURCE-REVIEW.md
R02.V03,R02,点击坡顶、山后、水面、港口、移动中部队和 UI 边缘；实际命令与原 2D 验证一致。,prompts/R02_PROMPT.md:42,ORIGINAL_ZIP,app/src/main/java/game/sanguo/mobile/SceneCamera.java; app/src/main/java/game/sanguo/mobile/ScenePicking.java; app/src/main/java/game/sanguo/mobile/GridWorldTransform.java; app/src/main/java/game/sanguo/mobile/FilamentMapView.java,bash scripts/test-native-r02.sh,17bd3376508499f2681d3e296939452383506a1e,98edd7f758d41b89826d03e6fd1be3366bbea173d679a58bdd5f157b8e9479f4,该行以注明的host/source/CI为证；设备专项见runtime-cases.json,NOT_RUN,EVIDENCE,主机投影/表面拾取已执行；实际设备三分辨率、全部倾角/遮挡/UI边缘完整矩阵尚未执行。,evidence/host/logs/test-native-r02.log; docs/native-pc-visual/evidence/firebase-20260928/SOURCE-REVIEW.md
R02.V04,R02,0.7/0.85/1.0 内部分辨率或项目等价档位下，同一 view-pixel 触点选择一致。,prompts/R02_PROMPT.md:43,ORIGINAL_ZIP,app/src/main/java/game/sanguo/mobile/SceneCamera.java; app/src/main/java/game/sanguo/mobile/ScenePicking.java; app/src/main/java/game/sanguo/mobile/GridWorldTransform.java; app/src/main/java/game/sanguo/mobile/FilamentMapView.java,bash scripts/test-native-r02.sh,17bd3376508499f2681d3e296939452383506a1e,98edd7f758d41b89826d03e6fd1be3366bbea173d679a58bdd5f157b8e9479f4,该行以注明的host/source/CI为证；设备专项见runtime-cases.json,NOT_RUN,EVIDENCE,主机投影/表面拾取已执行；实际设备三分辨率、全部倾角/遮挡/UI边缘完整矩阵尚未执行。,evidence/host/logs/test-native-r02.log; docs/native-pc-visual/evidence/firebase-20260928/SOURCE-REVIEW.md
R02.V05,R02,录屏显示浏览、选军、移动/攻击预览、切换 2D 后状态不变。,prompts/R02_PROMPT.md:44,ORIGINAL_ZIP,app/src/main/java/game/sanguo/mobile/SceneCamera.java; app/src/main/java/game/sanguo/mobile/ScenePicking.java; app/src/main/java/game/sanguo/mobile/GridWorldTransform.java; app/src/main/java/game/sanguo/mobile/FilamentMapView.java,bash scripts/test-native-r02.sh,17bd3376508499f2681d3e296939452383506a1e,98edd7f758d41b89826d03e6fd1be3366bbea173d679a58bdd5f157b8e9479f4,该行以注明的host/source/CI为证；设备专项见runtime-cases.json,NOT_RUN,EVIDENCE,主机投影/表面拾取已执行；实际设备三分辨率、全部倾角/遮挡/UI边缘完整矩阵尚未执行。,evidence/host/logs/test-native-r02.log; docs/native-pc-visual/evidence/firebase-20260928/SOURCE-REVIEW.md
R02.G01,R02,镜头可浏览、拾取不误导、命令未重复；不能仅靠平面数学单测证明实际高低地形命中正确。,prompts/R02_PROMPT.md:50,ORIGINAL_ZIP,app/src/main/java/game/sanguo/mobile/SceneCamera.java; app/src/main/java/game/sanguo/mobile/ScenePicking.java; app/src/main/java/game/sanguo/mobile/GridWorldTransform.java; app/src/main/java/game/sanguo/mobile/FilamentMapView.java,bash scripts/test-native-r02.sh,17bd3376508499f2681d3e296939452383506a1e,98edd7f758d41b89826d03e6fd1be3366bbea173d679a58bdd5f157b8e9479f4,该行以注明的host/source/CI为证；设备专项见runtime-cases.json,NOT_RUN,EVIDENCE,主机投影/表面拾取已执行；实际设备三分辨率、全部倾角/遮挡/UI边缘完整矩阵尚未执行。,evidence/host/logs/test-native-r02.log; docs/native-pc-visual/evidence/firebase-20260928/SOURCE-REVIEW.md
R02.D01,R02,相机/拾取/输入生产代码、金样本与测试、相机参数/手势说明、3D 实操录屏与 APK、R02 交接。,prompts/R02_PROMPT.md:56,ORIGINAL_ZIP,app/src/main/java/game/sanguo/mobile/SceneCamera.java; app/src/main/java/game/sanguo/mobile/ScenePicking.java; app/src/main/java/game/sanguo/mobile/GridWorldTransform.java; app/src/main/java/game/sanguo/mobile/FilamentMapView.java,bash scripts/test-native-r02.sh,17bd3376508499f2681d3e296939452383506a1e,98edd7f758d41b89826d03e6fd1be3366bbea173d679a58bdd5f157b8e9479f4,该行以注明的host/source/CI为证；设备专项见runtime-cases.json,NOT_RUN,EVIDENCE,主机投影/表面拾取已执行；实际设备三分辨率、全部倾角/遮挡/UI边缘完整矩阵尚未执行。,evidence/host/logs/test-native-r02.log; docs/native-pc-visual/evidence/firebase-20260928/SOURCE-REVIEW.md
R03.I01,R03,审计现有连续场仍呈现棋盘/阶梯的原因：采样依格量化、格中心鼓包、边缘约束、材质边界还是资产遮盖。只修改确有问题的部分，不重建已经共享的分块系统。,prompts/R03_PROMPT.md:30,ORIGINAL_ZIP,app/src/main/java/game/sanguo/mobile/TerrainSurface.java; app/src/main/java/game/sanguo/mobile/SceneMesh.java; app/src/main/java/game/sanguo/mobile/SceneWorkQueue.java; app/src/main/java/game/sanguo/mobile/FilamentMapView.java,bash scripts/test-native-r03.sh; bash scripts/test-native-ground-stream.sh,17bd3376508499f2681d3e296939452383506a1e,98edd7f758d41b89826d03e6fd1be3366bbea173d679a58bdd5f157b8e9479f4,该行以注明的host/source/CI为证；设备专项见runtime-cases.json,NOT_RUN,EVIDENCE,主机共享边、LOD有限性、受限缓存、局部失效及权威不变已执行；完整实拍跨块/缩放及道路通行未闭合。,evidence/host/logs/test-native-r03.log; evidence/host/logs/test-native-ground-stream.log; docs/native-pc-visual/evidence/firebase-20260928/SOURCE-REVIEW.md
R03.I02,R03,建立同源全局高度场 H 和约束层：水面、城池基础、道路/关隘可走带、地图有效边界；区域山脊/盆地参数可复现。噪声只作细节，不把随机噪声当山系设计。,prompts/R03_PROMPT.md:31,ORIGINAL_ZIP,app/src/main/java/game/sanguo/mobile/TerrainSurface.java; app/src/main/java/game/sanguo/mobile/SceneMesh.java; app/src/main/java/game/sanguo/mobile/SceneWorkQueue.java; app/src/main/java/game/sanguo/mobile/FilamentMapView.java,bash scripts/test-native-r03.sh; bash scripts/test-native-ground-stream.sh,17bd3376508499f2681d3e296939452383506a1e,98edd7f758d41b89826d03e6fd1be3366bbea173d679a58bdd5f157b8e9479f4,该行以注明的host/source/CI为证；设备专项见runtime-cases.json,NOT_RUN,EVIDENCE,主机共享边、LOD有限性、受限缓存、局部失效及权威不变已执行；完整实拍跨块/缩放及道路通行未闭合。,evidence/host/logs/test-native-r03.log; evidence/host/logs/test-native-ground-stream.log; docs/native-pc-visual/evidence/firebase-20260928/SOURCE-REVIEW.md
R03.I03,R03,以连续 X/Z 采样网格或现有网格的连续化实现正式地形；分块只是加载单位。跨块边缘使用全局采样与必要 halo，法线也跨边统一；不能每格独立法线/凸起。,prompts/R03_PROMPT.md:32,ORIGINAL_ZIP,app/src/main/java/game/sanguo/mobile/TerrainSurface.java; app/src/main/java/game/sanguo/mobile/SceneMesh.java; app/src/main/java/game/sanguo/mobile/SceneWorkQueue.java; app/src/main/java/game/sanguo/mobile/FilamentMapView.java,bash scripts/test-native-r03.sh; bash scripts/test-native-ground-stream.sh,17bd3376508499f2681d3e296939452383506a1e,98edd7f758d41b89826d03e6fd1be3366bbea173d679a58bdd5f157b8e9479f4,该行以注明的host/source/CI为证；设备专项见runtime-cases.json,NOT_RUN,EVIDENCE,主机共享边、LOD有限性、受限缓存、局部失效及权威不变已执行；完整实拍跨块/缩放及道路通行未闭合。,evidence/host/logs/test-native-r03.log; evidence/host/logs/test-native-ground-stream.log; docs/native-pc-visual/evidence/firebase-20260928/SOURCE-REVIEW.md
R03.I04,R03,城池地基平整采用受限局部过渡；道路/关口保留可读通路，水域/港口保持既有拓扑。保留可行动格中心与视觉地形一致；修视觉不改 source terrain、城港关坐标或兵种地形规则。,prompts/R03_PROMPT.md:33,ORIGINAL_ZIP,app/src/main/java/game/sanguo/mobile/TerrainSurface.java; app/src/main/java/game/sanguo/mobile/SceneMesh.java; app/src/main/java/game/sanguo/mobile/SceneWorkQueue.java; app/src/main/java/game/sanguo/mobile/FilamentMapView.java,bash scripts/test-native-r03.sh; bash scripts/test-native-ground-stream.sh,17bd3376508499f2681d3e296939452383506a1e,98edd7f758d41b89826d03e6fd1be3366bbea173d679a58bdd5f157b8e9479f4,该行以注明的host/source/CI为证；设备专项见runtime-cases.json,NOT_RUN,EVIDENCE,主机共享边、LOD有限性、受限缓存、局部失效及权威不变已执行；完整实拍跨块/缩放及道路通行未闭合。,evidence/host/logs/test-native-r03.log; evidence/host/logs/test-native-ground-stream.log; docs/native-pc-visual/evidence/firebase-20260928/SOURCE-REVIEW.md
R03.I05,R03,实现近/中/远地形 LOD、邻块级别约束与接缝处理，保持表面锚点/拾取同步；不能一次缓存全国所有精度网格。,prompts/R03_PROMPT.md:34,ORIGINAL_ZIP,app/src/main/java/game/sanguo/mobile/TerrainSurface.java; app/src/main/java/game/sanguo/mobile/SceneMesh.java; app/src/main/java/game/sanguo/mobile/SceneWorkQueue.java; app/src/main/java/game/sanguo/mobile/FilamentMapView.java,bash scripts/test-native-r03.sh; bash scripts/test-native-ground-stream.sh,17bd3376508499f2681d3e296939452383506a1e,98edd7f758d41b89826d03e6fd1be3366bbea173d679a58bdd5f157b8e9479f4,该行以注明的host/source/CI为证；设备专项见runtime-cases.json,NOT_RUN,EVIDENCE,主机共享边、LOD有限性、受限缓存、局部失效及权威不变已执行；完整实拍跨块/缩放及道路通行未闭合。,evidence/host/logs/test-native-r03.log; evidence/host/logs/test-native-ground-stream.log; docs/native-pc-visual/evidence/firebase-20260928/SOURCE-REVIEW.md
R03.I06,R03,局部 patch 只失效受影响 halo；缓存键包括 map/constraint/generator revision；worker 可取消，上传分帧，摄像机移出后优先级下降。,prompts/R03_PROMPT.md:35,ORIGINAL_ZIP,app/src/main/java/game/sanguo/mobile/TerrainSurface.java; app/src/main/java/game/sanguo/mobile/SceneMesh.java; app/src/main/java/game/sanguo/mobile/SceneWorkQueue.java; app/src/main/java/game/sanguo/mobile/FilamentMapView.java,bash scripts/test-native-r03.sh; bash scripts/test-native-ground-stream.sh,17bd3376508499f2681d3e296939452383506a1e,98edd7f758d41b89826d03e6fd1be3366bbea173d679a58bdd5f157b8e9479f4,该行以注明的host/source/CI为证；设备专项见runtime-cases.json,NOT_RUN,EVIDENCE,主机共享边、LOD有限性、受限缓存、局部失效及权威不变已执行；完整实拍跨块/缩放及道路通行未闭合。,evidence/host/logs/test-native-r03.log; evidence/host/logs/test-native-ground-stream.log; docs/native-pc-visual/evidence/firebase-20260928/SOURCE-REVIEW.md
R03.I07,R03,地图外和 VOID 可加不可交互远景补全，但与玩法格严格分离；不能让背景变为可选择的虚构大陆。,prompts/R03_PROMPT.md:36,ORIGINAL_ZIP,app/src/main/java/game/sanguo/mobile/TerrainSurface.java; app/src/main/java/game/sanguo/mobile/SceneMesh.java; app/src/main/java/game/sanguo/mobile/SceneWorkQueue.java; app/src/main/java/game/sanguo/mobile/FilamentMapView.java,bash scripts/test-native-r03.sh; bash scripts/test-native-ground-stream.sh,17bd3376508499f2681d3e296939452383506a1e,98edd7f758d41b89826d03e6fd1be3366bbea173d679a58bdd5f157b8e9479f4,该行以注明的host/source/CI为证；设备专项见runtime-cases.json,NOT_RUN,EVIDENCE,主机共享边、LOD有限性、受限缓存、局部失效及权威不变已执行；完整实拍跨块/缩放及道路通行未闭合。,evidence/host/logs/test-native-r03.log; evidence/host/logs/test-native-ground-stream.log; docs/native-pc-visual/evidence/firebase-20260928/SOURCE-REVIEW.md
R03.I08,R03,在一个真实跨块代表区实拍山脉/谷地/平原改造前后，并输出关闭网格视角；对未平滑的硬约束边界明确记录后续 R05。,prompts/R03_PROMPT.md:37,ORIGINAL_ZIP,app/src/main/java/game/sanguo/mobile/TerrainSurface.java; app/src/main/java/game/sanguo/mobile/SceneMesh.java; app/src/main/java/game/sanguo/mobile/SceneWorkQueue.java; app/src/main/java/game/sanguo/mobile/FilamentMapView.java,bash scripts/test-native-r03.sh; bash scripts/test-native-ground-stream.sh,17bd3376508499f2681d3e296939452383506a1e,98edd7f758d41b89826d03e6fd1be3366bbea173d679a58bdd5f157b8e9479f4,该行以注明的host/source/CI为证；设备专项见runtime-cases.json,NOT_RUN,EVIDENCE,主机共享边、LOD有限性、受限缓存、局部失效及权威不变已执行；完整实拍跨块/缩放及道路通行未闭合。,evidence/host/logs/test-native-r03.log; evidence/host/logs/test-native-ground-stream.log; docs/native-pc-visual/evidence/firebase-20260928/SOURCE-REVIEW.md
R03.V01,R03,分块共享边顶点/高度/法线/材质坐标一致；LOD 邻接组合无 NaN/索引越界/可见裂缝。,prompts/R03_PROMPT.md:41,ORIGINAL_ZIP,app/src/main/java/game/sanguo/mobile/TerrainSurface.java; app/src/main/java/game/sanguo/mobile/SceneMesh.java; app/src/main/java/game/sanguo/mobile/SceneWorkQueue.java; app/src/main/java/game/sanguo/mobile/FilamentMapView.java,bash scripts/test-native-r03.sh; bash scripts/test-native-ground-stream.sh,17bd3376508499f2681d3e296939452383506a1e,98edd7f758d41b89826d03e6fd1be3366bbea173d679a58bdd5f157b8e9479f4,该行以注明的host/source/CI为证；设备专项见runtime-cases.json,NOT_RUN,EVIDENCE,主机共享边、LOD有限性、受限缓存、局部失效及权威不变已执行；完整实拍跨块/缩放及道路通行未闭合。,evidence/host/logs/test-native-r03.log; evidence/host/logs/test-native-ground-stream.log; docs/native-pc-visual/evidence/firebase-20260928/SOURCE-REVIEW.md
R03.V02,R03,地形单点编辑后，未受影响块 identity/hash 不变；变化只限约定邻域。,prompts/R03_PROMPT.md:42,ORIGINAL_ZIP,app/src/main/java/game/sanguo/mobile/TerrainSurface.java; app/src/main/java/game/sanguo/mobile/SceneMesh.java; app/src/main/java/game/sanguo/mobile/SceneWorkQueue.java; app/src/main/java/game/sanguo/mobile/FilamentMapView.java,bash scripts/test-native-r03.sh; bash scripts/test-native-ground-stream.sh,17bd3376508499f2681d3e296939452383506a1e,98edd7f758d41b89826d03e6fd1be3366bbea173d679a58bdd5f157b8e9479f4,该行以注明的host/source/CI为证；设备专项见runtime-cases.json,PASS,NONE,原NativeR03Test在两种格布局改单点，32未受影响块identity不变、4块变化，并与全新重建逐数组比较。,evidence/host/logs/test-native-r03.log; evidence/host/logs/test-native-ground-stream.log; docs/native-pc-visual/evidence/firebase-20260928/SOURCE-REVIEW.md
R03.V03,R03,全地图逻辑地形、可达性、据点坐标、占地、规则 RNG 哈希与基线一致。,prompts/R03_PROMPT.md:43,ORIGINAL_ZIP,app/src/main/java/game/sanguo/mobile/TerrainSurface.java; app/src/main/java/game/sanguo/mobile/SceneMesh.java; app/src/main/java/game/sanguo/mobile/SceneWorkQueue.java; app/src/main/java/game/sanguo/mobile/FilamentMapView.java,bash scripts/test-native-r03.sh; bash scripts/test-native-ground-stream.sh,17bd3376508499f2681d3e296939452383506a1e,98edd7f758d41b89826d03e6fd1be3366bbea173d679a58bdd5f157b8e9479f4,该行以注明的host/source/CI为证；设备专项见runtime-cases.json,NOT_RUN,EVIDENCE,主机共享边、LOD有限性、受限缓存、局部失效及权威不变已执行；完整实拍跨块/缩放及道路通行未闭合。,evidence/host/logs/test-native-r03.log; evidence/host/logs/test-native-ground-stream.log; docs/native-pc-visual/evidence/firebase-20260928/SOURCE-REVIEW.md
R03.V04,R03,城门/港口/关隘路面可实际走；拾取与渲染表面一致，近远 LOD 不使单位突然升降。,prompts/R03_PROMPT.md:44,ORIGINAL_ZIP,app/src/main/java/game/sanguo/mobile/TerrainSurface.java; app/src/main/java/game/sanguo/mobile/SceneMesh.java; app/src/main/java/game/sanguo/mobile/SceneWorkQueue.java; app/src/main/java/game/sanguo/mobile/FilamentMapView.java,bash scripts/test-native-r03.sh; bash scripts/test-native-ground-stream.sh,17bd3376508499f2681d3e296939452383506a1e,98edd7f758d41b89826d03e6fd1be3366bbea173d679a58bdd5f157b8e9479f4,该行以注明的host/source/CI为证；设备专项见runtime-cases.json,NOT_RUN,EVIDENCE,主机共享边、LOD有限性、受限缓存、局部失效及权威不变已执行；完整实拍跨块/缩放及道路通行未闭合。,evidence/host/logs/test-native-r03.log; evidence/host/logs/test-native-ground-stream.log; docs/native-pc-visual/evidence/firebase-20260928/SOURCE-REVIEW.md
R03.V05,R03,实际 APK 连续拖动跨块/缩放，观察无孔洞、山体周期性跳变或大面积加载停顿。,prompts/R03_PROMPT.md:45,ORIGINAL_ZIP,app/src/main/java/game/sanguo/mobile/TerrainSurface.java; app/src/main/java/game/sanguo/mobile/SceneMesh.java; app/src/main/java/game/sanguo/mobile/SceneWorkQueue.java; app/src/main/java/game/sanguo/mobile/FilamentMapView.java,bash scripts/test-native-r03.sh; bash scripts/test-native-ground-stream.sh,17bd3376508499f2681d3e296939452383506a1e,98edd7f758d41b89826d03e6fd1be3366bbea173d679a58bdd5f157b8e9479f4,该行以注明的host/source/CI为证；设备专项见runtime-cases.json,NOT_RUN,EVIDENCE,主机共享边、LOD有限性、受限缓存、局部失效及权威不变已执行；完整实拍跨块/缩放及道路通行未闭合。,evidence/host/logs/test-native-r03.log; evidence/host/logs/test-native-ground-stream.log; docs/native-pc-visual/evidence/firebase-20260928/SOURCE-REVIEW.md
R03.G01,R03,地形几何连续且可玩；允许暂用 R00 材质，但不能用纯色贴图模糊几何问题。若实际地图仍每格山包，阶段不可 PASS。,prompts/R03_PROMPT.md:51,ORIGINAL_ZIP,app/src/main/java/game/sanguo/mobile/TerrainSurface.java; app/src/main/java/game/sanguo/mobile/SceneMesh.java; app/src/main/java/game/sanguo/mobile/SceneWorkQueue.java; app/src/main/java/game/sanguo/mobile/FilamentMapView.java,bash scripts/test-native-r03.sh; bash scripts/test-native-ground-stream.sh,17bd3376508499f2681d3e296939452383506a1e,98edd7f758d41b89826d03e6fd1be3366bbea173d679a58bdd5f157b8e9479f4,该行以注明的host/source/CI为证；设备专项见runtime-cases.json,NOT_RUN,EVIDENCE,主机共享边、LOD有限性、受限缓存、局部失效及权威不变已执行；完整实拍跨块/缩放及道路通行未闭合。,evidence/host/logs/test-native-r03.log; evidence/host/logs/test-native-ground-stream.log; docs/native-pc-visual/evidence/firebase-20260928/SOURCE-REVIEW.md
R03.D01,R03,连续场/约束/LOD/增量更新源码与测试、区域参数和生成器版本、跨块实拍/录屏、APK、R03 交接与剩余地貌缺陷。,prompts/R03_PROMPT.md:57,ORIGINAL_ZIP,app/src/main/java/game/sanguo/mobile/TerrainSurface.java; app/src/main/java/game/sanguo/mobile/SceneMesh.java; app/src/main/java/game/sanguo/mobile/SceneWorkQueue.java; app/src/main/java/game/sanguo/mobile/FilamentMapView.java,bash scripts/test-native-r03.sh; bash scripts/test-native-ground-stream.sh,17bd3376508499f2681d3e296939452383506a1e,98edd7f758d41b89826d03e6fd1be3366bbea173d679a58bdd5f157b8e9479f4,该行以注明的host/source/CI为证；设备专项见runtime-cases.json,NOT_RUN,EVIDENCE,主机共享边、LOD有限性、受限缓存、局部失效及权威不变已执行；完整实拍跨块/缩放及道路通行未闭合。,evidence/host/logs/test-native-r03.log; evidence/host/logs/test-native-ground-stream.log; docs/native-pc-visual/evidence/firebase-20260928/SOURCE-REVIEW.md
R04.I01,R04,检查当前四层材质为什么仍出现补丁：权重边界、世界 UV 尺度、过强色差、纹理周期、法线/曝光错误分别定位，不能只再增加一张噪声图。,prompts/R04_PROMPT.md:30,ORIGINAL_ZIP,app/src/main/java/game/sanguo/mobile/TerrainMaterialField.java; app/src/main/java/game/sanguo/mobile/TerrainMaterialLod.java; app/src/main/java/game/sanguo/mobile/TerrainSurface.java; app/src/main/java/game/sanguo/mobile/SceneMesh.java; app/src/main/java/game/sanguo/mobile/FilamentMapView.java,bash scripts/test-native-r04.sh; python3 scripts/test-native-overview-material.py,17bd3376508499f2681d3e296939452383506a1e,98edd7f758d41b89826d03e6fd1be3366bbea173d679a58bdd5f157b8e9479f4,该行以注明的host/source/CI为证；设备专项见runtime-cases.json,NOT_RUN,EVIDENCE,主机材质检查已执行，真机材质有实际画面；PC匹配、全画质/方向/mip与颜色安装矩阵不足。,evidence/host/logs/test-native-r04.log; evidence/host/logs/test-native-overview-material-jdk17.log; docs/native-pc-visual/evidence/firebase-20260928/SOURCE-REVIEW.md
R04.I02,R04,为草/土/岩/沙生产或合法取得实际可平铺贴图并统一色板、尺度与细节；补最必要的林下/泥岸/农田表现时控制采样成本。旧纹理可复用，但证明其视觉质量，不靠改文件名。,prompts/R04_PROMPT.md:31,ORIGINAL_ZIP,app/src/main/java/game/sanguo/mobile/TerrainMaterialField.java; app/src/main/java/game/sanguo/mobile/TerrainMaterialLod.java; app/src/main/java/game/sanguo/mobile/TerrainSurface.java; app/src/main/java/game/sanguo/mobile/SceneMesh.java; app/src/main/java/game/sanguo/mobile/FilamentMapView.java,bash scripts/test-native-r04.sh; python3 scripts/test-native-overview-material.py,17bd3376508499f2681d3e296939452383506a1e,98edd7f758d41b89826d03e6fd1be3366bbea173d679a58bdd5f157b8e9479f4,该行以注明的host/source/CI为证；设备专项见runtime-cases.json,NOT_RUN,EVIDENCE,主机材质检查已执行，真机材质有实际画面；PC匹配、全画质/方向/mip与颜色安装矩阵不足。,evidence/host/logs/test-native-r04.log; evidence/host/logs/test-native-overview-material-jdk17.log; docs/native-pc-visual/evidence/firebase-20260928/SOURCE-REVIEW.md
R04.I03,R04,完善全局非负归一化权重、坡度/高度/区域约束与平滑过渡；不要把硬性水陆/城路约束一起高斯模糊。各类地貌仍应可辨，不能全图混成同一泥色。,prompts/R04_PROMPT.md:32,ORIGINAL_ZIP,app/src/main/java/game/sanguo/mobile/TerrainMaterialField.java; app/src/main/java/game/sanguo/mobile/TerrainMaterialLod.java; app/src/main/java/game/sanguo/mobile/TerrainSurface.java; app/src/main/java/game/sanguo/mobile/SceneMesh.java; app/src/main/java/game/sanguo/mobile/FilamentMapView.java,bash scripts/test-native-r04.sh; python3 scripts/test-native-overview-material.py,17bd3376508499f2681d3e296939452383506a1e,98edd7f758d41b89826d03e6fd1be3366bbea173d679a58bdd5f157b8e9479f4,该行以注明的host/source/CI为证；设备专项见runtime-cases.json,NOT_RUN,EVIDENCE,主机材质检查已执行，真机材质有实际画面；PC匹配、全画质/方向/mip与颜色安装矩阵不足。,evidence/host/logs/test-native-r04.log; evidence/host/logs/test-native-overview-material-jdk17.log; docs/native-pc-visual/evidence/firebase-20260928/SOURCE-REVIEW.md
R04.I04,R04,使用 world-space UV 与宏观低频颜色/受控细节去重复；跨格/块同一尺度。法线、roughness、数据图保持线性，颜色贴图 sRGB，检查输出编码不重复。,prompts/R04_PROMPT.md:33,ORIGINAL_ZIP,app/src/main/java/game/sanguo/mobile/TerrainMaterialField.java; app/src/main/java/game/sanguo/mobile/TerrainMaterialLod.java; app/src/main/java/game/sanguo/mobile/TerrainSurface.java; app/src/main/java/game/sanguo/mobile/SceneMesh.java; app/src/main/java/game/sanguo/mobile/FilamentMapView.java,bash scripts/test-native-r04.sh; python3 scripts/test-native-overview-material.py,17bd3376508499f2681d3e296939452383506a1e,98edd7f758d41b89826d03e6fd1be3366bbea173d679a58bdd5f157b8e9479f4,该行以注明的host/source/CI为证；设备专项见runtime-cases.json,NOT_RUN,EVIDENCE,主机材质检查已执行，真机材质有实际画面；PC匹配、全画质/方向/mip与颜色安装矩阵不足。,evidence/host/logs/test-native-r04.log; evidence/host/logs/test-native-overview-material-jdk17.log; docs/native-pc-visual/evidence/firebase-20260928/SOURCE-REVIEW.md
R04.I05,R04,配合当前后端正式材质实现，Filament 用同版本 matc 离线编译，纯 GLES 用对应 GLSL；将源码、编译脚本、hash、实际加载路径写清。,prompts/R04_PROMPT.md:34,ORIGINAL_ZIP,app/src/main/java/game/sanguo/mobile/TerrainMaterialField.java; app/src/main/java/game/sanguo/mobile/TerrainMaterialLod.java; app/src/main/java/game/sanguo/mobile/TerrainSurface.java; app/src/main/java/game/sanguo/mobile/SceneMesh.java; app/src/main/java/game/sanguo/mobile/FilamentMapView.java,bash scripts/test-native-r04.sh; python3 scripts/test-native-overview-material.py,17bd3376508499f2681d3e296939452383506a1e,98edd7f758d41b89826d03e6fd1be3366bbea173d679a58bdd5f157b8e9479f4,该行以注明的host/source/CI为证；设备专项见runtime-cases.json,NOT_RUN,EVIDENCE,主机材质检查已执行，真机材质有实际画面；PC匹配、全画质/方向/mip与颜色安装矩阵不足。,evidence/host/logs/test-native-r04.log; evidence/host/logs/test-native-overview-material-jdk17.log; docs/native-pc-visual/evidence/firebase-20260928/SOURCE-REVIEW.md
R04.I06,R04,低/中/高画质保持相同地貌身份；低档可以省法线/细节，不能退回整块纯色棋盘。测量新增采样、上传和纹理内存估算。,prompts/R04_PROMPT.md:35,ORIGINAL_ZIP,app/src/main/java/game/sanguo/mobile/TerrainMaterialField.java; app/src/main/java/game/sanguo/mobile/TerrainMaterialLod.java; app/src/main/java/game/sanguo/mobile/TerrainSurface.java; app/src/main/java/game/sanguo/mobile/SceneMesh.java; app/src/main/java/game/sanguo/mobile/FilamentMapView.java,bash scripts/test-native-r04.sh; python3 scripts/test-native-overview-material.py,17bd3376508499f2681d3e296939452383506a1e,98edd7f758d41b89826d03e6fd1be3366bbea173d679a58bdd5f157b8e9479f4,该行以注明的host/source/CI为证；设备专项见runtime-cases.json,NOT_RUN,EVIDENCE,主机材质检查已执行，真机材质有实际画面；PC匹配、全画质/方向/mip与颜色安装矩阵不足。,evidence/host/logs/test-native-r04.log; evidence/host/logs/test-native-overview-material-jdk17.log; docs/native-pc-visual/evidence/firebase-20260928/SOURCE-REVIEW.md
R04.I07,R04,选真实跨块场景做至少草土/山岩/沙地/农田过渡对照；完成 V1 的 PC 参考与 APK 原始截图，记录尚缺的建筑/水岸元素，不夸称整体 PC 效果已完成。,prompts/R04_PROMPT.md:36,ORIGINAL_ZIP,app/src/main/java/game/sanguo/mobile/TerrainMaterialField.java; app/src/main/java/game/sanguo/mobile/TerrainMaterialLod.java; app/src/main/java/game/sanguo/mobile/TerrainSurface.java; app/src/main/java/game/sanguo/mobile/SceneMesh.java; app/src/main/java/game/sanguo/mobile/FilamentMapView.java,bash scripts/test-native-r04.sh; python3 scripts/test-native-overview-material.py,17bd3376508499f2681d3e296939452383506a1e,98edd7f758d41b89826d03e6fd1be3366bbea173d679a58bdd5f157b8e9479f4,该行以注明的host/source/CI为证；设备专项见runtime-cases.json,BLOCKED,REFERENCE_EVIDENCE,主机材质检查已执行，真机材质有实际画面；PC匹配、全画质/方向/mip与颜色安装矩阵不足。 现有参考索引有图，但区域/季节/相机/版本不全，未取得此条所需可比图组。,evidence/host/logs/test-native-r04.log; evidence/host/logs/test-native-overview-material-jdk17.log; docs/native-pc-visual/evidence/firebase-20260928/SOURCE-REVIEW.md
R04.V01,R04,权重非负/归一化/全零兜底、边界共享、UV 连续、mip、色彩空间和质量分档测试。,prompts/R04_PROMPT.md:40,ORIGINAL_ZIP,app/src/main/java/game/sanguo/mobile/TerrainMaterialField.java; app/src/main/java/game/sanguo/mobile/TerrainMaterialLod.java; app/src/main/java/game/sanguo/mobile/TerrainSurface.java; app/src/main/java/game/sanguo/mobile/SceneMesh.java; app/src/main/java/game/sanguo/mobile/FilamentMapView.java,bash scripts/test-native-r04.sh; python3 scripts/test-native-overview-material.py,17bd3376508499f2681d3e296939452383506a1e,98edd7f758d41b89826d03e6fd1be3366bbea173d679a58bdd5f157b8e9479f4,该行以注明的host/source/CI为证；设备专项见runtime-cases.json,NOT_RUN,EVIDENCE,主机材质检查已执行，真机材质有实际画面；PC匹配、全画质/方向/mip与颜色安装矩阵不足。,evidence/host/logs/test-native-r04.log; evidence/host/logs/test-native-overview-material-jdk17.log; docs/native-pc-visual/evidence/firebase-20260928/SOURCE-REVIEW.md
R04.V02,R04,相同地区近/中/远景、至少两方向，移动录屏无强烈棋盘、重复波纹或纹理闪烁。,prompts/R04_PROMPT.md:41,ORIGINAL_ZIP,app/src/main/java/game/sanguo/mobile/TerrainMaterialField.java; app/src/main/java/game/sanguo/mobile/TerrainMaterialLod.java; app/src/main/java/game/sanguo/mobile/TerrainSurface.java; app/src/main/java/game/sanguo/mobile/SceneMesh.java; app/src/main/java/game/sanguo/mobile/FilamentMapView.java,bash scripts/test-native-r04.sh; python3 scripts/test-native-overview-material.py,17bd3376508499f2681d3e296939452383506a1e,98edd7f758d41b89826d03e6fd1be3366bbea173d679a58bdd5f157b8e9479f4,该行以注明的host/source/CI为证；设备专项见runtime-cases.json,NOT_RUN,EVIDENCE,主机材质检查已执行，真机材质有实际画面；PC匹配、全画质/方向/mip与颜色安装矩阵不足。,evidence/host/logs/test-native-r04.log; evidence/host/logs/test-native-overview-material-jdk17.log; docs/native-pc-visual/evidence/firebase-20260928/SOURCE-REVIEW.md
R04.V03,R04,Shader/材质在实际设备或声明的模拟器后端可创建/绘制；失败不能静默回 unlit 而声称通过。,prompts/R04_PROMPT.md:42,ORIGINAL_ZIP,app/src/main/java/game/sanguo/mobile/TerrainMaterialField.java; app/src/main/java/game/sanguo/mobile/TerrainMaterialLod.java; app/src/main/java/game/sanguo/mobile/TerrainSurface.java; app/src/main/java/game/sanguo/mobile/SceneMesh.java; app/src/main/java/game/sanguo/mobile/FilamentMapView.java,bash scripts/test-native-r04.sh; python3 scripts/test-native-overview-material.py,17bd3376508499f2681d3e296939452383506a1e,98edd7f758d41b89826d03e6fd1be3366bbea173d679a58bdd5f157b8e9479f4,该行以注明的host/source/CI为证；设备专项见runtime-cases.json,NOT_RUN,EVIDENCE,主机材质检查已执行，真机材质有实际画面；PC匹配、全画质/方向/mip与颜色安装矩阵不足。,evidence/host/logs/test-native-r04.log; evidence/host/logs/test-native-overview-material-jdk17.log; docs/native-pc-visual/evidence/firebase-20260928/SOURCE-REVIEW.md
R04.V04,R04,材质变化不修改 terrain type/map hash/行军与战斗结果。,prompts/R04_PROMPT.md:43,ORIGINAL_ZIP,app/src/main/java/game/sanguo/mobile/TerrainMaterialField.java; app/src/main/java/game/sanguo/mobile/TerrainMaterialLod.java; app/src/main/java/game/sanguo/mobile/TerrainSurface.java; app/src/main/java/game/sanguo/mobile/SceneMesh.java; app/src/main/java/game/sanguo/mobile/FilamentMapView.java,bash scripts/test-native-r04.sh; python3 scripts/test-native-overview-material.py,17bd3376508499f2681d3e296939452383506a1e,98edd7f758d41b89826d03e6fd1be3366bbea173d679a58bdd5f157b8e9479f4,该行以注明的host/source/CI为证；设备专项见runtime-cases.json,NOT_RUN,EVIDENCE,主机材质检查已执行，真机材质有实际画面；PC匹配、全画质/方向/mip与颜色安装矩阵不足。,evidence/host/logs/test-native-r04.log; evidence/host/logs/test-native-overview-material-jdk17.log; docs/native-pc-visual/evidence/firebase-20260928/SOURCE-REVIEW.md
R04.V05,R04,与基线比较资源/包体变化并记录，有 reference 缺失则明确阻塞视觉对照。,prompts/R04_PROMPT.md:44,ORIGINAL_ZIP,app/src/main/java/game/sanguo/mobile/TerrainMaterialField.java; app/src/main/java/game/sanguo/mobile/TerrainMaterialLod.java; app/src/main/java/game/sanguo/mobile/TerrainSurface.java; app/src/main/java/game/sanguo/mobile/SceneMesh.java; app/src/main/java/game/sanguo/mobile/FilamentMapView.java,bash scripts/test-native-r04.sh; python3 scripts/test-native-overview-material.py,17bd3376508499f2681d3e296939452383506a1e,98edd7f758d41b89826d03e6fd1be3366bbea173d679a58bdd5f157b8e9479f4,该行以注明的host/source/CI为证；设备专项见runtime-cases.json,NOT_RUN,EVIDENCE,主机材质检查已执行，真机材质有实际画面；PC匹配、全画质/方向/mip与颜色安装矩阵不足。,evidence/host/logs/test-native-r04.log; evidence/host/logs/test-native-overview-material-jdk17.log; docs/native-pc-visual/evidence/firebase-20260928/SOURCE-REVIEW.md
R04.G01,R04,V1：真实 APK 跨块地形在关网格时不再有明显逐格纯色补丁。代码能混合不等于效果过关；仍像棋盘就继续修。无 PC 参考不能宣称 PC 对照通过。,prompts/R04_PROMPT.md:50,ORIGINAL_ZIP,app/src/main/java/game/sanguo/mobile/TerrainMaterialField.java; app/src/main/java/game/sanguo/mobile/TerrainMaterialLod.java; app/src/main/java/game/sanguo/mobile/TerrainSurface.java; app/src/main/java/game/sanguo/mobile/SceneMesh.java; app/src/main/java/game/sanguo/mobile/FilamentMapView.java,bash scripts/test-native-r04.sh; python3 scripts/test-native-overview-material.py,17bd3376508499f2681d3e296939452383506a1e,98edd7f758d41b89826d03e6fd1be3366bbea173d679a58bdd5f157b8e9479f4,该行以注明的host/source/CI为证；设备专项见runtime-cases.json,BLOCKED,REFERENCE_EVIDENCE,主机材质检查已执行，真机材质有实际画面；PC匹配、全画质/方向/mip与颜色安装矩阵不足。 现有参考索引有图，但区域/季节/相机/版本不全，未取得此条所需可比图组。,evidence/host/logs/test-native-r04.log; evidence/host/logs/test-native-overview-material-jdk17.log; docs/native-pc-visual/evidence/firebase-20260928/SOURCE-REVIEW.md
R04.D01,R04,实际纹理/材质及生产源/许可清单、shader 构建/校验、V1 对照与缺陷、APK、R04 交接。,prompts/R04_PROMPT.md:56,ORIGINAL_ZIP,app/src/main/java/game/sanguo/mobile/TerrainMaterialField.java; app/src/main/java/game/sanguo/mobile/TerrainMaterialLod.java; app/src/main/java/game/sanguo/mobile/TerrainSurface.java; app/src/main/java/game/sanguo/mobile/SceneMesh.java; app/src/main/java/game/sanguo/mobile/FilamentMapView.java,bash scripts/test-native-r04.sh; python3 scripts/test-native-overview-material.py,17bd3376508499f2681d3e296939452383506a1e,98edd7f758d41b89826d03e6fd1be3366bbea173d679a58bdd5f157b8e9479f4,该行以注明的host/source/CI为证；设备专项见runtime-cases.json,NOT_RUN,EVIDENCE,主机材质检查已执行，真机材质有实际画面；PC匹配、全画质/方向/mip与颜色安装矩阵不足。,evidence/host/logs/test-native-r04.log; evidence/host/logs/test-native-overview-material-jdk17.log; docs/native-pc-visual/evidence/firebase-20260928/SOURCE-REVIEW.md
R05.I01,R05,从正式不可变地图投影取得水域连通分量、岸边、港口邻接与可航行格；视觉系统不得自己定义新的长江/黄河路线或移动港口。,prompts/R05_PROMPT.md:30,ORIGINAL_ZIP,app/src/main/java/game/sanguo/mobile/WaterVisualField.java; app/src/main/java/game/sanguo/mobile/TerrainSurface.java; app/src/main/java/game/sanguo/mobile/SceneMesh.java; app/src/main/java/game/sanguo/mobile/FilamentMapView.java,bash scripts/test-native-r05.sh,17bd3376508499f2681d3e296939452383506a1e,98edd7f758d41b89826d03e6fd1be3366bbea173d679a58bdd5f157b8e9479f4,该行以注明的host/source/CI为证；设备专项见runtime-cases.json,NOT_RUN,EVIDENCE,主机拓扑、oracle/refinement/winding、港口测试已执行；几何阶梯岸线是已证缺口，真机上下船和沿河完整录屏未执行。,evidence/host/logs/test-native-r05.log; docs/native-pc-visual/evidence/firebase-20260928/SOURCE-REVIEW.md
R05.I02,R05,用 water mask 派生连续轮廓、signed distance/岸距、必要的受约束曲线；现有河网若可复用就完善。曲线只细化既有水域及允许的岸边过渡带，不穿陆格中心、不填断水格通道。,prompts/R05_PROMPT.md:31,ORIGINAL_ZIP,app/src/main/java/game/sanguo/mobile/WaterVisualField.java; app/src/main/java/game/sanguo/mobile/TerrainSurface.java; app/src/main/java/game/sanguo/mobile/SceneMesh.java; app/src/main/java/game/sanguo/mobile/FilamentMapView.java,bash scripts/test-native-r05.sh,17bd3376508499f2681d3e296939452383506a1e,98edd7f758d41b89826d03e6fd1be3366bbea173d679a58bdd5f157b8e9479f4,该行以注明的host/source/CI为证；设备专项见runtime-cases.json,NOT_RUN,EVIDENCE,主机拓扑、oracle/refinement/winding、港口测试已执行；几何阶梯岸线是已证缺口，真机上下船和沿河完整录屏未执行。,evidence/host/logs/test-native-r05.log; docs/native-pc-visual/evidence/firebase-20260928/SOURCE-REVIEW.md
R05.I03,R05,对阶梯岸线采用约束简化/细化和过渡带；水域中心可航行性、关隘咽喉和最窄河道保持可读。极端窄口优先玩法清晰，不能用大曲率硬平滑。,prompts/R05_PROMPT.md:32,ORIGINAL_ZIP,app/src/main/java/game/sanguo/mobile/WaterVisualField.java; app/src/main/java/game/sanguo/mobile/TerrainSurface.java; app/src/main/java/game/sanguo/mobile/SceneMesh.java; app/src/main/java/game/sanguo/mobile/FilamentMapView.java,bash scripts/test-native-r05.sh,17bd3376508499f2681d3e296939452383506a1e,98edd7f758d41b89826d03e6fd1be3366bbea173d679a58bdd5f157b8e9479f4,Pixel8/shiba API35; GalaxyS9/starlte API29,FAIL,IMPLEMENTATION_VISUAL,WaterVisualField矩形并集轮廓及两API原图均确认阶梯岸线，受约束几何细化未完成。,evidence/host/logs/test-native-r05.log; docs/native-pc-visual/evidence/firebase-20260928/SOURCE-REVIEW.md; evidence/first-raw/raw-first/api35-1/shiba-35-zh_CN-landscape/artifacts/sdcard/Android/data/game.sanguo.mobile.dev/files/s01/cold-started-game-surface.png; evidence/api29-first/firebase-results/raw/api29-1/starlte-29-zh_CN-landscape/artifacts/sdcard/Android/data/game.sanguo.mobile.dev/files/s01/cold-started-game-screen.png
R05.I04,R05,建立岸底/浅水/深水的颜色和深度层次，协调泥岸、沙岸、岩岸材质与地形；湖面、河段共享必要接点，块接缝不露缝。,prompts/R05_PROMPT.md:33,ORIGINAL_ZIP,app/src/main/java/game/sanguo/mobile/WaterVisualField.java; app/src/main/java/game/sanguo/mobile/TerrainSurface.java; app/src/main/java/game/sanguo/mobile/SceneMesh.java; app/src/main/java/game/sanguo/mobile/FilamentMapView.java,bash scripts/test-native-r05.sh,17bd3376508499f2681d3e296939452383506a1e,98edd7f758d41b89826d03e6fd1be3366bbea173d679a58bdd5f157b8e9479f4,该行以注明的host/source/CI为证；设备专项见runtime-cases.json,NOT_RUN,EVIDENCE,主机拓扑、oracle/refinement/winding、港口测试已执行；几何阶梯岸线是已证缺口，真机上下船和沿河完整录屏未执行。,evidence/host/logs/test-native-r05.log; docs/native-pc-visual/evidence/firebase-20260928/SOURCE-REVIEW.md
R05.I05,R05,完善波纹/流向/岸边细节，处理透明/排序/反射成本；先采用移动端稳定简化，不强制实时平面反射或屏幕空间折射。风格不能蓝得像发光塑料。,prompts/R05_PROMPT.md:34,ORIGINAL_ZIP,app/src/main/java/game/sanguo/mobile/WaterVisualField.java; app/src/main/java/game/sanguo/mobile/TerrainSurface.java; app/src/main/java/game/sanguo/mobile/SceneMesh.java; app/src/main/java/game/sanguo/mobile/FilamentMapView.java,bash scripts/test-native-r05.sh,17bd3376508499f2681d3e296939452383506a1e,98edd7f758d41b89826d03e6fd1be3366bbea173d679a58bdd5f157b8e9479f4,该行以注明的host/source/CI为证；设备专项见runtime-cases.json,NOT_RUN,EVIDENCE,主机拓扑、oracle/refinement/winding、港口测试已执行；几何阶梯岸线是已证缺口，真机上下船和沿河完整录屏未执行。,evidence/host/logs/test-native-r05.log; docs/native-pc-visual/evidence/firebase-20260928/SOURCE-REVIEW.md
R05.I06,R05,港口栈桥/船只水位和地形锚点接入同源表面；水面拾取、船路径显示、浮标/标签采用一致高度。视觉船只不因为平滑岸线穿陆。,prompts/R05_PROMPT.md:35,ORIGINAL_ZIP,app/src/main/java/game/sanguo/mobile/WaterVisualField.java; app/src/main/java/game/sanguo/mobile/TerrainSurface.java; app/src/main/java/game/sanguo/mobile/SceneMesh.java; app/src/main/java/game/sanguo/mobile/FilamentMapView.java,bash scripts/test-native-r05.sh,17bd3376508499f2681d3e296939452383506a1e,98edd7f758d41b89826d03e6fd1be3366bbea173d679a58bdd5f157b8e9479f4,该行以注明的host/source/CI为证；设备专项见runtime-cases.json,NOT_RUN,EVIDENCE,主机拓扑、oracle/refinement/winding、港口测试已执行；几何阶梯岸线是已证缺口，真机上下船和沿河完整录屏未执行。,evidence/host/logs/test-native-r05.log; docs/native-pc-visual/evidence/firebase-20260928/SOURCE-REVIEW.md
R05.I07,R05,地图编辑改水陆时重建受影响水域/岸线并使旧后台任务失效，不能留下旧河段；记录必要的局部/连通分量重建范围。,prompts/R05_PROMPT.md:36,ORIGINAL_ZIP,app/src/main/java/game/sanguo/mobile/WaterVisualField.java; app/src/main/java/game/sanguo/mobile/TerrainSurface.java; app/src/main/java/game/sanguo/mobile/SceneMesh.java; app/src/main/java/game/sanguo/mobile/FilamentMapView.java,bash scripts/test-native-r05.sh,17bd3376508499f2681d3e296939452383506a1e,98edd7f758d41b89826d03e6fd1be3366bbea173d679a58bdd5f157b8e9479f4,该行以注明的host/source/CI为证；设备专项见runtime-cases.json,NOT_RUN,EVIDENCE,主机拓扑、oracle/refinement/winding、港口测试已执行；几何阶梯岸线是已证缺口，真机上下船和沿河完整录屏未执行。,evidence/host/logs/test-native-r05.log; docs/native-pc-visual/evidence/firebase-20260928/SOURCE-REVIEW.md
R05.V01,R05,水域连通性、可航行格中心、港口邻接、陆路/关口通行矩阵与基线一致。,prompts/R05_PROMPT.md:40,ORIGINAL_ZIP,app/src/main/java/game/sanguo/mobile/WaterVisualField.java; app/src/main/java/game/sanguo/mobile/TerrainSurface.java; app/src/main/java/game/sanguo/mobile/SceneMesh.java; app/src/main/java/game/sanguo/mobile/FilamentMapView.java,bash scripts/test-native-r05.sh,17bd3376508499f2681d3e296939452383506a1e,98edd7f758d41b89826d03e6fd1be3366bbea173d679a58bdd5f157b8e9479f4,该行以注明的host/source/CI为证；设备专项见runtime-cases.json,NOT_RUN,EVIDENCE,主机拓扑、oracle/refinement/winding、港口测试已执行；几何阶梯岸线是已证缺口，真机上下船和沿河完整录屏未执行。,evidence/host/logs/test-native-r05.log; docs/native-pc-visual/evidence/firebase-20260928/SOURCE-REVIEW.md
R05.V02,R05,直河/弯道/合流/湖岸/孤立水块/窄河/地图边缘/跨 chunk、编辑增删水块回归。,prompts/R05_PROMPT.md:41,ORIGINAL_ZIP,app/src/main/java/game/sanguo/mobile/WaterVisualField.java; app/src/main/java/game/sanguo/mobile/TerrainSurface.java; app/src/main/java/game/sanguo/mobile/SceneMesh.java; app/src/main/java/game/sanguo/mobile/FilamentMapView.java,bash scripts/test-native-r05.sh,17bd3376508499f2681d3e296939452383506a1e,98edd7f758d41b89826d03e6fd1be3366bbea173d679a58bdd5f157b8e9479f4,该行以注明的host/source/CI为证；设备专项见runtime-cases.json,NOT_RUN,EVIDENCE,主机拓扑、oracle/refinement/winding、港口测试已执行；几何阶梯岸线是已证缺口，真机上下船和沿河完整录屏未执行。,evidence/host/logs/test-native-r05.log; docs/native-pc-visual/evidence/firebase-20260928/SOURCE-REVIEW.md
R05.V03,R05,岸线无自交/错误 winding/裂缝，水面和 terrain 不严重 z-fight；网格开关后各格语义清楚。,prompts/R05_PROMPT.md:42,ORIGINAL_ZIP,app/src/main/java/game/sanguo/mobile/WaterVisualField.java; app/src/main/java/game/sanguo/mobile/TerrainSurface.java; app/src/main/java/game/sanguo/mobile/SceneMesh.java; app/src/main/java/game/sanguo/mobile/FilamentMapView.java,bash scripts/test-native-r05.sh,17bd3376508499f2681d3e296939452383506a1e,98edd7f758d41b89826d03e6fd1be3366bbea173d679a58bdd5f157b8e9479f4,该行以注明的host/source/CI为证；设备专项见runtime-cases.json,NOT_RUN,EVIDENCE,主机拓扑、oracle/refinement/winding、港口测试已执行；几何阶梯岸线是已证缺口，真机上下船和沿河完整录屏未执行。,evidence/host/logs/test-native-r05.log; docs/native-pc-visual/evidence/firebase-20260928/SOURCE-REVIEW.md
R05.V04,R05,实际部队上下船、船行经弯道与港口、读档/编辑后继续通行。,prompts/R05_PROMPT.md:43,ORIGINAL_ZIP,app/src/main/java/game/sanguo/mobile/WaterVisualField.java; app/src/main/java/game/sanguo/mobile/TerrainSurface.java; app/src/main/java/game/sanguo/mobile/SceneMesh.java; app/src/main/java/game/sanguo/mobile/FilamentMapView.java,bash scripts/test-native-r05.sh,17bd3376508499f2681d3e296939452383506a1e,98edd7f758d41b89826d03e6fd1be3366bbea173d679a58bdd5f157b8e9479f4,该行以注明的host/source/CI为证；设备专项见runtime-cases.json,NOT_RUN,EVIDENCE,主机拓扑、oracle/refinement/winding、港口测试已执行；几何阶梯岸线是已证缺口，真机上下船和沿河完整录屏未执行。,evidence/host/logs/test-native-r05.log; docs/native-pc-visual/evidence/firebase-20260928/SOURCE-REVIEW.md
R05.V05,R05,近中远实拍和沿河拖动录屏，至少一段 PC 参考对应的水岸对照。,prompts/R05_PROMPT.md:44,ORIGINAL_ZIP,app/src/main/java/game/sanguo/mobile/WaterVisualField.java; app/src/main/java/game/sanguo/mobile/TerrainSurface.java; app/src/main/java/game/sanguo/mobile/SceneMesh.java; app/src/main/java/game/sanguo/mobile/FilamentMapView.java,bash scripts/test-native-r05.sh,17bd3376508499f2681d3e296939452383506a1e,98edd7f758d41b89826d03e6fd1be3366bbea173d679a58bdd5f157b8e9479f4,该行以注明的host/source/CI为证；设备专项见runtime-cases.json,BLOCKED,REFERENCE_EVIDENCE,主机拓扑、oracle/refinement/winding、港口测试已执行；几何阶梯岸线是已证缺口，真机上下船和沿河完整录屏未执行。 现有参考索引有图，但区域/季节/相机/版本不全，未取得此条所需可比图组。,evidence/host/logs/test-native-r05.log; docs/native-pc-visual/evidence/firebase-20260928/SOURCE-REVIEW.md
R05.G01,R05,连续岸线和水体在正常玩法内成立，且没有一个视觉平滑改动导致通行/港口语义错误；纯蓝 Hex 或曲线穿陆不可通过。,prompts/R05_PROMPT.md:50,ORIGINAL_ZIP,app/src/main/java/game/sanguo/mobile/WaterVisualField.java; app/src/main/java/game/sanguo/mobile/TerrainSurface.java; app/src/main/java/game/sanguo/mobile/SceneMesh.java; app/src/main/java/game/sanguo/mobile/FilamentMapView.java,bash scripts/test-native-r05.sh,17bd3376508499f2681d3e296939452383506a1e,98edd7f758d41b89826d03e6fd1be3366bbea173d679a58bdd5f157b8e9479f4,Pixel8/shiba API35; GalaxyS9/starlte API29,FAIL,IMPLEMENTATION_VISUAL,正常地图水岸仍显著方形台阶，拓扑主机检查通过不能覆盖连续岸线视觉要求。,evidence/host/logs/test-native-r05.log; docs/native-pc-visual/evidence/firebase-20260928/SOURCE-REVIEW.md; evidence/first-raw/raw-first/api35-1/shiba-35-zh_CN-landscape/artifacts/sdcard/Android/data/game.sanguo.mobile.dev/files/s01/cold-started-game-surface.png; evidence/api29-first/firebase-results/raw/api29-1/starlte-29-zh_CN-landscape/artifacts/sdcard/Android/data/game.sanguo.mobile.dev/files/s01/cold-started-game-screen.png
R05.D01,R05,正式水面/岸线生成与材质、约束/拓扑测试、港口/船路径录屏、纹理/参数清单、APK、R05 交接。,prompts/R05_PROMPT.md:56,ORIGINAL_ZIP,app/src/main/java/game/sanguo/mobile/WaterVisualField.java; app/src/main/java/game/sanguo/mobile/TerrainSurface.java; app/src/main/java/game/sanguo/mobile/SceneMesh.java; app/src/main/java/game/sanguo/mobile/FilamentMapView.java,bash scripts/test-native-r05.sh,17bd3376508499f2681d3e296939452383506a1e,98edd7f758d41b89826d03e6fd1be3366bbea173d679a58bdd5f157b8e9479f4,该行以注明的host/source/CI为证；设备专项见runtime-cases.json,NOT_RUN,EVIDENCE,主机拓扑、oracle/refinement/winding、港口测试已执行；几何阶梯岸线是已证缺口，真机上下船和沿河完整录屏未执行。,evidence/host/logs/test-native-r05.log; docs/native-pc-visual/evidence/firebase-20260928/SOURCE-REVIEW.md
R06.I01,R06,盘点现有 site/field/environment 资源的真实格式与加载子集，列可复用资产和明确占位物；不要先写第二个通用 glTF loader。,prompts/R06_PROMPT.md:30,ORIGINAL_ZIP,app/src/main/java/game/sanguo/mobile/SiteGlb.java; app/src/main/java/game/sanguo/mobile/FieldAssets.java; app/src/main/java/game/sanguo/mobile/SceneAssetQueue.java; app/src/main/java/game/sanguo/mobile/FilamentMapView.java,bash scripts/test-native-r06.sh,17bd3376508499f2681d3e296939452383506a1e,98edd7f758d41b89826d03e6fd1be3366bbea173d679a58bdd5f157b8e9479f4,该行以注明的host/source/CI为证；设备专项见runtime-cases.json,NOT_RUN,EVIDENCE,主机正式资源及恶意输入、当前CI可重复导出已执行；完整真实加载取消/释放和三示范资产各视角真机验收不足。,evidence/host/logs/test-native-r06.log; docs/native-pc-visual/evidence/firebase-20260928/SOURCE-REVIEW.md
R06.I02,R06,固定资产目录、ID/版本/来源/许可/hash、LOD、pivot/单位/朝向、材质/动画支持和正式映射。原始源文件/脚本与 runtime 输出分离；记录可用建模/纹理工具及版本。,prompts/R06_PROMPT.md:31,ORIGINAL_ZIP,app/src/main/java/game/sanguo/mobile/SiteGlb.java; app/src/main/java/game/sanguo/mobile/FieldAssets.java; app/src/main/java/game/sanguo/mobile/SceneAssetQueue.java; app/src/main/java/game/sanguo/mobile/FilamentMapView.java,bash scripts/test-native-r06.sh,17bd3376508499f2681d3e296939452383506a1e,98edd7f758d41b89826d03e6fd1be3366bbea173d679a58bdd5f157b8e9479f4,该行以注明的host/source/CI为证；设备专项见runtime-cases.json,NOT_RUN,EVIDENCE,主机正式资源及恶意输入、当前CI可重复导出已执行；完整真实加载取消/释放和三示范资产各视角真机验收不足。,evidence/host/logs/test-native-r06.log; docs/native-pc-visual/evidence/firebase-20260928/SOURCE-REVIEW.md
R06.I03,R06,实现可重复 CLI 导出/转换：实际支持静态网格与当前刚体动画子集；需要新格式/动画时定义必要最小扩展。保持现有 runtime 和离线材质工具版本匹配。,prompts/R06_PROMPT.md:32,ORIGINAL_ZIP,app/src/main/java/game/sanguo/mobile/SiteGlb.java; app/src/main/java/game/sanguo/mobile/FieldAssets.java; app/src/main/java/game/sanguo/mobile/SceneAssetQueue.java; app/src/main/java/game/sanguo/mobile/FilamentMapView.java,bash scripts/test-native-r06.sh,17bd3376508499f2681d3e296939452383506a1e,98edd7f758d41b89826d03e6fd1be3366bbea173d679a58bdd5f157b8e9479f4,该行以注明的host/source/CI为证；设备专项见runtime-cases.json,NOT_RUN,EVIDENCE,主机正式资源及恶意输入、当前CI可重复导出已执行；完整真实加载取消/释放和三示范资产各视角真机验收不足。,evidence/host/logs/test-native-r06.log; docs/native-pc-visual/evidence/firebase-20260928/SOURCE-REVIEW.md
R06.I04,R06,增加 glTF 格式检查和项目子集检查：长度/索引/offset/stride/component/node transform/数值有界、贴图存在、primitive/预算、所需扩展。支持范围外离线转换或明确拒绝，不静默删骨骼/材质。,prompts/R06_PROMPT.md:33,ORIGINAL_ZIP,app/src/main/java/game/sanguo/mobile/SiteGlb.java; app/src/main/java/game/sanguo/mobile/FieldAssets.java; app/src/main/java/game/sanguo/mobile/SceneAssetQueue.java; app/src/main/java/game/sanguo/mobile/FilamentMapView.java,bash scripts/test-native-r06.sh,17bd3376508499f2681d3e296939452383506a1e,98edd7f758d41b89826d03e6fd1be3366bbea173d679a58bdd5f157b8e9479f4,该行以注明的host/source/CI为证；设备专项见runtime-cases.json,NOT_RUN,EVIDENCE,主机正式资源及恶意输入、当前CI可重复导出已执行；完整真实加载取消/释放和三示范资产各视角真机验收不足。,evidence/host/logs/test-native-r06.log; docs/native-pc-visual/evidence/firebase-20260928/SOURCE-REVIEW.md
R06.I05,R06,加载流程异步解码、共享 CPU rest data/GPU 几何/贴图、按需上传、可取消并引用计数释放；异常资源有诊断和可识别回退，不能直接导致 native crash。,prompts/R06_PROMPT.md:34,ORIGINAL_ZIP,app/src/main/java/game/sanguo/mobile/SiteGlb.java; app/src/main/java/game/sanguo/mobile/FieldAssets.java; app/src/main/java/game/sanguo/mobile/SceneAssetQueue.java; app/src/main/java/game/sanguo/mobile/FilamentMapView.java,bash scripts/test-native-r06.sh,17bd3376508499f2681d3e296939452383506a1e,98edd7f758d41b89826d03e6fd1be3366bbea173d679a58bdd5f157b8e9479f4,该行以注明的host/source/CI为证；设备专项见runtime-cases.json,FAIL,IMPLEMENTATION,部分GLB/pose后台队列存在，但纹理/动画元数据仍同步加载，不能称全加载流程异步。,evidence/host/logs/test-native-r06.log; docs/native-pc-visual/evidence/firebase-20260928/SOURCE-REVIEW.md
R06.I06,R06,做真实示范资产：至少一个有城门/屋顶轮廓的据点组件、一个带实际纹理的树族、一个带运动部件的部队/器械，替换其正式映射并截图；流水线不是只在检视器里可用。,prompts/R06_PROMPT.md:35,ORIGINAL_ZIP,app/src/main/java/game/sanguo/mobile/SiteGlb.java; app/src/main/java/game/sanguo/mobile/FieldAssets.java; app/src/main/java/game/sanguo/mobile/SceneAssetQueue.java; app/src/main/java/game/sanguo/mobile/FilamentMapView.java,bash scripts/test-native-r06.sh,17bd3376508499f2681d3e296939452383506a1e,98edd7f758d41b89826d03e6fd1be3366bbea173d679a58bdd5f157b8e9479f4,该行以注明的host/source/CI为证；设备专项见runtime-cases.json,NOT_RUN,EVIDENCE,主机正式资源及恶意输入、当前CI可重复导出已执行；完整真实加载取消/释放和三示范资产各视角真机验收不足。,evidence/host/logs/test-native-r06.log; docs/native-pc-visual/evidence/firebase-20260928/SOURCE-REVIEW.md
R06.I07,R06,为生成资源/材质建立 clean checkout 可再现校验；若某外部美术工具非构建必需，应随源码提交必要运行时产物，使 Agent 能直接构建 APK。无许可/不支持文件不能偷偷打包。,prompts/R06_PROMPT.md:36,ORIGINAL_ZIP,app/src/main/java/game/sanguo/mobile/SiteGlb.java; app/src/main/java/game/sanguo/mobile/FieldAssets.java; app/src/main/java/game/sanguo/mobile/SceneAssetQueue.java; app/src/main/java/game/sanguo/mobile/FilamentMapView.java,bash scripts/test-native-r06.sh,17bd3376508499f2681d3e296939452383506a1e,98edd7f758d41b89826d03e6fd1be3366bbea173d679a58bdd5f157b8e9479f4,该行以注明的host/source/CI为证；设备专项见runtime-cases.json,NOT_RUN,EVIDENCE,主机正式资源及恶意输入、当前CI可重复导出已执行；完整真实加载取消/释放和三示范资产各视角真机验收不足。,evidence/host/logs/test-native-r06.log; docs/native-pc-visual/evidence/firebase-20260928/SOURCE-REVIEW.md
R06.V01,R06,实际生成/导出→验证→打包→地图加载全链条；重复导出在约定归一化后 hash/结构稳定。,prompts/R06_PROMPT.md:40,ORIGINAL_ZIP,app/src/main/java/game/sanguo/mobile/SiteGlb.java; app/src/main/java/game/sanguo/mobile/FieldAssets.java; app/src/main/java/game/sanguo/mobile/SceneAssetQueue.java; app/src/main/java/game/sanguo/mobile/FilamentMapView.java,bash scripts/test-native-r06.sh,17bd3376508499f2681d3e296939452383506a1e,98edd7f758d41b89826d03e6fd1be3366bbea173d679a58bdd5f157b8e9479f4,该行以注明的host/source/CI为证；设备专项见runtime-cases.json,NOT_RUN,EVIDENCE,主机正式资源及恶意输入、当前CI可重复导出已执行；完整真实加载取消/释放和三示范资产各视角真机验收不足。,evidence/host/logs/test-native-r06.log; docs/native-pc-visual/evidence/firebase-20260928/SOURCE-REVIEW.md
R06.V02,R06,损坏 header/截断 buffer/越界 index/不支持 required extension/超限纹理/路径穿越输入全部安全拒绝。,prompts/R06_PROMPT.md:41,ORIGINAL_ZIP,app/src/main/java/game/sanguo/mobile/SiteGlb.java; app/src/main/java/game/sanguo/mobile/FieldAssets.java; app/src/main/java/game/sanguo/mobile/SceneAssetQueue.java; app/src/main/java/game/sanguo/mobile/FilamentMapView.java,bash scripts/test-native-r06.sh,17bd3376508499f2681d3e296939452383506a1e,98edd7f758d41b89826d03e6fd1be3366bbea173d679a58bdd5f157b8e9479f4,该行以注明的host/source/CI为证；设备专项见runtime-cases.json,PASS,NONE,原NativeR06Test对实际GLB做损坏header/截断/索引/stride/required extension/路径/纹理尺寸攻击，正式解析器拒绝；日志199检查。,evidence/host/logs/test-native-r06.log; docs/native-pc-visual/evidence/firebase-20260928/SOURCE-REVIEW.md
R06.V03,R06,多实例共用资源，删除/读档/切换世界后正确释放，不把共享缓存认作真正 instancing。,prompts/R06_PROMPT.md:42,ORIGINAL_ZIP,app/src/main/java/game/sanguo/mobile/SiteGlb.java; app/src/main/java/game/sanguo/mobile/FieldAssets.java; app/src/main/java/game/sanguo/mobile/SceneAssetQueue.java; app/src/main/java/game/sanguo/mobile/FilamentMapView.java,bash scripts/test-native-r06.sh,17bd3376508499f2681d3e296939452383506a1e,98edd7f758d41b89826d03e6fd1be3366bbea173d679a58bdd5f157b8e9479f4,该行以注明的host/source/CI为证；设备专项见runtime-cases.json,NOT_RUN,EVIDENCE,主机正式资源及恶意输入、当前CI可重复导出已执行；完整真实加载取消/释放和三示范资产各视角真机验收不足。,evidence/host/logs/test-native-r06.log; docs/native-pc-visual/evidence/firebase-20260928/SOURCE-REVIEW.md
R06.V04,R06,代表资源在实际 APK 不缺面、不翻转、不黑材质，锚点/比例正确，源文件可复查。,prompts/R06_PROMPT.md:43,ORIGINAL_ZIP,app/src/main/java/game/sanguo/mobile/SiteGlb.java; app/src/main/java/game/sanguo/mobile/FieldAssets.java; app/src/main/java/game/sanguo/mobile/SceneAssetQueue.java; app/src/main/java/game/sanguo/mobile/FilamentMapView.java,bash scripts/test-native-r06.sh,17bd3376508499f2681d3e296939452383506a1e,98edd7f758d41b89826d03e6fd1be3366bbea173d679a58bdd5f157b8e9479f4,该行以注明的host/source/CI为证；设备专项见runtime-cases.json,NOT_RUN,EVIDENCE,主机正式资源及恶意输入、当前CI可重复导出已执行；完整真实加载取消/释放和三示范资产各视角真机验收不足。,evidence/host/logs/test-native-r06.log; docs/native-pc-visual/evidence/firebase-20260928/SOURCE-REVIEW.md
R06.V05,R06,验证库/工具版本与 CI 实际可安装可执行，不只写 requirements。,prompts/R06_PROMPT.md:44,ORIGINAL_ZIP,app/src/main/java/game/sanguo/mobile/SiteGlb.java; app/src/main/java/game/sanguo/mobile/FieldAssets.java; app/src/main/java/game/sanguo/mobile/SceneAssetQueue.java; app/src/main/java/game/sanguo/mobile/FilamentMapView.java,bash scripts/test-native-r06.sh,17bd3376508499f2681d3e296939452383506a1e,98edd7f758d41b89826d03e6fd1be3366bbea173d679a58bdd5f157b8e9479f4,该行以注明的host/source/CI为证；设备专项见runtime-cases.json,PASS,NONE,当前R06 CI实际安装并执行glTF validator 2.0.0-dev.3.10，171模型零error/warning；matc56实际编译并cmp，工具步骤成功。,evidence/host/logs/test-native-r06.log; docs/native-pc-visual/evidence/firebase-20260928/SOURCE-REVIEW.md; evidence/ci/ci-r06-job.log
R06.G01,R06,资产流水线实际跑通且产物进入正式地图；加载器支持范围、许可、预算清楚。三件示范资产不等于全部建筑/部队美术完成。,prompts/R06_PROMPT.md:50,ORIGINAL_ZIP,app/src/main/java/game/sanguo/mobile/SiteGlb.java; app/src/main/java/game/sanguo/mobile/FieldAssets.java; app/src/main/java/game/sanguo/mobile/SceneAssetQueue.java; app/src/main/java/game/sanguo/mobile/FilamentMapView.java,bash scripts/test-native-r06.sh,17bd3376508499f2681d3e296939452383506a1e,98edd7f758d41b89826d03e6fd1be3366bbea173d679a58bdd5f157b8e9479f4,该行以注明的host/source/CI为证；设备专项见runtime-cases.json,NOT_RUN,EVIDENCE,主机正式资源及恶意输入、当前CI可重复导出已执行；完整真实加载取消/释放和三示范资产各视角真机验收不足。,evidence/host/logs/test-native-r06.log; docs/native-pc-visual/evidence/firebase-20260928/SOURCE-REVIEW.md
R06.D01,R06,导出/校验/加载正式工具与代码、实际示范资产、资产清单/许可/来源、失败输入测试、APK/截图、R06 交接。,prompts/R06_PROMPT.md:56,ORIGINAL_ZIP,app/src/main/java/game/sanguo/mobile/SiteGlb.java; app/src/main/java/game/sanguo/mobile/FieldAssets.java; app/src/main/java/game/sanguo/mobile/SceneAssetQueue.java; app/src/main/java/game/sanguo/mobile/FilamentMapView.java,bash scripts/test-native-r06.sh,17bd3376508499f2681d3e296939452383506a1e,98edd7f758d41b89826d03e6fd1be3366bbea173d679a58bdd5f157b8e9479f4,该行以注明的host/source/CI为证；设备专项见runtime-cases.json,NOT_RUN,EVIDENCE,主机正式资源及恶意输入、当前CI可重复导出已执行；完整真实加载取消/释放和三示范资产各视角真机验收不足。,evidence/host/logs/test-native-r06.log; docs/native-pc-visual/evidence/firebase-20260928/SOURCE-REVIEW.md
R07.I01,R07,从正式地图/剧本/自定义数据汇总所有实际据点和设施类别，不硬编码旧统计。建立每个对象到资产族/地区变体/等级/损毁状态的可验证映射。,prompts/R07_PROMPT.md:30,ORIGINAL_ZIP,app/src/main/java/game/sanguo/mobile/SiteVisual.java; app/src/main/java/game/sanguo/mobile/SiteGlb.java; core/src/main/java/game/sanguo/core/SiteFootprint.java; app/src/main/java/game/sanguo/mobile/FilamentMapView.java,bash scripts/test-native-r07.sh,17bd3376508499f2681d3e296939452383506a1e,98edd7f758d41b89826d03e6fd1be3366bbea173d679a58bdd5f157b8e9479f4,该行以注明的host/source/CI为证；设备专项见runtime-cases.json,NOT_RUN,EVIDENCE,catalog全映射和设施LOD主机检查已执行；据点CRUD、受损、易主、全景别/方向的真机画面未全部执行。,evidence/host/logs/test-native-r07.log; docs/native-pc-visual/evidence/firebase-20260928/SOURCE-REVIEW.md
R07.I02,R07,制作或提升城池模型：城墙、城门、角楼/主楼、内城建筑密度和地基结构；至少三类区域风格的轮廓/屋顶/布局有实质差异。可共享模块，不允许全图同一方盒换旗色。,prompts/R07_PROMPT.md:31,ORIGINAL_ZIP,app/src/main/java/game/sanguo/mobile/SiteVisual.java; app/src/main/java/game/sanguo/mobile/SiteGlb.java; core/src/main/java/game/sanguo/core/SiteFootprint.java; app/src/main/java/game/sanguo/mobile/FilamentMapView.java,bash scripts/test-native-r07.sh,17bd3376508499f2681d3e296939452383506a1e,98edd7f758d41b89826d03e6fd1be3366bbea173d679a58bdd5f157b8e9479f4,该行以注明的host/source/CI为证；设备专项见runtime-cases.json,NOT_RUN,EVIDENCE,catalog全映射和设施LOD主机检查已执行；据点CRUD、受损、易主、全景别/方向的真机画面未全部执行。,evidence/host/logs/test-native-r07.log; docs/native-pc-visual/evidence/firebase-20260928/SOURCE-REVIEW.md
R07.I03,R07,为港口制作岸上建筑、码头、栈桥/泊位；为关卡制作墙体/门洞/山口连接；外观朝向由真实岸线/通道和约束决定，不随机摆向水外或封死道路。,prompts/R07_PROMPT.md:32,ORIGINAL_ZIP,app/src/main/java/game/sanguo/mobile/SiteVisual.java; app/src/main/java/game/sanguo/mobile/SiteGlb.java; core/src/main/java/game/sanguo/core/SiteFootprint.java; app/src/main/java/game/sanguo/mobile/FilamentMapView.java,bash scripts/test-native-r07.sh,17bd3376508499f2681d3e296939452383506a1e,98edd7f758d41b89826d03e6fd1be3366bbea173d679a58bdd5f157b8e9479f4,该行以注明的host/source/CI为证；设备专项见runtime-cases.json,NOT_RUN,EVIDENCE,catalog全映射和设施LOD主机检查已执行；据点CRUD、受损、易主、全景别/方向的真机画面未全部执行。,evidence/host/logs/test-native-r07.log; docs/native-pc-visual/evidence/firebase-20260928/SOURCE-REVIEW.md
R07.I04,R07,所有基座贴合连续地形，城市平整区边缘自然过渡；超出权威占地的装饰不形成虚假可行动区域，也不遮住周围可走格/港口上下船口。,prompts/R07_PROMPT.md:33,ORIGINAL_ZIP,app/src/main/java/game/sanguo/mobile/SiteVisual.java; app/src/main/java/game/sanguo/mobile/SiteGlb.java; core/src/main/java/game/sanguo/core/SiteFootprint.java; app/src/main/java/game/sanguo/mobile/FilamentMapView.java,bash scripts/test-native-r07.sh,17bd3376508499f2681d3e296939452383506a1e,98edd7f758d41b89826d03e6fd1be3366bbea173d679a58bdd5f157b8e9479f4,该行以注明的host/source/CI为证；设备专项见runtime-cases.json,NOT_RUN,EVIDENCE,catalog全映射和设施LOD主机检查已执行；据点CRUD、受损、易主、全景别/方向的真机画面未全部执行。,evidence/host/logs/test-native-r07.log; docs/native-pc-visual/evidence/firebase-20260928/SOURCE-REVIEW.md
R07.I05,R07,改善现有内政/军事设施全类型/等级模型与贴图；实际建造中、完成、受损/火烧/摧毁由现有状态驱动。不得新增生产/伤害规则。,prompts/R07_PROMPT.md:34,ORIGINAL_ZIP,app/src/main/java/game/sanguo/mobile/SiteVisual.java; app/src/main/java/game/sanguo/mobile/SiteGlb.java; core/src/main/java/game/sanguo/core/SiteFootprint.java; app/src/main/java/game/sanguo/mobile/FilamentMapView.java,bash scripts/test-native-r07.sh,17bd3376508499f2681d3e296939452383506a1e,98edd7f758d41b89826d03e6fd1be3366bbea173d679a58bdd5f157b8e9479f4,该行以注明的host/source/CI为证；设备专项见runtime-cases.json,NOT_RUN,EVIDENCE,catalog全映射和设施LOD主机检查已执行；据点CRUD、受损、易主、全景别/方向的真机画面未全部执行。,evidence/host/logs/test-native-r07.log; docs/native-pc-visual/evidence/firebase-20260928/SOURCE-REVIEW.md
R07.I06,R07,统一地图尺度、texel density、旗帜/势力标识与远近 LOD；远景轮廓可读，近景不暴露严重穿插。阵营改换只更新显示参数/旗帜，不重复创建整个 terrain。,prompts/R07_PROMPT.md:35,ORIGINAL_ZIP,app/src/main/java/game/sanguo/mobile/SiteVisual.java; app/src/main/java/game/sanguo/mobile/SiteGlb.java; core/src/main/java/game/sanguo/core/SiteFootprint.java; app/src/main/java/game/sanguo/mobile/FilamentMapView.java,bash scripts/test-native-r07.sh,17bd3376508499f2681d3e296939452383506a1e,98edd7f758d41b89826d03e6fd1be3366bbea173d679a58bdd5f157b8e9479f4,该行以注明的host/source/CI为证；设备专项见runtime-cases.json,NOT_RUN,EVIDENCE,catalog全映射和设施LOD主机检查已执行；据点CRUD、受损、易主、全景别/方向的真机画面未全部执行。,evidence/host/logs/test-native-r07.log; docs/native-pc-visual/evidence/firebase-20260928/SOURCE-REVIEW.md
R07.I07,R07,实现全量覆盖检查、资源缺失诊断与默认族兜底；自定义新增据点也能用正确资产族。清楚列出仍为临时资源的 ID，不能藏进“兼容模型”。,prompts/R07_PROMPT.md:36,ORIGINAL_ZIP,app/src/main/java/game/sanguo/mobile/SiteVisual.java; app/src/main/java/game/sanguo/mobile/SiteGlb.java; core/src/main/java/game/sanguo/core/SiteFootprint.java; app/src/main/java/game/sanguo/mobile/FilamentMapView.java,bash scripts/test-native-r07.sh,17bd3376508499f2681d3e296939452383506a1e,98edd7f758d41b89826d03e6fd1be3366bbea173d679a58bdd5f157b8e9479f4,该行以注明的host/source/CI为证；设备专项见runtime-cases.json,NOT_RUN,EVIDENCE,catalog全映射和设施LOD主机检查已执行；据点CRUD、受损、易主、全景别/方向的真机画面未全部执行。,evidence/host/logs/test-native-r07.log; docs/native-pc-visual/evidence/firebase-20260928/SOURCE-REVIEW.md
R07.I08,R07,为普通平原城、水边港、山口关和至少两种设施做 PC 对照与 APK 多角度实拍，记录比例、地形接缝和轮廓缺陷。,prompts/R07_PROMPT.md:37,ORIGINAL_ZIP,app/src/main/java/game/sanguo/mobile/SiteVisual.java; app/src/main/java/game/sanguo/mobile/SiteGlb.java; core/src/main/java/game/sanguo/core/SiteFootprint.java; app/src/main/java/game/sanguo/mobile/FilamentMapView.java,bash scripts/test-native-r07.sh,17bd3376508499f2681d3e296939452383506a1e,98edd7f758d41b89826d03e6fd1be3366bbea173d679a58bdd5f157b8e9479f4,该行以注明的host/source/CI为证；设备专项见runtime-cases.json,BLOCKED,REFERENCE_EVIDENCE,catalog全映射和设施LOD主机检查已执行；据点CRUD、受损、易主、全景别/方向的真机画面未全部执行。 现有参考索引有图，但区域/季节/相机/版本不全，未取得此条所需可比图组。,evidence/host/logs/test-native-r07.log; docs/native-pc-visual/evidence/firebase-20260928/SOURCE-REVIEW.md
R07.V01,R07,当前全部据点/设施映射无空引用，资产通过规范与预算检查。,prompts/R07_PROMPT.md:41,ORIGINAL_ZIP,app/src/main/java/game/sanguo/mobile/SiteVisual.java; app/src/main/java/game/sanguo/mobile/SiteGlb.java; core/src/main/java/game/sanguo/core/SiteFootprint.java; app/src/main/java/game/sanguo/mobile/FilamentMapView.java,bash scripts/test-native-r07.sh,17bd3376508499f2681d3e296939452383506a1e,98edd7f758d41b89826d03e6fd1be3366bbea173d679a58bdd5f157b8e9479f4,该行以注明的host/source/CI为证；设备专项见runtime-cases.json,PASS,NONE,当前catalog679据点实例、5族、120设施LOD映射及实际资产预算检查通过；不等于近景美术通过。,evidence/host/logs/test-native-r07.log; docs/native-pc-visual/evidence/firebase-20260928/SOURCE-REVIEW.md
R07.V02,R07,城市七格六向出入/攻击/进驻、港口上下船、关卡通过的权威结果不变。,prompts/R07_PROMPT.md:42,ORIGINAL_ZIP,app/src/main/java/game/sanguo/mobile/SiteVisual.java; app/src/main/java/game/sanguo/mobile/SiteGlb.java; core/src/main/java/game/sanguo/core/SiteFootprint.java; app/src/main/java/game/sanguo/mobile/FilamentMapView.java,bash scripts/test-native-r07.sh,17bd3376508499f2681d3e296939452383506a1e,98edd7f758d41b89826d03e6fd1be3366bbea173d679a58bdd5f157b8e9479f4,该行以注明的host/source/CI为证；设备专项见runtime-cases.json,NOT_RUN,EVIDENCE,catalog全映射和设施LOD主机检查已执行；据点CRUD、受损、易主、全景别/方向的真机画面未全部执行。,evidence/host/logs/test-native-r07.log; docs/native-pc-visual/evidence/firebase-20260928/SOURCE-REVIEW.md
R07.V03,R07,据点新增/移动/类型修改/删除/易主/受损/读档后正确显示并释放旧资源。,prompts/R07_PROMPT.md:43,ORIGINAL_ZIP,app/src/main/java/game/sanguo/mobile/SiteVisual.java; app/src/main/java/game/sanguo/mobile/SiteGlb.java; core/src/main/java/game/sanguo/core/SiteFootprint.java; app/src/main/java/game/sanguo/mobile/FilamentMapView.java,bash scripts/test-native-r07.sh,17bd3376508499f2681d3e296939452383506a1e,98edd7f758d41b89826d03e6fd1be3366bbea173d679a58bdd5f157b8e9479f4,该行以注明的host/source/CI为证；设备专项见runtime-cases.json,NOT_RUN,EVIDENCE,catalog全映射和设施LOD主机检查已执行；据点CRUD、受损、易主、全景别/方向的真机画面未全部执行。,evidence/host/logs/test-native-r07.log; docs/native-pc-visual/evidence/firebase-20260928/SOURCE-REVIEW.md
R07.V04,R07,实际相机近中远与多个方向检查地基悬空、屋顶黑面、LOD 跳变、码头穿岸。,prompts/R07_PROMPT.md:44,ORIGINAL_ZIP,app/src/main/java/game/sanguo/mobile/SiteVisual.java; app/src/main/java/game/sanguo/mobile/SiteGlb.java; core/src/main/java/game/sanguo/core/SiteFootprint.java; app/src/main/java/game/sanguo/mobile/FilamentMapView.java,bash scripts/test-native-r07.sh,17bd3376508499f2681d3e296939452383506a1e,98edd7f758d41b89826d03e6fd1be3366bbea173d679a58bdd5f157b8e9479f4,该行以注明的host/source/CI为证；设备专项见runtime-cases.json,NOT_RUN,EVIDENCE,catalog全映射和设施LOD主机检查已执行；据点CRUD、受损、易主、全景别/方向的真机画面未全部执行。,evidence/host/logs/test-native-r07.log; docs/native-pc-visual/evidence/firebase-20260928/SOURCE-REVIEW.md
R07.V05,R07,在至少一个真实城港关组合区域内运行，不以单独 model viewer 代替。,prompts/R07_PROMPT.md:45,ORIGINAL_ZIP,app/src/main/java/game/sanguo/mobile/SiteVisual.java; app/src/main/java/game/sanguo/mobile/SiteGlb.java; core/src/main/java/game/sanguo/core/SiteFootprint.java; app/src/main/java/game/sanguo/mobile/FilamentMapView.java,bash scripts/test-native-r07.sh,17bd3376508499f2681d3e296939452383506a1e,98edd7f758d41b89826d03e6fd1be3366bbea173d679a58bdd5f157b8e9479f4,该行以注明的host/source/CI为证；设备专项见runtime-cases.json,NOT_RUN,EVIDENCE,catalog全映射和设施LOD主机检查已执行；据点CRUD、受损、易主、全景别/方向的真机画面未全部执行。,evidence/host/logs/test-native-r07.log; docs/native-pc-visual/evidence/firebase-20260928/SOURCE-REVIEW.md
R07.G01,R07,主建筑轮廓与贴图达到 04_VISUAL_ACCEPTANCE 的局部质量要求；全覆盖可先共享合格资产族，不要求每城独一模型，但明显占位资产必须明示且相关项不可 PASS。,prompts/R07_PROMPT.md:51,ORIGINAL_ZIP,app/src/main/java/game/sanguo/mobile/SiteVisual.java; app/src/main/java/game/sanguo/mobile/SiteGlb.java; core/src/main/java/game/sanguo/core/SiteFootprint.java; app/src/main/java/game/sanguo/mobile/FilamentMapView.java,bash scripts/test-native-r07.sh,17bd3376508499f2681d3e296939452383506a1e,98edd7f758d41b89826d03e6fd1be3366bbea173d679a58bdd5f157b8e9479f4,该行以注明的host/source/CI为证；设备专项见runtime-cases.json,NOT_RUN,EVIDENCE,catalog全映射和设施LOD主机检查已执行；据点CRUD、受损、易主、全景别/方向的真机画面未全部执行。,evidence/host/logs/test-native-r07.log; docs/native-pc-visual/evidence/firebase-20260928/SOURCE-REVIEW.md
R07.D01,R07,正式 GLB/运行时模型与源工程、贴图材质、全据点/设施映射、许可/预算、实拍对照、APK、R07 美术缺陷与交接。,prompts/R07_PROMPT.md:57,ORIGINAL_ZIP,app/src/main/java/game/sanguo/mobile/SiteVisual.java; app/src/main/java/game/sanguo/mobile/SiteGlb.java; core/src/main/java/game/sanguo/core/SiteFootprint.java; app/src/main/java/game/sanguo/mobile/FilamentMapView.java,bash scripts/test-native-r07.sh,17bd3376508499f2681d3e296939452383506a1e,98edd7f758d41b89826d03e6fd1be3366bbea173d679a58bdd5f157b8e9479f4,该行以注明的host/source/CI为证；设备专项见runtime-cases.json,NOT_RUN,EVIDENCE,catalog全映射和设施LOD主机检查已执行；据点CRUD、受损、易主、全景别/方向的真机画面未全部执行。,evidence/host/logs/test-native-r07.log; docs/native-pc-visual/evidence/firebase-20260928/SOURCE-REVIEW.md
R08.I01,R08,提升至少针叶/阔叶或符合实际地区的树族、灌木、山石资产，建立轮廓/材质统一的家族与 LOD；数量按现有地貌需要，不为凑清单乱加景观。,prompts/R08_PROMPT.md:30,ORIGINAL_ZIP,app/src/main/java/game/sanguo/mobile/Vegetation.java; app/src/main/java/game/sanguo/mobile/FieldAssets.java; app/src/main/java/game/sanguo/mobile/LandscapeProfile.java; app/src/main/java/game/sanguo/mobile/SceneMesh.java; app/src/main/java/game/sanguo/mobile/FilamentMapView.java,bash scripts/test-native-r08.sh,17bd3376508499f2681d3e296939452383506a1e,98edd7f758d41b89826d03e6fd1be3366bbea173d679a58bdd5f157b8e9479f4,该行以注明的host/source/CI为证；设备专项见runtime-cases.json,NOT_RUN,EVIDENCE,散布/排除/局部更新主机检查及估算执行；森林道路、山谷关口、农田三组实际全镜头和手机性能未闭合。,evidence/host/logs/test-native-r08.log; docs/native-pc-visual/evidence/firebase-20260928/SOURCE-REVIEW.md
R08.I02,R08,采用世界空间稳定散布和簇/林缘/空地规则，跨格/块同源且不变种。避开城市占地、实际设施、道路/关口、港口入口、单位锚点和水域；林区身份与逻辑地图对应。,prompts/R08_PROMPT.md:31,ORIGINAL_ZIP,app/src/main/java/game/sanguo/mobile/Vegetation.java; app/src/main/java/game/sanguo/mobile/FieldAssets.java; app/src/main/java/game/sanguo/mobile/LandscapeProfile.java; app/src/main/java/game/sanguo/mobile/SceneMesh.java; app/src/main/java/game/sanguo/mobile/FilamentMapView.java,bash scripts/test-native-r08.sh,17bd3376508499f2681d3e296939452383506a1e,98edd7f758d41b89826d03e6fd1be3366bbea173d679a58bdd5f157b8e9479f4,该行以注明的host/source/CI为证；设备专项见runtime-cases.json,NOT_RUN,EVIDENCE,散布/排除/局部更新主机检查及估算执行；森林道路、山谷关口、农田三组实际全镜头和手机性能未闭合。,evidence/host/logs/test-native-r08.log; docs/native-pc-visual/evidence/firebase-20260928/SOURCE-REVIEW.md
R08.I03,R08,延续现有合批/分块，按可见度/距离选择密度和 LOD；只有真正使用 instanced draw 才称 GPU instancing。透明叶片评估 alpha test/mip/过绘，不让一屏树海拖垮正常档。,prompts/R08_PROMPT.md:32,ORIGINAL_ZIP,app/src/main/java/game/sanguo/mobile/Vegetation.java; app/src/main/java/game/sanguo/mobile/FieldAssets.java; app/src/main/java/game/sanguo/mobile/LandscapeProfile.java; app/src/main/java/game/sanguo/mobile/SceneMesh.java; app/src/main/java/game/sanguo/mobile/FilamentMapView.java,bash scripts/test-native-r08.sh,17bd3376508499f2681d3e296939452383506a1e,98edd7f758d41b89826d03e6fd1be3366bbea173d679a58bdd5f157b8e9479f4,该行以注明的host/source/CI为证；设备专项见runtime-cases.json,NOT_RUN,EVIDENCE,散布/排除/局部更新主机检查及估算执行；森林道路、山谷关口、农田三组实际全镜头和手机性能未闭合。,evidence/host/logs/test-native-r08.log; docs/native-pc-visual/evidence/firebase-20260928/SOURCE-REVIEW.md
R08.I04,R08,道路、栈道、农田边界/田垄与地形连续结合；道路跟随既有逻辑通路，不新增绕关捷径，不能把可走路画成断崖。农田使用组合网格/贴花/纹理合适方式，不每格一个浮板。,prompts/R08_PROMPT.md:33,ORIGINAL_ZIP,app/src/main/java/game/sanguo/mobile/Vegetation.java; app/src/main/java/game/sanguo/mobile/FieldAssets.java; app/src/main/java/game/sanguo/mobile/LandscapeProfile.java; app/src/main/java/game/sanguo/mobile/SceneMesh.java; app/src/main/java/game/sanguo/mobile/FilamentMapView.java,bash scripts/test-native-r08.sh,17bd3376508499f2681d3e296939452383506a1e,98edd7f758d41b89826d03e6fd1be3366bbea173d679a58bdd5f157b8e9479f4,该行以注明的host/source/CI为证；设备专项见runtime-cases.json,NOT_RUN,EVIDENCE,散布/排除/局部更新主机检查及估算执行；森林道路、山谷关口、农田三组实际全镜头和手机性能未闭合。,evidence/host/logs/test-native-r08.log; docs/native-pc-visual/evidence/firebase-20260928/SOURCE-REVIEW.md
R08.I05,R08,山脊岩层/陡壁可用附加 mesh 弥补高度场侧面，但与主地形接缝可靠；远景轮廓与真实可交互区域分开。不要把全图都铺满遮挡细节的石块。,prompts/R08_PROMPT.md:34,ORIGINAL_ZIP,app/src/main/java/game/sanguo/mobile/Vegetation.java; app/src/main/java/game/sanguo/mobile/FieldAssets.java; app/src/main/java/game/sanguo/mobile/LandscapeProfile.java; app/src/main/java/game/sanguo/mobile/SceneMesh.java; app/src/main/java/game/sanguo/mobile/FilamentMapView.java,bash scripts/test-native-r08.sh,17bd3376508499f2681d3e296939452383506a1e,98edd7f758d41b89826d03e6fd1be3366bbea173d679a58bdd5f157b8e9479f4,该行以注明的host/source/CI为证；设备专项见runtime-cases.json,NOT_RUN,EVIDENCE,散布/排除/局部更新主机检查及估算执行；森林道路、山谷关口、农田三组实际全镜头和手机性能未闭合。,evidence/host/logs/test-native-r08.log; docs/native-pc-visual/evidence/firebase-20260928/SOURCE-REVIEW.md
R08.I06,R08,区域差异来自配色、地形轮廓和植被密度，不是每个 chunk 换独立风格。季节接口预留但不在此重写季节驱动。,prompts/R08_PROMPT.md:35,ORIGINAL_ZIP,app/src/main/java/game/sanguo/mobile/Vegetation.java; app/src/main/java/game/sanguo/mobile/FieldAssets.java; app/src/main/java/game/sanguo/mobile/LandscapeProfile.java; app/src/main/java/game/sanguo/mobile/SceneMesh.java; app/src/main/java/game/sanguo/mobile/FilamentMapView.java,bash scripts/test-native-r08.sh,17bd3376508499f2681d3e296939452383506a1e,98edd7f758d41b89826d03e6fd1be3366bbea173d679a58bdd5f157b8e9479f4,该行以注明的host/source/CI为证；设备专项见runtime-cases.json,NOT_RUN,EVIDENCE,散布/排除/局部更新主机检查及估算执行；森林道路、山谷关口、农田三组实际全镜头和手机性能未闭合。,evidence/host/logs/test-native-r08.log; docs/native-pc-visual/evidence/firebase-20260928/SOURCE-REVIEW.md
R08.I07,R08,编辑树区/道路/设施后局部更新散布，固定 seed 不让整片森林重新随机；卸载无引用资源。,prompts/R08_PROMPT.md:36,ORIGINAL_ZIP,app/src/main/java/game/sanguo/mobile/Vegetation.java; app/src/main/java/game/sanguo/mobile/FieldAssets.java; app/src/main/java/game/sanguo/mobile/LandscapeProfile.java; app/src/main/java/game/sanguo/mobile/SceneMesh.java; app/src/main/java/game/sanguo/mobile/FilamentMapView.java,bash scripts/test-native-r08.sh,17bd3376508499f2681d3e296939452383506a1e,98edd7f758d41b89826d03e6fd1be3366bbea173d679a58bdd5f157b8e9479f4,该行以注明的host/source/CI为证；设备专项见runtime-cases.json,NOT_RUN,EVIDENCE,散布/排除/局部更新主机检查及估算执行；森林道路、山谷关口、农田三组实际全镜头和手机性能未闭合。,evidence/host/logs/test-native-r08.log; docs/native-pc-visual/evidence/firebase-20260928/SOURCE-REVIEW.md
R08.V01,R08,确定性散布、跨块不重复/不留整齐边界；相同地图重载分布一致且不消费规则 RNG。,prompts/R08_PROMPT.md:40,ORIGINAL_ZIP,app/src/main/java/game/sanguo/mobile/Vegetation.java; app/src/main/java/game/sanguo/mobile/FieldAssets.java; app/src/main/java/game/sanguo/mobile/LandscapeProfile.java; app/src/main/java/game/sanguo/mobile/SceneMesh.java; app/src/main/java/game/sanguo/mobile/FilamentMapView.java,bash scripts/test-native-r08.sh,17bd3376508499f2681d3e296939452383506a1e,98edd7f758d41b89826d03e6fd1be3366bbea173d679a58bdd5f157b8e9479f4,该行以注明的host/source/CI为证；设备专项见runtime-cases.json,NOT_RUN,EVIDENCE,散布/排除/局部更新主机检查及估算执行；森林道路、山谷关口、农田三组实际全镜头和手机性能未闭合。,evidence/host/logs/test-native-r08.log; docs/native-pc-visual/evidence/firebase-20260928/SOURCE-REVIEW.md
R08.V02,R08,所有硬排除区和真实行军通路的可读性测试；地图编辑后只失效必要邻域。,prompts/R08_PROMPT.md:41,ORIGINAL_ZIP,app/src/main/java/game/sanguo/mobile/Vegetation.java; app/src/main/java/game/sanguo/mobile/FieldAssets.java; app/src/main/java/game/sanguo/mobile/LandscapeProfile.java; app/src/main/java/game/sanguo/mobile/SceneMesh.java; app/src/main/java/game/sanguo/mobile/FilamentMapView.java,bash scripts/test-native-r08.sh,17bd3376508499f2681d3e296939452383506a1e,98edd7f758d41b89826d03e6fd1be3366bbea173d679a58bdd5f157b8e9479f4,该行以注明的host/source/CI为证；设备专项见runtime-cases.json,NOT_RUN,EVIDENCE,散布/排除/局部更新主机检查及估算执行；森林道路、山谷关口、农田三组实际全镜头和手机性能未闭合。,evidence/host/logs/test-native-r08.log; docs/native-pc-visual/evidence/firebase-20260928/SOURCE-REVIEW.md
R08.V03,R08,实际相机平移/旋转/缩放无严重树叶闪烁、成片突然弹出、穿插城墙/道路。,prompts/R08_PROMPT.md:42,ORIGINAL_ZIP,app/src/main/java/game/sanguo/mobile/Vegetation.java; app/src/main/java/game/sanguo/mobile/FieldAssets.java; app/src/main/java/game/sanguo/mobile/LandscapeProfile.java; app/src/main/java/game/sanguo/mobile/SceneMesh.java; app/src/main/java/game/sanguo/mobile/FilamentMapView.java,bash scripts/test-native-r08.sh,17bd3376508499f2681d3e296939452383506a1e,98edd7f758d41b89826d03e6fd1be3366bbea173d679a58bdd5f157b8e9479f4,该行以注明的host/source/CI为证；设备专项见runtime-cases.json,NOT_RUN,EVIDENCE,散布/排除/局部更新主机检查及估算执行；森林道路、山谷关口、农田三组实际全镜头和手机性能未闭合。,evidence/host/logs/test-native-r08.log; docs/native-pc-visual/evidence/firebase-20260928/SOURCE-REVIEW.md
R08.V04,R08,比较对象数/提交量/CPU 时间/显存估计，区分合批和实例化。,prompts/R08_PROMPT.md:43,ORIGINAL_ZIP,app/src/main/java/game/sanguo/mobile/Vegetation.java; app/src/main/java/game/sanguo/mobile/FieldAssets.java; app/src/main/java/game/sanguo/mobile/LandscapeProfile.java; app/src/main/java/game/sanguo/mobile/SceneMesh.java; app/src/main/java/game/sanguo/mobile/FilamentMapView.java,bash scripts/test-native-r08.sh,17bd3376508499f2681d3e296939452383506a1e,98edd7f758d41b89826d03e6fd1be3366bbea173d679a58bdd5f157b8e9479f4,该行以注明的host/source/CI为证；设备专项见runtime-cases.json,NOT_RUN,EVIDENCE,散布/排除/局部更新主机检查及估算执行；森林道路、山谷关口、农田三组实际全镜头和手机性能未闭合。,evidence/host/logs/test-native-r08.log; docs/native-pc-visual/evidence/firebase-20260928/SOURCE-REVIEW.md
R08.V05,R08,至少森林道路、山谷关口、平原农田三组 APK 多角度实拍。,prompts/R08_PROMPT.md:44,ORIGINAL_ZIP,app/src/main/java/game/sanguo/mobile/Vegetation.java; app/src/main/java/game/sanguo/mobile/FieldAssets.java; app/src/main/java/game/sanguo/mobile/LandscapeProfile.java; app/src/main/java/game/sanguo/mobile/SceneMesh.java; app/src/main/java/game/sanguo/mobile/FilamentMapView.java,bash scripts/test-native-r08.sh,17bd3376508499f2681d3e296939452383506a1e,98edd7f758d41b89826d03e6fd1be3366bbea173d679a58bdd5f157b8e9479f4,该行以注明的host/source/CI为证；设备专项见runtime-cases.json,NOT_RUN,EVIDENCE,散布/排除/局部更新主机检查及估算执行；森林道路、山谷关口、农田三组实际全镜头和手机性能未闭合。,evidence/host/logs/test-native-r08.log; docs/native-pc-visual/evidence/firebase-20260928/SOURCE-REVIEW.md
R08.G01,R08,景观成片连续、有疏密与林缘，玩法通路清晰；用树海盖住地图色块或用雾盖住穿插不通过。,prompts/R08_PROMPT.md:50,ORIGINAL_ZIP,app/src/main/java/game/sanguo/mobile/Vegetation.java; app/src/main/java/game/sanguo/mobile/FieldAssets.java; app/src/main/java/game/sanguo/mobile/LandscapeProfile.java; app/src/main/java/game/sanguo/mobile/SceneMesh.java; app/src/main/java/game/sanguo/mobile/FilamentMapView.java,bash scripts/test-native-r08.sh,17bd3376508499f2681d3e296939452383506a1e,98edd7f758d41b89826d03e6fd1be3366bbea173d679a58bdd5f157b8e9479f4,该行以注明的host/source/CI为证；设备专项见runtime-cases.json,NOT_RUN,EVIDENCE,散布/排除/局部更新主机检查及估算执行；森林道路、山谷关口、农田三组实际全镜头和手机性能未闭合。,evidence/host/logs/test-native-r08.log; docs/native-pc-visual/evidence/firebase-20260928/SOURCE-REVIEW.md
R08.D01,R08,正式环境资产与生成/散布/合批代码、道路/岩壁接入、排除区/确定性测试、实拍与性能初值、APK、R08 交接。,prompts/R08_PROMPT.md:56,ORIGINAL_ZIP,app/src/main/java/game/sanguo/mobile/Vegetation.java; app/src/main/java/game/sanguo/mobile/FieldAssets.java; app/src/main/java/game/sanguo/mobile/LandscapeProfile.java; app/src/main/java/game/sanguo/mobile/SceneMesh.java; app/src/main/java/game/sanguo/mobile/FilamentMapView.java,bash scripts/test-native-r08.sh,17bd3376508499f2681d3e296939452383506a1e,98edd7f758d41b89826d03e6fd1be3366bbea173d679a58bdd5f157b8e9479f4,该行以注明的host/source/CI为证；设备专项见runtime-cases.json,NOT_RUN,EVIDENCE,散布/排除/局部更新主机检查及估算执行；森林道路、山谷关口、农田三组实际全镜头和手机性能未闭合。,evidence/host/logs/test-native-r08.log; docs/native-pc-visual/evidence/firebase-20260928/SOURCE-REVIEW.md
R09.I01,R09,冻结一块约 24×24 至 40×40 逻辑格或等价可操作视域的样板区域，使用正常剧本和既有数据；至少覆盖多个 chunk 和一处水陆/山地/据点组合，不能另做摆拍场景。,prompts/R09_PROMPT.md:30,ORIGINAL_ZIP,app/src/main/java/game/sanguo/mobile/LandscapeProfile.java; app/src/main/java/game/sanguo/mobile/MapHost.java; app/src/main/java/game/sanguo/mobile/FilamentMapView.java,bash scripts/test-native-r09.sh,17bd3376508499f2681d3e296939452383506a1e,98edd7f758d41b89826d03e6fd1be3366bbea173d679a58bdd5f157b8e9479f4,该行以注明的host/source/CI为证；设备专项见runtime-cases.json,NOT_RUN,EVIDENCE,正式洛阳32x32区域主机核验执行；完整V2图组/PC相机对照和样板游戏链尚未闭合。,evidence/host/logs/test-native-r09.log; docs/native-pc-visual/evidence/firebase-20260928/SOURCE-REVIEW.md
R09.I02,R09,建立 PC 参考与当前 APK 的同区域近似相机组，核对地形轮廓、色板、城池/树/人的尺度、河宽、景观密度与 UI 留白。缺参考只标缺失，不自己画一张假原版。,prompts/R09_PROMPT.md:31,ORIGINAL_ZIP,app/src/main/java/game/sanguo/mobile/LandscapeProfile.java; app/src/main/java/game/sanguo/mobile/MapHost.java; app/src/main/java/game/sanguo/mobile/FilamentMapView.java,bash scripts/test-native-r09.sh,17bd3376508499f2681d3e296939452383506a1e,98edd7f758d41b89826d03e6fd1be3366bbea173d679a58bdd5f157b8e9479f4,该行以注明的host/source/CI为证；设备专项见runtime-cases.json,BLOCKED,REFERENCE_EVIDENCE,正式洛阳32x32区域主机核验执行；完整V2图组/PC相机对照和样板游戏链尚未闭合。 现有参考索引有图，但区域/季节/相机/版本不全，未取得此条所需可比图组。,evidence/host/logs/test-native-r09.log; docs/native-pc-visual/evidence/firebase-20260928/SOURCE-REVIEW.md
R09.I03,R09,逐项修复视觉冲突：地形已细腻但城像积木、树比城高、港口离岸、道路浮空、阴影与曝光不一、格子边界依旧可见等；必须在正式资源/材质/生成代码落地。,prompts/R09_PROMPT.md:32,ORIGINAL_ZIP,app/src/main/java/game/sanguo/mobile/LandscapeProfile.java; app/src/main/java/game/sanguo/mobile/MapHost.java; app/src/main/java/game/sanguo/mobile/FilamentMapView.java,bash scripts/test-native-r09.sh,17bd3376508499f2681d3e296939452383506a1e,98edd7f758d41b89826d03e6fd1be3366bbea173d679a58bdd5f157b8e9479f4,该行以注明的host/source/CI为证；设备专项见runtime-cases.json,NOT_RUN,EVIDENCE,正式洛阳32x32区域主机核验执行；完整V2图组/PC相机对照和样板游戏链尚未闭合。,evidence/host/logs/test-native-r09.log; docs/native-pc-visual/evidence/firebase-20260928/SOURCE-REVIEW.md
R09.I04,R09,将合格的区域参数/资产族/材质组合提炼为可扩展 profile，不要硬编码为仅某镜头的一张背景或额外 demo 分支。,prompts/R09_PROMPT.md:33,ORIGINAL_ZIP,app/src/main/java/game/sanguo/mobile/LandscapeProfile.java; app/src/main/java/game/sanguo/mobile/MapHost.java; app/src/main/java/game/sanguo/mobile/FilamentMapView.java,bash scripts/test-native-r09.sh,17bd3376508499f2681d3e296939452383506a1e,98edd7f758d41b89826d03e6fd1be3366bbea173d679a58bdd5f157b8e9479f4,该行以注明的host/source/CI为证；设备专项见runtime-cases.json,NOT_RUN,EVIDENCE,正式洛阳32x32区域主机核验执行；完整V2图组/PC相机对照和样板游戏链尚未闭合。,evidence/host/logs/test-native-r09.log; docs/native-pc-visual/evidence/firebase-20260928/SOURCE-REVIEW.md
R09.I05,R09,在样板区实际选城、出征、移动、攻击、上下水（若有）、下一旬、存读档与相机浏览。动画/低画质可暂沿用旧实现，但不能因此丢命令/资源。,prompts/R09_PROMPT.md:34,ORIGINAL_ZIP,app/src/main/java/game/sanguo/mobile/LandscapeProfile.java; app/src/main/java/game/sanguo/mobile/MapHost.java; app/src/main/java/game/sanguo/mobile/FilamentMapView.java,bash scripts/test-native-r09.sh,17bd3376508499f2681d3e296939452383506a1e,98edd7f758d41b89826d03e6fd1be3366bbea173d679a58bdd5f157b8e9479f4,该行以注明的host/source/CI为证；设备专项见runtime-cases.json,NOT_RUN,EVIDENCE,正式洛阳32x32区域主机核验执行；完整V2图组/PC相机对照和样板游戏链尚未闭合。,evidence/host/logs/test-native-r09.log; docs/native-pc-visual/evidence/firebase-20260928/SOURCE-REVIEW.md
R09.I06,R09,交付网格/势力着色开关、近中远、两方向和连续镜头录屏；图片只证明画面，命令/状态日志另证玩法。,prompts/R09_PROMPT.md:35,ORIGINAL_ZIP,app/src/main/java/game/sanguo/mobile/LandscapeProfile.java; app/src/main/java/game/sanguo/mobile/MapHost.java; app/src/main/java/game/sanguo/mobile/FilamentMapView.java,bash scripts/test-native-r09.sh,17bd3376508499f2681d3e296939452383506a1e,98edd7f758d41b89826d03e6fd1be3366bbea173d679a58bdd5f157b8e9479f4,该行以注明的host/source/CI为证；设备专项见runtime-cases.json,NOT_RUN,EVIDENCE,正式洛阳32x32区域主机核验执行；完整V2图组/PC相机对照和样板游戏链尚未闭合。,evidence/host/logs/test-native-r09.log; docs/native-pc-visual/evidence/firebase-20260928/SOURCE-REVIEW.md
R09.I07,R09,完成 V2 清单，逐项指出与 PC 仍不同的具体对象。局部美术不合格先修，不把问题复制到全国；与其无关的后续工程可继续但保持 V2 未通过。,prompts/R09_PROMPT.md:36,ORIGINAL_ZIP,app/src/main/java/game/sanguo/mobile/LandscapeProfile.java; app/src/main/java/game/sanguo/mobile/MapHost.java; app/src/main/java/game/sanguo/mobile/FilamentMapView.java,bash scripts/test-native-r09.sh,17bd3376508499f2681d3e296939452383506a1e,98edd7f758d41b89826d03e6fd1be3366bbea173d679a58bdd5f157b8e9479f4,该行以注明的host/source/CI为证；设备专项见runtime-cases.json,NOT_RUN,EVIDENCE,正式洛阳32x32区域主机核验执行；完整V2图组/PC相机对照和样板游戏链尚未闭合。,evidence/host/logs/test-native-r09.log; docs/native-pc-visual/evidence/firebase-20260928/SOURCE-REVIEW.md
R09.V01,R09,样板位于正式地图、正常入口可达，无只在 benchmark/调试页启用的专用美化代码。,prompts/R09_PROMPT.md:40,ORIGINAL_ZIP,app/src/main/java/game/sanguo/mobile/LandscapeProfile.java; app/src/main/java/game/sanguo/mobile/MapHost.java; app/src/main/java/game/sanguo/mobile/FilamentMapView.java,bash scripts/test-native-r09.sh,17bd3376508499f2681d3e296939452383506a1e,98edd7f758d41b89826d03e6fd1be3366bbea173d679a58bdd5f157b8e9479f4,该行以注明的host/source/CI为证；设备专项见runtime-cases.json,NOT_RUN,EVIDENCE,正式洛阳32x32区域主机核验执行；完整V2图组/PC相机对照和样板游戏链尚未闭合。,evidence/host/logs/test-native-r09.log; docs/native-pc-visual/evidence/firebase-20260928/SOURCE-REVIEW.md
R09.V02,R09,V2 十项视觉表逐条有图号和结论，不以“看起来不错”取代缺陷记录。,prompts/R09_PROMPT.md:41,ORIGINAL_ZIP,app/src/main/java/game/sanguo/mobile/LandscapeProfile.java; app/src/main/java/game/sanguo/mobile/MapHost.java; app/src/main/java/game/sanguo/mobile/FilamentMapView.java,bash scripts/test-native-r09.sh,17bd3376508499f2681d3e296939452383506a1e,98edd7f758d41b89826d03e6fd1be3366bbea173d679a58bdd5f157b8e9479f4,该行以注明的host/source/CI为证；设备专项见runtime-cases.json,NOT_RUN,EVIDENCE,正式洛阳32x32区域主机核验执行；完整V2图组/PC相机对照和样板游戏链尚未闭合。,evidence/host/logs/test-native-r09.log; docs/native-pc-visual/evidence/firebase-20260928/SOURCE-REVIEW.md
R09.V03,R09,真实游戏操作完整连贯，2D/3D 状态对等，无重建世界。,prompts/R09_PROMPT.md:42,ORIGINAL_ZIP,app/src/main/java/game/sanguo/mobile/LandscapeProfile.java; app/src/main/java/game/sanguo/mobile/MapHost.java; app/src/main/java/game/sanguo/mobile/FilamentMapView.java,bash scripts/test-native-r09.sh,17bd3376508499f2681d3e296939452383506a1e,98edd7f758d41b89826d03e6fd1be3366bbea173d679a58bdd5f157b8e9479f4,该行以注明的host/source/CI为证；设备专项见runtime-cases.json,NOT_RUN,EVIDENCE,正式洛阳32x32区域主机核验执行；完整V2图组/PC相机对照和样板游戏链尚未闭合。,evidence/host/logs/test-native-r09.log; docs/native-pc-visual/evidence/firebase-20260928/SOURCE-REVIEW.md
R09.V04,R09,三画质保留相同地貌/资产身份，低档不变成纯色拼图。,prompts/R09_PROMPT.md:43,ORIGINAL_ZIP,app/src/main/java/game/sanguo/mobile/LandscapeProfile.java; app/src/main/java/game/sanguo/mobile/MapHost.java; app/src/main/java/game/sanguo/mobile/FilamentMapView.java,bash scripts/test-native-r09.sh,17bd3376508499f2681d3e296939452383506a1e,98edd7f758d41b89826d03e6fd1be3366bbea173d679a58bdd5f157b8e9479f4,该行以注明的host/source/CI为证；设备专项见runtime-cases.json,NOT_RUN,EVIDENCE,正式洛阳32x32区域主机核验执行；完整V2图组/PC相机对照和样板游戏链尚未闭合。,evidence/host/logs/test-native-r09.log; docs/native-pc-visual/evidence/firebase-20260928/SOURCE-REVIEW.md
R09.V05,R09,所有改动在独立 APK 可见；参考和截图的版本/日期/镜头字段完整或明确 UNKNOWN。,prompts/R09_PROMPT.md:44,ORIGINAL_ZIP,app/src/main/java/game/sanguo/mobile/LandscapeProfile.java; app/src/main/java/game/sanguo/mobile/MapHost.java; app/src/main/java/game/sanguo/mobile/FilamentMapView.java,bash scripts/test-native-r09.sh,17bd3376508499f2681d3e296939452383506a1e,98edd7f758d41b89826d03e6fd1be3366bbea173d679a58bdd5f157b8e9479f4,该行以注明的host/source/CI为证；设备专项见runtime-cases.json,NOT_RUN,EVIDENCE,正式洛阳32x32区域主机核验执行；完整V2图组/PC相机对照和样板游戏链尚未闭合。,evidence/host/logs/test-native-r09.log; docs/native-pc-visual/evidence/firebase-20260928/SOURCE-REVIEW.md
R09.G01,R09,V2 为硬门槛：连续地形、水岸、建筑、植被、光照在同一真实场景内合格。明显占位/关键参考缺失/只离线渲染时不能 PASS，不能以阶段编号跳过。,prompts/R09_PROMPT.md:50,ORIGINAL_ZIP,app/src/main/java/game/sanguo/mobile/LandscapeProfile.java; app/src/main/java/game/sanguo/mobile/MapHost.java; app/src/main/java/game/sanguo/mobile/FilamentMapView.java,bash scripts/test-native-r09.sh,17bd3376508499f2681d3e296939452383506a1e,98edd7f758d41b89826d03e6fd1be3366bbea173d679a58bdd5f157b8e9479f4,Pixel8/shiba API35; GalaxyS9/starlte API29,FAIL,IMPLEMENTATION_VISUAL,V2仍未闭合；正常视图中的水岸主元素有确认缺口，同区域PC完整对照亦不足。,evidence/host/logs/test-native-r09.log; docs/native-pc-visual/evidence/firebase-20260928/SOURCE-REVIEW.md; evidence/first-raw/raw-first/api35-1/shiba-35-zh_CN-landscape/artifacts/sdcard/Android/data/game.sanguo.mobile.dev/files/s01/cold-started-game-surface.png; evidence/api29-first/firebase-results/raw/api29-1/starlte-29-zh_CN-landscape/artifacts/sdcard/Android/data/game.sanguo.mobile.dev/files/s01/cold-started-game-screen.png
R09.D01,R09,样板正式修正源码/资源、区域 profile、V2 对照报告/原始截图/录屏、完整玩法日志、APK、R09 未闭合美术清单。,prompts/R09_PROMPT.md:56,ORIGINAL_ZIP,app/src/main/java/game/sanguo/mobile/LandscapeProfile.java; app/src/main/java/game/sanguo/mobile/MapHost.java; app/src/main/java/game/sanguo/mobile/FilamentMapView.java,bash scripts/test-native-r09.sh,17bd3376508499f2681d3e296939452383506a1e,98edd7f758d41b89826d03e6fd1be3366bbea173d679a58bdd5f157b8e9479f4,该行以注明的host/source/CI为证；设备专项见runtime-cases.json,NOT_RUN,EVIDENCE,正式洛阳32x32区域主机核验执行；完整V2图组/PC相机对照和样板游戏链尚未闭合。,evidence/host/logs/test-native-r09.log; docs/native-pc-visual/evidence/firebase-20260928/SOURCE-REVIEW.md
R10.I01,R10,汇总所有实际兵种/装备/船型/器械/运输类别及已有资源，逐项标已合格、需升级、缺失；不只做一个步兵模板就称全部完成。,prompts/R10_PROMPT.md:30,ORIGINAL_ZIP,app/src/main/java/game/sanguo/mobile/UnitVisual.java; app/src/main/java/game/sanguo/mobile/UnitMotion.java; app/src/main/java/game/sanguo/mobile/UnitAnimation.java; app/src/main/java/game/sanguo/mobile/UnitLod.java; app/src/main/java/game/sanguo/mobile/FieldAssets.java; app/src/main/java/game/sanguo/mobile/FilamentMapView.java,bash scripts/test-native-r10.sh,17bd3376508499f2681d3e296939452383506a1e,98edd7f758d41b89826d03e6fd1be3366bbea173d679a58bdd5f157b8e9479f4,该行以注明的host/source/CI为证；设备专项见runtime-cases.json,NOT_RUN,EVIDENCE,13类别×8刚体clip×2mesh及LOD/接触/状态主机检查执行；所有类别/LOD/动作的物理画面和压力帧时未完成。,evidence/host/logs/test-native-r10.log; docs/native-pc-visual/evidence/firebase-20260928/SOURCE-REVIEW.md
R10.I02,R10,通过 R06 流水线提升模型轮廓、武器、马匹/器械/船体、纹理和旗帜；统一与城市/树木的屏幕尺度。必要的精细度用近景 LOD，远景保持类别可辨。,prompts/R10_PROMPT.md:31,ORIGINAL_ZIP,app/src/main/java/game/sanguo/mobile/UnitVisual.java; app/src/main/java/game/sanguo/mobile/UnitMotion.java; app/src/main/java/game/sanguo/mobile/UnitAnimation.java; app/src/main/java/game/sanguo/mobile/UnitLod.java; app/src/main/java/game/sanguo/mobile/FieldAssets.java; app/src/main/java/game/sanguo/mobile/FilamentMapView.java,bash scripts/test-native-r10.sh,17bd3376508499f2681d3e296939452383506a1e,98edd7f758d41b89826d03e6fd1be3366bbea173d679a58bdd5f157b8e9479f4,该行以注明的host/source/CI为证；设备专项见runtime-cases.json,NOT_RUN,EVIDENCE,13类别×8刚体clip×2mesh及LOD/接触/状态主机检查执行；所有类别/LOD/动作的物理画面和压力帧时未完成。,evidence/host/logs/test-native-r10.log; docs/native-pc-visual/evidence/firebase-20260928/SOURCE-REVIEW.md
R10.I03,R10,完善待机、行军、攻击、受击/撤退或项目既有状态的动作；刚性部件与骨骼按已锁定格式使用，明确实际技术。骑兵腿/马体、车轮/投石臂/冲车、船桨等要有真实运动。,prompts/R10_PROMPT.md:32,ORIGINAL_ZIP,app/src/main/java/game/sanguo/mobile/UnitVisual.java; app/src/main/java/game/sanguo/mobile/UnitMotion.java; app/src/main/java/game/sanguo/mobile/UnitAnimation.java; app/src/main/java/game/sanguo/mobile/UnitLod.java; app/src/main/java/game/sanguo/mobile/FieldAssets.java; app/src/main/java/game/sanguo/mobile/FilamentMapView.java,bash scripts/test-native-r10.sh,17bd3376508499f2681d3e296939452383506a1e,98edd7f758d41b89826d03e6fd1be3366bbea173d679a58bdd5f157b8e9479f4,该行以注明的host/source/CI为证；设备专项见runtime-cases.json,NOT_RUN,EVIDENCE,13类别×8刚体clip×2mesh及LOD/接触/状态主机检查执行；所有类别/LOD/动作的物理画面和压力帧时未完成。,evidence/host/logs/test-native-r10.log; docs/native-pc-visual/evidence/firebase-20260928/SOURCE-REVIEW.md
R10.I04,R10,将视觉姿态/动画 phase 与权威路径和当前播放事件绑定；脚/车轮贴地、水军贴水，转弯平滑但不抄近路穿山/城墙。根运动不改变格坐标和行军完成时点。,prompts/R10_PROMPT.md:33,ORIGINAL_ZIP,app/src/main/java/game/sanguo/mobile/UnitVisual.java; app/src/main/java/game/sanguo/mobile/UnitMotion.java; app/src/main/java/game/sanguo/mobile/UnitAnimation.java; app/src/main/java/game/sanguo/mobile/UnitLod.java; app/src/main/java/game/sanguo/mobile/FieldAssets.java; app/src/main/java/game/sanguo/mobile/FilamentMapView.java,bash scripts/test-native-r10.sh,17bd3376508499f2681d3e296939452383506a1e,98edd7f758d41b89826d03e6fd1be3366bbea173d679a58bdd5f157b8e9479f4,该行以注明的host/source/CI为证；设备专项见runtime-cases.json,NOT_RUN,EVIDENCE,13类别×8刚体clip×2mesh及LOD/接触/状态主机检查执行；所有类别/LOD/动作的物理画面和压力帧时未完成。,evidence/host/logs/test-native-r10.log; docs/native-pc-visual/evidence/firebase-20260928/SOURCE-REVIEW.md
R10.I05,R10,兵力变化驱动代表性编队规模/损员，不要求一兵一模型；分组/合批/实例化选合适策略，不能每帧 CPU 全量重建所有士兵网格。,prompts/R10_PROMPT.md:34,ORIGINAL_ZIP,app/src/main/java/game/sanguo/mobile/UnitVisual.java; app/src/main/java/game/sanguo/mobile/UnitMotion.java; app/src/main/java/game/sanguo/mobile/UnitAnimation.java; app/src/main/java/game/sanguo/mobile/UnitLod.java; app/src/main/java/game/sanguo/mobile/FieldAssets.java; app/src/main/java/game/sanguo/mobile/FilamentMapView.java,bash scripts/test-native-r10.sh,17bd3376508499f2681d3e296939452383506a1e,98edd7f758d41b89826d03e6fd1be3366bbea173d679a58bdd5f157b8e9479f4,该行以注明的host/source/CI为证；设备专项见runtime-cases.json,NOT_RUN,EVIDENCE,13类别×8刚体clip×2mesh及LOD/接触/状态主机检查执行；所有类别/LOD/动作的物理画面和压力帧时未完成。,evidence/host/logs/test-native-r10.log; docs/native-pc-visual/evidence/firebase-20260928/SOURCE-REVIEW.md
R10.I06,R10,选中范围/旗帜/数字标签随展示位置同步，点击移动中编队映射回同一稳定 unit ID，命令仍由现有权威验证；敌我视觉标识不得依赖只有颜色。,prompts/R10_PROMPT.md:35,ORIGINAL_ZIP,app/src/main/java/game/sanguo/mobile/UnitVisual.java; app/src/main/java/game/sanguo/mobile/UnitMotion.java; app/src/main/java/game/sanguo/mobile/UnitAnimation.java; app/src/main/java/game/sanguo/mobile/UnitLod.java; app/src/main/java/game/sanguo/mobile/FieldAssets.java; app/src/main/java/game/sanguo/mobile/FilamentMapView.java,bash scripts/test-native-r10.sh,17bd3376508499f2681d3e296939452383506a1e,98edd7f758d41b89826d03e6fd1be3366bbea173d679a58bdd5f157b8e9479f4,该行以注明的host/source/CI为证；设备专项见runtime-cases.json,NOT_RUN,EVIDENCE,13类别×8刚体clip×2mesh及LOD/接触/状态主机检查执行；所有类别/LOD/动作的物理画面和压力帧时未完成。,evidence/host/logs/test-native-r10.log; docs/native-pc-visual/evidence/firebase-20260928/SOURCE-REVIEW.md
R10.I07,R10,LOD/动画降频/远景代理使用滞回，避免缩放时编队跳位置或重新播攻击；换兵装、上下水、死亡/撤走、读档/跳过播放正确收敛。,prompts/R10_PROMPT.md:36,ORIGINAL_ZIP,app/src/main/java/game/sanguo/mobile/UnitVisual.java; app/src/main/java/game/sanguo/mobile/UnitMotion.java; app/src/main/java/game/sanguo/mobile/UnitAnimation.java; app/src/main/java/game/sanguo/mobile/UnitLod.java; app/src/main/java/game/sanguo/mobile/FieldAssets.java; app/src/main/java/game/sanguo/mobile/FilamentMapView.java,bash scripts/test-native-r10.sh,17bd3376508499f2681d3e296939452383506a1e,98edd7f758d41b89826d03e6fd1be3366bbea173d679a58bdd5f157b8e9479f4,该行以注明的host/source/CI为证；设备专项见runtime-cases.json,NOT_RUN,EVIDENCE,13类别×8刚体clip×2mesh及LOD/接触/状态主机检查执行；所有类别/LOD/动作的物理画面和压力帧时未完成。,evidence/host/logs/test-native-r10.log; docs/native-pc-visual/evidence/firebase-20260928/SOURCE-REVIEW.md
R10.V01,R10,全类别资产映射、动作状态切换、LOD/phase/确定性测试，缺失项显式列出。,prompts/R10_PROMPT.md:40,ORIGINAL_ZIP,app/src/main/java/game/sanguo/mobile/UnitVisual.java; app/src/main/java/game/sanguo/mobile/UnitMotion.java; app/src/main/java/game/sanguo/mobile/UnitAnimation.java; app/src/main/java/game/sanguo/mobile/UnitLod.java; app/src/main/java/game/sanguo/mobile/FieldAssets.java; app/src/main/java/game/sanguo/mobile/FilamentMapView.java,bash scripts/test-native-r10.sh,17bd3376508499f2681d3e296939452383506a1e,98edd7f758d41b89826d03e6fd1be3366bbea173d679a58bdd5f157b8e9479f4,该行以注明的host/source/CI为证；设备专项见runtime-cases.json,PASS,NONE,原NativeR10Test实际运行13类别×8clip×2mesh的全映射、LOD/phase/接触/状态检查，2221136断言；这是CPU契约测试，不是全兵种真机美术通过。,evidence/host/logs/test-native-r10.log; docs/native-pc-visual/evidence/firebase-20260928/SOURCE-REVIEW.md
R10.V02,R10,同一行军/攻击序列在无动画、正常、倍速/跳过下权威状态一致。,prompts/R10_PROMPT.md:41,ORIGINAL_ZIP,app/src/main/java/game/sanguo/mobile/UnitVisual.java; app/src/main/java/game/sanguo/mobile/UnitMotion.java; app/src/main/java/game/sanguo/mobile/UnitAnimation.java; app/src/main/java/game/sanguo/mobile/UnitLod.java; app/src/main/java/game/sanguo/mobile/FieldAssets.java; app/src/main/java/game/sanguo/mobile/FilamentMapView.java,bash scripts/test-native-r10.sh,17bd3376508499f2681d3e296939452383506a1e,98edd7f758d41b89826d03e6fd1be3366bbea173d679a58bdd5f157b8e9479f4,该行以注明的host/source/CI为证；设备专项见runtime-cases.json,PASS,NONE,原NativeR10Test及正式FieldSceneFlowTest按相同实际行军/攻击命令比较完整SaveCodec字节，展示模式无规则写入；独立fixture验证，不计入纯触控链。,evidence/host/logs/test-native-r10.log; docs/native-pc-visual/evidence/firebase-20260928/SOURCE-REVIEW.md
R10.V03,R10,实际平地/山路/城门/港口/弯道的脚滑、穿模、漂浮、朝向和水位目视检查。,prompts/R10_PROMPT.md:42,ORIGINAL_ZIP,app/src/main/java/game/sanguo/mobile/UnitVisual.java; app/src/main/java/game/sanguo/mobile/UnitMotion.java; app/src/main/java/game/sanguo/mobile/UnitAnimation.java; app/src/main/java/game/sanguo/mobile/UnitLod.java; app/src/main/java/game/sanguo/mobile/FieldAssets.java; app/src/main/java/game/sanguo/mobile/FilamentMapView.java,bash scripts/test-native-r10.sh,17bd3376508499f2681d3e296939452383506a1e,98edd7f758d41b89826d03e6fd1be3366bbea173d679a58bdd5f157b8e9479f4,该行以注明的host/source/CI为证；设备专项见runtime-cases.json,NOT_RUN,EVIDENCE,13类别×8刚体clip×2mesh及LOD/接触/状态主机检查执行；所有类别/LOD/动作的物理画面和压力帧时未完成。,evidence/host/logs/test-native-r10.log; docs/native-pc-visual/evidence/firebase-20260928/SOURCE-REVIEW.md
R10.V04,R10,大量可见部队测试资源共享、提交量、帧时间，区分 CPU 变形与 GPU 动画。,prompts/R10_PROMPT.md:43,ORIGINAL_ZIP,app/src/main/java/game/sanguo/mobile/UnitVisual.java; app/src/main/java/game/sanguo/mobile/UnitMotion.java; app/src/main/java/game/sanguo/mobile/UnitAnimation.java; app/src/main/java/game/sanguo/mobile/UnitLod.java; app/src/main/java/game/sanguo/mobile/FieldAssets.java; app/src/main/java/game/sanguo/mobile/FilamentMapView.java,bash scripts/test-native-r10.sh,17bd3376508499f2681d3e296939452383506a1e,98edd7f758d41b89826d03e6fd1be3366bbea173d679a58bdd5f157b8e9479f4,该行以注明的host/source/CI为证；设备专项见runtime-cases.json,NOT_RUN,EVIDENCE,13类别×8刚体clip×2mesh及LOD/接触/状态主机检查执行；所有类别/LOD/动作的物理画面和压力帧时未完成。,evidence/host/logs/test-native-r10.log; docs/native-pc-visual/evidence/firebase-20260928/SOURCE-REVIEW.md
R10.V05,R10,实拍至少步兵、骑兵、器械/运输和水军的移动/攻击；真实类别不足用标注过的测试存档。,prompts/R10_PROMPT.md:44,ORIGINAL_ZIP,app/src/main/java/game/sanguo/mobile/UnitVisual.java; app/src/main/java/game/sanguo/mobile/UnitMotion.java; app/src/main/java/game/sanguo/mobile/UnitAnimation.java; app/src/main/java/game/sanguo/mobile/UnitLod.java; app/src/main/java/game/sanguo/mobile/FieldAssets.java; app/src/main/java/game/sanguo/mobile/FilamentMapView.java,bash scripts/test-native-r10.sh,17bd3376508499f2681d3e296939452383506a1e,98edd7f758d41b89826d03e6fd1be3366bbea173d679a58bdd5f157b8e9479f4,该行以注明的host/source/CI为证；设备专项见runtime-cases.json,NOT_RUN,EVIDENCE,13类别×8刚体clip×2mesh及LOD/接触/状态主机检查执行；所有类别/LOD/动作的物理画面和压力帧时未完成。,evidence/host/logs/test-native-r10.log; docs/native-pc-visual/evidence/firebase-20260928/SOURCE-REVIEW.md
R10.G01,R10,现有游戏全部正式部队类别有可用且明确状态的表现；主类型仍是占位几何或只有模型没有行动姿态时相关项不通过。,prompts/R10_PROMPT.md:50,ORIGINAL_ZIP,app/src/main/java/game/sanguo/mobile/UnitVisual.java; app/src/main/java/game/sanguo/mobile/UnitMotion.java; app/src/main/java/game/sanguo/mobile/UnitAnimation.java; app/src/main/java/game/sanguo/mobile/UnitLod.java; app/src/main/java/game/sanguo/mobile/FieldAssets.java; app/src/main/java/game/sanguo/mobile/FilamentMapView.java,bash scripts/test-native-r10.sh,17bd3376508499f2681d3e296939452383506a1e,98edd7f758d41b89826d03e6fd1be3366bbea173d679a58bdd5f157b8e9479f4,该行以注明的host/source/CI为证；设备专项见runtime-cases.json,NOT_RUN,EVIDENCE,13类别×8刚体clip×2mesh及LOD/接触/状态主机检查执行；所有类别/LOD/动作的物理画面和压力帧时未完成。,evidence/host/logs/test-native-r10.log; docs/native-pc-visual/evidence/firebase-20260928/SOURCE-REVIEW.md
R10.D01,R10,正式部队模型/贴图/动画与源文件、类型覆盖/clip 表、运行时同步/LOD 代码与测试、动作录屏、APK、R10 交接。,prompts/R10_PROMPT.md:56,ORIGINAL_ZIP,app/src/main/java/game/sanguo/mobile/UnitVisual.java; app/src/main/java/game/sanguo/mobile/UnitMotion.java; app/src/main/java/game/sanguo/mobile/UnitAnimation.java; app/src/main/java/game/sanguo/mobile/UnitLod.java; app/src/main/java/game/sanguo/mobile/FieldAssets.java; app/src/main/java/game/sanguo/mobile/FilamentMapView.java,bash scripts/test-native-r10.sh,17bd3376508499f2681d3e296939452383506a1e,98edd7f758d41b89826d03e6fd1be3366bbea173d679a58bdd5f157b8e9479f4,该行以注明的host/source/CI为证；设备专项见runtime-cases.json,NOT_RUN,EVIDENCE,13类别×8刚体clip×2mesh及LOD/接触/状态主机检查执行；所有类别/LOD/动作的物理画面和压力帧时未完成。,evidence/host/logs/test-native-r10.log; docs/native-pc-visual/evidence/firebase-20260928/SOURCE-REVIEW.md
R11.I01,R11,盘点实际可产生的表现事件，建立事件 ID→效果/数字/镜头/音效（如已有）映射，复用类型化字段，不解析中文战报来驱动规则。,prompts/R11_PROMPT.md:30,ORIGINAL_ZIP,app/src/main/java/game/sanguo/mobile/CombatVisual.java; app/src/main/java/game/sanguo/mobile/TurnPlayback.java; app/src/main/java/game/sanguo/mobile/FilamentMapView.java,bash scripts/test-native-r11.sh,17bd3376508499f2681d3e296939452383506a1e,98edd7f758d41b89826d03e6fd1be3366bbea173d679a58bdd5f157b8e9479f4,该行以注明的host/source/CI为证；设备专项见runtime-cases.json,NOT_RUN,EVIDENCE,真实命令的独立host fixtures验证typed journals及7表现模式；完整真机事件类别、录像和收益闭环未执行。,evidence/host/logs/test-native-r11.log; docs/native-pc-visual/evidence/firebase-20260928/SOURCE-REVIEW.md
R11.I02,R11,升级箭矢/投射、枪戟/骑兵冲击、器械、船战、火焰烟尘、受击闪烁与必要计谋效果；效果在真实目标/地形位置，不穿地或始终贴屏幕中心。,prompts/R11_PROMPT.md:31,ORIGINAL_ZIP,app/src/main/java/game/sanguo/mobile/CombatVisual.java; app/src/main/java/game/sanguo/mobile/TurnPlayback.java; app/src/main/java/game/sanguo/mobile/FilamentMapView.java,bash scripts/test-native-r11.sh,17bd3376508499f2681d3e296939452383506a1e,98edd7f758d41b89826d03e6fd1be3366bbea173d679a58bdd5f157b8e9479f4,该行以注明的host/source/CI为证；设备专项见runtime-cases.json,NOT_RUN,EVIDENCE,真实命令的独立host fixtures验证typed journals及7表现模式；完整真机事件类别、录像和收益闭环未执行。,evidence/host/logs/test-native-r11.log; docs/native-pc-visual/evidence/firebase-20260928/SOURCE-REVIEW.md
R11.I03,R11,动画节奏与 TurnJournal 路径/impact 对齐，伤害数字来自实际计算结果；特效何时结束不能决定伤害/攻陷是否执行。暂停/倍速/跳过立即、安全收敛。,prompts/R11_PROMPT.md:32,ORIGINAL_ZIP,app/src/main/java/game/sanguo/mobile/CombatVisual.java; app/src/main/java/game/sanguo/mobile/TurnPlayback.java; app/src/main/java/game/sanguo/mobile/FilamentMapView.java,bash scripts/test-native-r11.sh,17bd3376508499f2681d3e296939452383506a1e,98edd7f758d41b89826d03e6fd1be3366bbea173d679a58bdd5f157b8e9479f4,该行以注明的host/source/CI为证；设备专项见runtime-cases.json,NOT_RUN,EVIDENCE,真实命令的独立host fixtures验证typed journals及7表现模式；完整真机事件类别、录像和收益闭环未执行。,evidence/host/logs/test-native-r11.log; docs/native-pc-visual/evidence/firebase-20260928/SOURCE-REVIEW.md
R11.I04,R11,粒子池/mesh/贴图合批有界，透明排序与深度处理清楚；降低质量可削粒子，不漏敌我状态/伤害反馈。远景不必播放所有细粒子。,prompts/R11_PROMPT.md:33,ORIGINAL_ZIP,app/src/main/java/game/sanguo/mobile/CombatVisual.java; app/src/main/java/game/sanguo/mobile/TurnPlayback.java; app/src/main/java/game/sanguo/mobile/FilamentMapView.java,bash scripts/test-native-r11.sh,17bd3376508499f2681d3e296939452383506a1e,98edd7f758d41b89826d03e6fd1be3366bbea173d679a58bdd5f157b8e9479f4,该行以注明的host/source/CI为证；设备专项见runtime-cases.json,NOT_RUN,EVIDENCE,真实命令的独立host fixtures验证typed journals及7表现模式；完整真机事件类别、录像和收益闭环未执行。,evidence/host/logs/test-native-r11.log; docs/native-pc-visual/evidence/firebase-20260928/SOURCE-REVIEW.md
R11.I05,R11,保留暴击头像/战法高光、设施反击、战报和实际收益变化显示；同一个事件不能因 view 重建或相机进入视野重复播放/叠伤害。,prompts/R11_PROMPT.md:34,ORIGINAL_ZIP,app/src/main/java/game/sanguo/mobile/CombatVisual.java; app/src/main/java/game/sanguo/mobile/TurnPlayback.java; app/src/main/java/game/sanguo/mobile/FilamentMapView.java,bash scripts/test-native-r11.sh,17bd3376508499f2681d3e296939452383506a1e,98edd7f758d41b89826d03e6fd1be3366bbea173d679a58bdd5f157b8e9479f4,该行以注明的host/source/CI为证；设备专项见runtime-cases.json,NOT_RUN,EVIDENCE,真实命令的独立host fixtures验证typed journals及7表现模式；完整真机事件类别、录像和收益闭环未执行。,evidence/host/logs/test-native-r11.log; docs/native-pc-visual/evidence/firebase-20260928/SOURCE-REVIEW.md
R11.I06,R11,火场/持续状态从正式状态重建，world replacement/读档/后台恢复后不残留旧火，也不把展示快照写回存档。,prompts/R11_PROMPT.md:35,ORIGINAL_ZIP,app/src/main/java/game/sanguo/mobile/CombatVisual.java; app/src/main/java/game/sanguo/mobile/TurnPlayback.java; app/src/main/java/game/sanguo/mobile/FilamentMapView.java,bash scripts/test-native-r11.sh,17bd3376508499f2681d3e296939452383506a1e,98edd7f758d41b89826d03e6fd1be3366bbea173d679a58bdd5f157b8e9479f4,该行以注明的host/source/CI为证；设备专项见runtime-cases.json,NOT_RUN,EVIDENCE,真实命令的独立host fixtures验证typed journals及7表现模式；完整真机事件类别、录像和收益闭环未执行。,evidence/host/logs/test-native-r11.log; docs/native-pc-visual/evidence/firebase-20260928/SOURCE-REVIEW.md
R11.I07,R11,避免强制镜头运动和慢演示阻碍操作；镜头可打断，跳过不需等全部 GPU 效果自然结束。对已有音频只同步必要触发，不扩大为新声音工程。,prompts/R11_PROMPT.md:36,ORIGINAL_ZIP,app/src/main/java/game/sanguo/mobile/CombatVisual.java; app/src/main/java/game/sanguo/mobile/TurnPlayback.java; app/src/main/java/game/sanguo/mobile/FilamentMapView.java,bash scripts/test-native-r11.sh,17bd3376508499f2681d3e296939452383506a1e,98edd7f758d41b89826d03e6fd1be3366bbea173d679a58bdd5f157b8e9479f4,该行以注明的host/source/CI为证；设备专项见runtime-cases.json,NOT_RUN,EVIDENCE,真实命令的独立host fixtures验证typed journals及7表现模式；完整真机事件类别、录像和收益闭环未执行。,evidence/host/logs/test-native-r11.log; docs/native-pc-visual/evidence/firebase-20260928/SOURCE-REVIEW.md
R11.V01,R11,每个实际事件类别有覆盖测试和真实截图/录屏，事件未出现的测试不能算该类已通过。,prompts/R11_PROMPT.md:40,ORIGINAL_ZIP,app/src/main/java/game/sanguo/mobile/CombatVisual.java; app/src/main/java/game/sanguo/mobile/TurnPlayback.java; app/src/main/java/game/sanguo/mobile/FilamentMapView.java,bash scripts/test-native-r11.sh,17bd3376508499f2681d3e296939452383506a1e,98edd7f758d41b89826d03e6fd1be3366bbea173d679a58bdd5f157b8e9479f4,该行以注明的host/source/CI为证；设备专项见runtime-cases.json,NOT_RUN,EVIDENCE,真实命令的独立host fixtures验证typed journals及7表现模式；完整真机事件类别、录像和收益闭环未执行。,evidence/host/logs/test-native-r11.log; docs/native-pc-visual/evidence/firebase-20260928/SOURCE-REVIEW.md
R11.V02,R11,正常/暂停/倍速/跳过/离开视野/重建界面下比较最终权威状态、事件次数和自动存档。,prompts/R11_PROMPT.md:41,ORIGINAL_ZIP,app/src/main/java/game/sanguo/mobile/CombatVisual.java; app/src/main/java/game/sanguo/mobile/TurnPlayback.java; app/src/main/java/game/sanguo/mobile/FilamentMapView.java,bash scripts/test-native-r11.sh,17bd3376508499f2681d3e296939452383506a1e,98edd7f758d41b89826d03e6fd1be3366bbea173d679a58bdd5f157b8e9479f4,该行以注明的host/source/CI为证；设备专项见runtime-cases.json,NOT_RUN,EVIDENCE,真实命令的独立host fixtures验证typed journals及7表现模式；完整真机事件类别、录像和收益闭环未执行。,evidence/host/logs/test-native-r11.log; docs/native-pc-visual/evidence/firebase-20260928/SOURCE-REVIEW.md
R11.V03,R11,火场跨读档/回合、攻陷/单位消失、播放取消时清理正确。,prompts/R11_PROMPT.md:42,ORIGINAL_ZIP,app/src/main/java/game/sanguo/mobile/CombatVisual.java; app/src/main/java/game/sanguo/mobile/TurnPlayback.java; app/src/main/java/game/sanguo/mobile/FilamentMapView.java,bash scripts/test-native-r11.sh,17bd3376508499f2681d3e296939452383506a1e,98edd7f758d41b89826d03e6fd1be3366bbea173d679a58bdd5f157b8e9479f4,该行以注明的host/source/CI为证；设备专项见runtime-cases.json,NOT_RUN,EVIDENCE,真实命令的独立host fixtures验证typed journals及7表现模式；完整真机事件类别、录像和收益闭环未执行。,evidence/host/logs/test-native-r11.log; docs/native-pc-visual/evidence/firebase-20260928/SOURCE-REVIEW.md
R11.V04,R11,多组同时特效下池容量/内存稳定，无 OOM/漏回调/无限播放。,prompts/R11_PROMPT.md:43,ORIGINAL_ZIP,app/src/main/java/game/sanguo/mobile/CombatVisual.java; app/src/main/java/game/sanguo/mobile/TurnPlayback.java; app/src/main/java/game/sanguo/mobile/FilamentMapView.java,bash scripts/test-native-r11.sh,17bd3376508499f2681d3e296939452383506a1e,98edd7f758d41b89826d03e6fd1be3366bbea173d679a58bdd5f157b8e9479f4,该行以注明的host/source/CI为证；设备专项见runtime-cases.json,NOT_RUN,EVIDENCE,真实命令的独立host fixtures验证typed journals及7表现模式；完整真机事件类别、录像和收益闭环未执行。,evidence/host/logs/test-native-r11.log; docs/native-pc-visual/evidence/firebase-20260928/SOURCE-REVIEW.md
R11.V05,R11,低/中/高档都能辨认攻击对象和结果，数值与战报一致。,prompts/R11_PROMPT.md:44,ORIGINAL_ZIP,app/src/main/java/game/sanguo/mobile/CombatVisual.java; app/src/main/java/game/sanguo/mobile/TurnPlayback.java; app/src/main/java/game/sanguo/mobile/FilamentMapView.java,bash scripts/test-native-r11.sh,17bd3376508499f2681d3e296939452383506a1e,98edd7f758d41b89826d03e6fd1be3366bbea173d679a58bdd5f157b8e9479f4,该行以注明的host/source/CI为证；设备专项见runtime-cases.json,NOT_RUN,EVIDENCE,真实命令的独立host fixtures验证typed journals及7表现模式；完整真机事件类别、录像和收益闭环未执行。,evidence/host/logs/test-native-r11.log; docs/native-pc-visual/evidence/firebase-20260928/SOURCE-REVIEW.md
R11.G01,R11,表现真实对应既有战斗；不新增伤害规则、不以延迟演示控制回合。特效很华丽但卡住下一旬或重复反馈仍失败。,prompts/R11_PROMPT.md:50,ORIGINAL_ZIP,app/src/main/java/game/sanguo/mobile/CombatVisual.java; app/src/main/java/game/sanguo/mobile/TurnPlayback.java; app/src/main/java/game/sanguo/mobile/FilamentMapView.java,bash scripts/test-native-r11.sh,17bd3376508499f2681d3e296939452383506a1e,98edd7f758d41b89826d03e6fd1be3366bbea173d679a58bdd5f157b8e9479f4,该行以注明的host/source/CI为证；设备专项见runtime-cases.json,NOT_RUN,EVIDENCE,真实命令的独立host fixtures验证typed journals及7表现模式；完整真机事件类别、录像和收益闭环未执行。,evidence/host/logs/test-native-r11.log; docs/native-pc-visual/evidence/firebase-20260928/SOURCE-REVIEW.md
R11.D01,R11,正式效果资源/采样与同步代码、事件覆盖表、状态一致性测试、战斗实拍、APK、R11 交接。,prompts/R11_PROMPT.md:56,ORIGINAL_ZIP,app/src/main/java/game/sanguo/mobile/CombatVisual.java; app/src/main/java/game/sanguo/mobile/TurnPlayback.java; app/src/main/java/game/sanguo/mobile/FilamentMapView.java,bash scripts/test-native-r11.sh,17bd3376508499f2681d3e296939452383506a1e,98edd7f758d41b89826d03e6fd1be3366bbea173d679a58bdd5f157b8e9479f4,该行以注明的host/source/CI为证；设备专项见runtime-cases.json,NOT_RUN,EVIDENCE,真实命令的独立host fixtures验证typed journals及7表现模式；完整真机事件类别、录像和收益闭环未执行。,evidence/host/logs/test-native-r11.log; docs/native-pc-visual/evidence/firebase-20260928/SOURCE-REVIEW.md
R12.I01,R12,核查所有既有地图入口和操作是否完整走 3D，包括新剧本势力预览、选城选军、出征、路线/行动范围、战法位移、设施覆盖、围城范围、地图定位和小地图；不可缺项后偷偷退 2D 当实现。,prompts/R12_PROMPT.md:30,ORIGINAL_ZIP,app/src/main/java/game/sanguo/mobile/MainActivity.java; app/src/main/java/game/sanguo/mobile/ScenarioFactionPicker.java; app/src/main/java/game/sanguo/mobile/MapHost.java; app/src/main/java/game/sanguo/mobile/FilamentMapView.java; app/src/main/java/game/sanguo/mobile/presentation/MapLayerData.java,bash scripts/test-native-r12.sh,17bd3376508499f2681d3e296939452383506a1e,98edd7f758d41b89826d03e6fd1be3366bbea173d679a58bdd5f157b8e9479f4,该行以注明的host/source/CI为证；设备专项见runtime-cases.json,NOT_RUN,EVIDENCE,真实新局触控首段和日期专项执行，横屏出征失败；全网格/势力组合、战法/设施/围城/分辨率矩阵未闭合。,evidence/host/logs/test-native-r12.log; docs/native-pc-visual/evidence/firebase-20260928/SOURCE-REVIEW.md
R12.I02,R12,保持“网格”和“势力着色”两个独立持久化开关：四种组合均可用，关网格不改变点击/范围，开势力不强制画所有边线。编辑模式临时强制网格要有明示和恢复策略。,prompts/R12_PROMPT.md:31,ORIGINAL_ZIP,app/src/main/java/game/sanguo/mobile/MainActivity.java; app/src/main/java/game/sanguo/mobile/ScenarioFactionPicker.java; app/src/main/java/game/sanguo/mobile/MapHost.java; app/src/main/java/game/sanguo/mobile/FilamentMapView.java; app/src/main/java/game/sanguo/mobile/presentation/MapLayerData.java,bash scripts/test-native-r12.sh,17bd3376508499f2681d3e296939452383506a1e,98edd7f758d41b89826d03e6fd1be3366bbea173d679a58bdd5f157b8e9479f4,该行以注明的host/source/CI为证；设备专项见runtime-cases.json,NOT_RUN,EVIDENCE,真实新局触控首段和日期专项执行，横屏出征失败；全网格/势力组合、战法/设施/围城/分辨率矩阵未闭合。,evidence/host/logs/test-native-r12.log; docs/native-pc-visual/evidence/firebase-20260928/SOURCE-REVIEW.md
R12.I03,R12,网格/行动范围/路线使用同源地形高度；近处贴地无 z-fight，远景控制视觉密度，颜色不淹没材质。山背后范围的可见策略应明确，不能误以为可穿山。,prompts/R12_PROMPT.md:32,ORIGINAL_ZIP,app/src/main/java/game/sanguo/mobile/MainActivity.java; app/src/main/java/game/sanguo/mobile/ScenarioFactionPicker.java; app/src/main/java/game/sanguo/mobile/MapHost.java; app/src/main/java/game/sanguo/mobile/FilamentMapView.java; app/src/main/java/game/sanguo/mobile/presentation/MapLayerData.java,bash scripts/test-native-r12.sh,17bd3376508499f2681d3e296939452383506a1e,98edd7f758d41b89826d03e6fd1be3366bbea173d679a58bdd5f157b8e9479f4,该行以注明的host/source/CI为证；设备专项见runtime-cases.json,NOT_RUN,EVIDENCE,真实新局触控首段和日期专项执行，横屏出征失败；全网格/势力组合、战法/设施/围城/分辨率矩阵未闭合。,evidence/host/logs/test-native-r12.log; docs/native-pc-visual/evidence/firebase-20260928/SOURCE-REVIEW.md
R12.I04,R12,选择部队只选中，移动/攻击等仍由既有命令流显式触发；预览格集合必须直接来自权威规则，不用渲染器重算射程/可达性。,prompts/R12_PROMPT.md:33,ORIGINAL_ZIP,app/src/main/java/game/sanguo/mobile/MainActivity.java; app/src/main/java/game/sanguo/mobile/ScenarioFactionPicker.java; app/src/main/java/game/sanguo/mobile/MapHost.java; app/src/main/java/game/sanguo/mobile/FilamentMapView.java; app/src/main/java/game/sanguo/mobile/presentation/MapLayerData.java,bash scripts/test-native-r12.sh,17bd3376508499f2681d3e296939452383506a1e,98edd7f758d41b89826d03e6fd1be3366bbea173d679a58bdd5f157b8e9479f4,该行以注明的host/source/CI为证；设备专项见runtime-cases.json,NOT_RUN,EVIDENCE,真实新局触控首段和日期专项执行，横屏出征失败；全网格/势力组合、战法/设施/围城/分辨率矩阵未闭合。,evidence/host/logs/test-native-r12.log; docs/native-pc-visual/evidence/firebase-20260928/SOURCE-REVIEW.md
R12.I05,R12,新开剧本势力着色遵守现有君主/国号、军师等显示语义；城市标签/部队条/目标优先级防重叠，原生 UI 不因 3D Surface 遮挡失效。,prompts/R12_PROMPT.md:34,ORIGINAL_ZIP,app/src/main/java/game/sanguo/mobile/MainActivity.java; app/src/main/java/game/sanguo/mobile/ScenarioFactionPicker.java; app/src/main/java/game/sanguo/mobile/MapHost.java; app/src/main/java/game/sanguo/mobile/FilamentMapView.java; app/src/main/java/game/sanguo/mobile/presentation/MapLayerData.java,bash scripts/test-native-r12.sh,17bd3376508499f2681d3e296939452383506a1e,98edd7f758d41b89826d03e6fd1be3366bbea173d679a58bdd5f157b8e9479f4,该行以注明的host/source/CI为证；设备专项见runtime-cases.json,NOT_RUN,EVIDENCE,真实新局触控首段和日期专项执行，横屏出征失败；全网格/势力组合、战法/设施/围城/分辨率矩阵未闭合。,evidence/host/logs/test-native-r12.log; docs/native-pc-visual/evidence/firebase-20260928/SOURCE-REVIEW.md
R12.I06,R12,顶部日期/年月旬、行动力、常用导航和底部操作条在不同屏幕可读；保留现有现代 UI，修布局不大改功能树。面板打开不吞掉必要地图视域或漏触到地图。,prompts/R12_PROMPT.md:35,ORIGINAL_ZIP,app/src/main/java/game/sanguo/mobile/MainActivity.java; app/src/main/java/game/sanguo/mobile/ScenarioFactionPicker.java; app/src/main/java/game/sanguo/mobile/MapHost.java; app/src/main/java/game/sanguo/mobile/FilamentMapView.java; app/src/main/java/game/sanguo/mobile/presentation/MapLayerData.java; app/src/main/java/game/sanguo/mobile/DeployWizard.java,bash scripts/test-native-r12.sh,17bd3376508499f2681d3e296939452383506a1e,98edd7f758d41b89826d03e6fd1be3366bbea173d679a58bdd5f157b8e9479f4,Pixel8/shiba API35; GalaxyS9/starlte API29,FAIL,IMPLEMENTATION_UI,Pixel8/API35和GalaxyS9/API29横屏DeployWizard将武将列表挤至无可见区域，不能触点选将；原始整屏与UI树一致。日期正常子项独立记录。,evidence/host/logs/test-native-r12.log; docs/native-pc-visual/evidence/firebase-20260928/SOURCE-REVIEW.md; evidence/api35-second/recovered/firebase-audit/raw/36365917134-1/shiba-35-zh_CN-landscape/test_result_1.xml; evidence/api35-second/recovered/firebase-audit/raw/36365917134-1/shiba-35-zh_CN-landscape/artifacts/sdcard/Android/data/game.sanguo.mobile.dev/files/s01/acceptance-failure-1.png
R12.I07,R12,小地图/总览/列表定位与 3D 相机一致；读档/重建保持选择/开关设定。可保留二维 UI 绘制，禁止假装全部 UI 也必须 3D。,prompts/R12_PROMPT.md:36,ORIGINAL_ZIP,app/src/main/java/game/sanguo/mobile/MainActivity.java; app/src/main/java/game/sanguo/mobile/ScenarioFactionPicker.java; app/src/main/java/game/sanguo/mobile/MapHost.java; app/src/main/java/game/sanguo/mobile/FilamentMapView.java; app/src/main/java/game/sanguo/mobile/presentation/MapLayerData.java,bash scripts/test-native-r12.sh,17bd3376508499f2681d3e296939452383506a1e,98edd7f758d41b89826d03e6fd1be3366bbea173d679a58bdd5f157b8e9479f4,该行以注明的host/source/CI为证；设备专项见runtime-cases.json,NOT_RUN,EVIDENCE,真实新局触控首段和日期专项执行，横屏出征失败；全网格/势力组合、战法/设施/围城/分辨率矩阵未闭合。,evidence/host/logs/test-native-r12.log; docs/native-pc-visual/evidence/firebase-20260928/SOURCE-REVIEW.md
R12.V01,R12,网格×势力四组合、退出重进/重建/读档/切换 2D 的持久化与状态对等。,prompts/R12_PROMPT.md:40,ORIGINAL_ZIP,app/src/main/java/game/sanguo/mobile/MainActivity.java; app/src/main/java/game/sanguo/mobile/ScenarioFactionPicker.java; app/src/main/java/game/sanguo/mobile/MapHost.java; app/src/main/java/game/sanguo/mobile/FilamentMapView.java; app/src/main/java/game/sanguo/mobile/presentation/MapLayerData.java,bash scripts/test-native-r12.sh,17bd3376508499f2681d3e296939452383506a1e,98edd7f758d41b89826d03e6fd1be3366bbea173d679a58bdd5f157b8e9479f4,该行以注明的host/source/CI为证；设备专项见runtime-cases.json,NOT_RUN,EVIDENCE,真实新局触控首段和日期专项执行，横屏出征失败；全网格/势力组合、战法/设施/围城/分辨率矩阵未闭合。,evidence/host/logs/test-native-r12.log; docs/native-pc-visual/evidence/firebase-20260928/SOURCE-REVIEW.md
R12.V02,R12,移动/攻击/战法位移/设施范围/围城范围与旧 2D/权威集合逐项一致。,prompts/R12_PROMPT.md:41,ORIGINAL_ZIP,app/src/main/java/game/sanguo/mobile/MainActivity.java; app/src/main/java/game/sanguo/mobile/ScenarioFactionPicker.java; app/src/main/java/game/sanguo/mobile/MapHost.java; app/src/main/java/game/sanguo/mobile/FilamentMapView.java; app/src/main/java/game/sanguo/mobile/presentation/MapLayerData.java,bash scripts/test-native-r12.sh,17bd3376508499f2681d3e296939452383506a1e,98edd7f758d41b89826d03e6fd1be3366bbea173d679a58bdd5f157b8e9479f4,该行以注明的host/source/CI为证；设备专项见runtime-cases.json,NOT_RUN,EVIDENCE,真实新局触控首段和日期专项执行，横屏出征失败；全网格/势力组合、战法/设施/围城/分辨率矩阵未闭合。,evidence/host/logs/test-native-r12.log; docs/native-pc-visual/evidence/firebase-20260928/SOURCE-REVIEW.md
R12.V03,R12,大屏/小屏、横竖屏支持范围、面板遮挡、缩放/旋转、动态分辨率触点一致性。,prompts/R12_PROMPT.md:42,ORIGINAL_ZIP,app/src/main/java/game/sanguo/mobile/MainActivity.java; app/src/main/java/game/sanguo/mobile/ScenarioFactionPicker.java; app/src/main/java/game/sanguo/mobile/MapHost.java; app/src/main/java/game/sanguo/mobile/FilamentMapView.java; app/src/main/java/game/sanguo/mobile/presentation/MapLayerData.java; app/src/main/java/game/sanguo/mobile/DeployWizard.java,bash scripts/test-native-r12.sh,17bd3376508499f2681d3e296939452383506a1e,98edd7f758d41b89826d03e6fd1be3366bbea173d679a58bdd5f157b8e9479f4,Pixel8/shiba API35; GalaxyS9/starlte API29,FAIL,EXECUTION_UI,两API真实横屏出征窗口的ListView无可见边界；支持布局的复合验收已遇失败，其他方向/分辨率另列。,evidence/host/logs/test-native-r12.log; docs/native-pc-visual/evidence/firebase-20260928/SOURCE-REVIEW.md; evidence/api35-second/recovered/firebase-audit/raw/36365917134-1/shiba-35-zh_CN-landscape/test_result_1.xml; evidence/api35-second/recovered/firebase-audit/raw/36365917134-1/shiba-35-zh_CN-landscape/artifacts/sdcard/Android/data/game.sanguo.mobile.dev/files/s01/acceptance-failure-1.png
R12.V04,R12,实際新剧本选势力→开局→选军→移动/攻击→战报→下一旬流程。,prompts/R12_PROMPT.md:43,ORIGINAL_ZIP,app/src/main/java/game/sanguo/mobile/MainActivity.java; app/src/main/java/game/sanguo/mobile/ScenarioFactionPicker.java; app/src/main/java/game/sanguo/mobile/MapHost.java; app/src/main/java/game/sanguo/mobile/FilamentMapView.java; app/src/main/java/game/sanguo/mobile/presentation/MapLayerData.java; app/src/main/java/game/sanguo/mobile/DeployWizard.java,bash scripts/test-native-r12.sh,17bd3376508499f2681d3e296939452383506a1e,98edd7f758d41b89826d03e6fd1be3366bbea173d679a58bdd5f157b8e9479f4,Pixel8/shiba API35; GalaxyS9/starlte API29,FAIL,EXECUTION_UI,从真实冷启动进入游戏后，两API横屏出征在选择武将处失败；API29竖屏另一个case完成出征/移动，因探针路线未到攻击位置而失败。未拼接不同case为完整链。,evidence/host/logs/test-native-r12.log; docs/native-pc-visual/evidence/firebase-20260928/SOURCE-REVIEW.md; evidence/api35-second/recovered/firebase-audit/raw/36365917134-1/shiba-35-zh_CN-landscape/test_result_1.xml; evidence/api35-second/recovered/firebase-audit/raw/36365917134-1/shiba-35-zh_CN-landscape/artifacts/sdcard/Android/data/game.sanguo.mobile.dev/files/s01/acceptance-failure-1.png
R12.V05,R12,标签没有大面积遮住城港关/可操作区域，辅助显示关闭后连续世界仍成立。,prompts/R12_PROMPT.md:44,ORIGINAL_ZIP,app/src/main/java/game/sanguo/mobile/MainActivity.java; app/src/main/java/game/sanguo/mobile/ScenarioFactionPicker.java; app/src/main/java/game/sanguo/mobile/MapHost.java; app/src/main/java/game/sanguo/mobile/FilamentMapView.java; app/src/main/java/game/sanguo/mobile/presentation/MapLayerData.java,bash scripts/test-native-r12.sh,17bd3376508499f2681d3e296939452383506a1e,98edd7f758d41b89826d03e6fd1be3366bbea173d679a58bdd5f157b8e9479f4,该行以注明的host/source/CI为证；设备专项见runtime-cases.json,NOT_RUN,EVIDENCE,真实新局触控首段和日期专项执行，横屏出征失败；全网格/势力组合、战法/设施/围城/分辨率矩阵未闭合。,evidence/host/logs/test-native-r12.log; docs/native-pc-visual/evidence/firebase-20260928/SOURCE-REVIEW.md
R12.G01,R12,本阶段范围内的既有地图交互全部可用，不依靠暗中回退 2D。因明确硬件不支持而回退可以，但不能计入 3D 功能通过。,prompts/R12_PROMPT.md:50,ORIGINAL_ZIP,app/src/main/java/game/sanguo/mobile/MainActivity.java; app/src/main/java/game/sanguo/mobile/ScenarioFactionPicker.java; app/src/main/java/game/sanguo/mobile/MapHost.java; app/src/main/java/game/sanguo/mobile/FilamentMapView.java; app/src/main/java/game/sanguo/mobile/presentation/MapLayerData.java; app/src/main/java/game/sanguo/mobile/DeployWizard.java,bash scripts/test-native-r12.sh,17bd3376508499f2681d3e296939452383506a1e,98edd7f758d41b89826d03e6fd1be3366bbea173d679a58bdd5f157b8e9479f4,Pixel8/shiba API35; GalaxyS9/starlte API29,FAIL,EXECUTION_UI,横屏既有出征交互不可达，整阶段交互不可宣称全部可用。,evidence/host/logs/test-native-r12.log; docs/native-pc-visual/evidence/firebase-20260928/SOURCE-REVIEW.md; evidence/api35-second/recovered/firebase-audit/raw/36365917134-1/shiba-35-zh_CN-landscape/test_result_1.xml; evidence/api35-second/recovered/firebase-audit/raw/36365917134-1/shiba-35-zh_CN-landscape/artifacts/sdcard/Android/data/game.sanguo.mobile.dev/files/s01/acceptance-failure-1.png
R12.D01,R12,正式 Overlay/输入/UI 接入与修复、功能覆盖矩阵、四组合与实操录屏、APK、R12 交接。,prompts/R12_PROMPT.md:56,ORIGINAL_ZIP,app/src/main/java/game/sanguo/mobile/MainActivity.java; app/src/main/java/game/sanguo/mobile/ScenarioFactionPicker.java; app/src/main/java/game/sanguo/mobile/MapHost.java; app/src/main/java/game/sanguo/mobile/FilamentMapView.java; app/src/main/java/game/sanguo/mobile/presentation/MapLayerData.java,bash scripts/test-native-r12.sh,17bd3376508499f2681d3e296939452383506a1e,98edd7f758d41b89826d03e6fd1be3366bbea173d679a58bdd5f157b8e9479f4,该行以注明的host/source/CI为证；设备专项见runtime-cases.json,NOT_RUN,EVIDENCE,真实新局触控首段和日期专项执行，横屏出征失败；全网格/势力组合、战法/设施/围城/分辨率矩阵未闭合。,evidence/host/logs/test-native-r12.log; docs/native-pc-visual/evidence/firebase-20260928/SOURCE-REVIEW.md
R13.I01,R13,逐项核验既有地图编辑：地形笔刷、城港关新增/移动/修改/删除、撤销重做（已有则保留）、保存自定义地图、新开剧本实际游玩和增量 patch 导入导出。不能只保留编辑 UI 不更新正式 3D。,prompts/R13_PROMPT.md:30,ORIGINAL_ZIP,app/src/main/java/game/sanguo/mobile/MapEditorActivity.java; app/src/main/java/game/sanguo/mobile/MapLibrary.java; app/src/main/java/game/sanguo/mobile/MapHost.java; core/src/main/java/game/sanguo/core/MapPatch.java,bash scripts/test-native-r13.sh,17bd3376508499f2681d3e296939452383506a1e,98edd7f758d41b89826d03e6fd1be3366bbea173d679a58bdd5f157b8e9479f4,该行以注明的host/source/CI为证；设备专项见runtime-cases.json,NOT_RUN,EVIDENCE,笔刷/地图事务/自定义角色包安全等主机检查执行；系统SAF、全部编辑CRUD/新局/头像的真机端到端未执行。,evidence/host/logs/test-native-r13-jdk17.log; docs/native-pc-visual/evidence/firebase-20260928/SOURCE-REVIEW.md
R13.I02,R13,笔刷/选区与 R02 拾取、R12 Overlay 同源，倾斜/旋转视图不误刷；UI 面板/手势切换不漏编辑。提交通过已有编辑事务/校验，不让 renderer 直接改 World。,prompts/R13_PROMPT.md:31,ORIGINAL_ZIP,app/src/main/java/game/sanguo/mobile/MapEditorActivity.java; app/src/main/java/game/sanguo/mobile/MapLibrary.java; app/src/main/java/game/sanguo/mobile/MapHost.java; core/src/main/java/game/sanguo/core/MapPatch.java,bash scripts/test-native-r13.sh,17bd3376508499f2681d3e296939452383506a1e,98edd7f758d41b89826d03e6fd1be3366bbea173d679a58bdd5f157b8e9479f4,该行以注明的host/source/CI为证；设备专项见runtime-cases.json,NOT_RUN,EVIDENCE,笔刷/地图事务/自定义角色包安全等主机检查执行；系统SAF、全部编辑CRUD/新局/头像的真机端到端未执行。,evidence/host/logs/test-native-r13-jdk17.log; docs/native-pc-visual/evidence/firebase-20260928/SOURCE-REVIEW.md
R13.I03,R13,完善编辑后的有界增量更新：地形高度/材质、水岸/连通分量、道路/植被、建筑地基/朝向同时失效，旧任务被 generation 拒绝，未受影响块保持缓存。,prompts/R13_PROMPT.md:32,ORIGINAL_ZIP,app/src/main/java/game/sanguo/mobile/MapEditorActivity.java; app/src/main/java/game/sanguo/mobile/MapLibrary.java; app/src/main/java/game/sanguo/mobile/MapHost.java; core/src/main/java/game/sanguo/core/MapPatch.java,bash scripts/test-native-r13.sh,17bd3376508499f2681d3e296939452383506a1e,98edd7f758d41b89826d03e6fd1be3366bbea173d679a58bdd5f157b8e9479f4,该行以注明的host/source/CI为证；设备专项见runtime-cases.json,NOT_RUN,EVIDENCE,笔刷/地图事务/自定义角色包安全等主机检查执行；系统SAF、全部编辑CRUD/新局/头像的真机端到端未执行。,evidence/host/logs/test-native-r13-jdk17.log; docs/native-pc-visual/evidence/firebase-20260928/SOURCE-REVIEW.md
R13.I04,R13,为实际需要的纯视觉参数提供版本化记录：区域 profile、视觉高度/材质覆盖、装饰 seed/密度等。复用已有存储，不新增无用的第二套编辑器；逻辑 patch 与 visual patch 区分并共享明确地图指纹。,prompts/R13_PROMPT.md:33,ORIGINAL_ZIP,app/src/main/java/game/sanguo/mobile/MapEditorActivity.java; app/src/main/java/game/sanguo/mobile/MapLibrary.java; app/src/main/java/game/sanguo/mobile/MapHost.java; core/src/main/java/game/sanguo/core/MapPatch.java,bash scripts/test-native-r13.sh,17bd3376508499f2681d3e296939452383506a1e,98edd7f758d41b89826d03e6fd1be3366bbea173d679a58bdd5f157b8e9479f4,该行以注明的host/source/CI为证；设备专项见runtime-cases.json,NOT_RUN,EVIDENCE,笔刷/地图事务/自定义角色包安全等主机检查执行；系统SAF、全部编辑CRUD/新局/头像的真机端到端未执行。,evidence/host/logs/test-native-r13-jdk17.log; docs/native-pc-visual/evidence/firebase-20260928/SOURCE-REVIEW.md
R13.I05,R13,保留普通/旧版/自定义存档及武将自定义/头像导入内容。纯视觉版本升级不能强制重开局、搬动城市或覆盖旧存档；视觉数据缺失/损坏可回默认风格，原游戏数据不损坏。,prompts/R13_PROMPT.md:34,ORIGINAL_ZIP,app/src/main/java/game/sanguo/mobile/MapEditorActivity.java; app/src/main/java/game/sanguo/mobile/MapLibrary.java; app/src/main/java/game/sanguo/mobile/MapHost.java; core/src/main/java/game/sanguo/core/MapPatch.java,bash scripts/test-native-r13.sh,17bd3376508499f2681d3e296939452383506a1e,98edd7f758d41b89826d03e6fd1be3366bbea173d679a58bdd5f157b8e9479f4,该行以注明的host/source/CI为证；设备专项见runtime-cases.json,NOT_RUN,EVIDENCE,笔刷/地图事务/自定义角色包安全等主机检查执行；系统SAF、全部编辑CRUD/新局/头像的真机端到端未执行。,evidence/host/logs/test-native-r13-jdk17.log; docs/native-pc-visual/evidence/firebase-20260928/SOURCE-REVIEW.md
R13.I06,R13,导入导出设置大小、数量、版本/枚举、路径/URI 和数值边界，拒绝不支持/恶意输入；原子保存，失败不能留下半份地图或污染会话。,prompts/R13_PROMPT.md:35,ORIGINAL_ZIP,app/src/main/java/game/sanguo/mobile/MapEditorActivity.java; app/src/main/java/game/sanguo/mobile/MapLibrary.java; app/src/main/java/game/sanguo/mobile/MapHost.java; core/src/main/java/game/sanguo/core/MapPatch.java,bash scripts/test-native-r13.sh,17bd3376508499f2681d3e296939452383506a1e,98edd7f758d41b89826d03e6fd1be3366bbea173d679a58bdd5f157b8e9479f4,该行以注明的host/source/CI为证；设备专项见runtime-cases.json,NOT_RUN,EVIDENCE,笔刷/地图事务/自定义角色包安全等主机检查执行；系统SAF、全部编辑CRUD/新局/头像的真机端到端未执行。,evidence/host/logs/test-native-r13-jdk17.log; docs/native-pc-visual/evidence/firebase-20260928/SOURCE-REVIEW.md
R13.I07,R13,测试新建自定义城/港/关在 3D 资源映射和玩法中的真实可用性，地图更名/复制/不同剧本重用不会碰撞缓存键；自定义武将不因渲染改造丢属性/关系/头像。,prompts/R13_PROMPT.md:36,ORIGINAL_ZIP,app/src/main/java/game/sanguo/mobile/MapEditorActivity.java; app/src/main/java/game/sanguo/mobile/MapLibrary.java; app/src/main/java/game/sanguo/mobile/MapHost.java; core/src/main/java/game/sanguo/core/MapPatch.java,bash scripts/test-native-r13.sh,17bd3376508499f2681d3e296939452383506a1e,98edd7f758d41b89826d03e6fd1be3366bbea173d679a58bdd5f157b8e9479f4,该行以注明的host/source/CI为证；设备专项见runtime-cases.json,NOT_RUN,EVIDENCE,笔刷/地图事务/自定义角色包安全等主机检查执行；系统SAF、全部编辑CRUD/新局/头像的真机端到端未执行。,evidence/host/logs/test-native-r13-jdk17.log; docs/native-pc-visual/evidence/firebase-20260928/SOURCE-REVIEW.md
R13.V01,R13,地形编辑、全部据点 CRUD、连续撤销/重做、导入导出、关闭重开、作为新剧本游玩的端到端矩阵。,prompts/R13_PROMPT.md:40,ORIGINAL_ZIP,app/src/main/java/game/sanguo/mobile/MapEditorActivity.java; app/src/main/java/game/sanguo/mobile/MapLibrary.java; app/src/main/java/game/sanguo/mobile/MapHost.java; core/src/main/java/game/sanguo/core/MapPatch.java,bash scripts/test-native-r13.sh,17bd3376508499f2681d3e296939452383506a1e,98edd7f758d41b89826d03e6fd1be3366bbea173d679a58bdd5f157b8e9479f4,该行以注明的host/source/CI为证；设备专项见runtime-cases.json,NOT_RUN,EVIDENCE,笔刷/地图事务/自定义角色包安全等主机检查执行；系统SAF、全部编辑CRUD/新局/头像的真机端到端未执行。,evidence/host/logs/test-native-r13-jdk17.log; docs/native-pc-visual/evidence/firebase-20260928/SOURCE-REVIEW.md
R13.V02,R13,2D 编辑→3D 看、3D 编辑→2D 看一致；权威 patch 结果不受视角影响。,prompts/R13_PROMPT.md:41,ORIGINAL_ZIP,app/src/main/java/game/sanguo/mobile/MapEditorActivity.java; app/src/main/java/game/sanguo/mobile/MapLibrary.java; app/src/main/java/game/sanguo/mobile/MapHost.java; core/src/main/java/game/sanguo/core/MapPatch.java,bash scripts/test-native-r13.sh,17bd3376508499f2681d3e296939452383506a1e,98edd7f758d41b89826d03e6fd1be3366bbea173d679a58bdd5f157b8e9479f4,该行以注明的host/source/CI为证；设备专项见runtime-cases.json,NOT_RUN,EVIDENCE,笔刷/地图事务/自定义角色包安全等主机检查执行；系统SAF、全部编辑CRUD/新局/头像的真机端到端未执行。,evidence/host/logs/test-native-r13-jdk17.log; docs/native-pc-visual/evidence/firebase-20260928/SOURCE-REVIEW.md
R13.V03,R13,旧存档/自定义地图/武将覆盖与头像导入回归，失败导入不修改现有会话。,prompts/R13_PROMPT.md:42,ORIGINAL_ZIP,app/src/main/java/game/sanguo/mobile/MapEditorActivity.java; app/src/main/java/game/sanguo/mobile/MapLibrary.java; app/src/main/java/game/sanguo/mobile/MapHost.java; core/src/main/java/game/sanguo/core/MapPatch.java,bash scripts/test-native-r13.sh,17bd3376508499f2681d3e296939452383506a1e,98edd7f758d41b89826d03e6fd1be3366bbea173d679a58bdd5f157b8e9479f4,该行以注明的host/source/CI为证；设备专项见runtime-cases.json,NOT_RUN,EVIDENCE,笔刷/地图事务/自定义角色包安全等主机检查执行；系统SAF、全部编辑CRUD/新局/头像的真机端到端未执行。,evidence/host/logs/test-native-r13-jdk17.log; docs/native-pc-visual/evidence/firebase-20260928/SOURCE-REVIEW.md
R13.V04,R13,修改一格只重建必要 halo；频繁拖笔刷不积压无界 worker 或把旧结果覆盖新编辑。,prompts/R13_PROMPT.md:43,ORIGINAL_ZIP,app/src/main/java/game/sanguo/mobile/MapEditorActivity.java; app/src/main/java/game/sanguo/mobile/MapLibrary.java; app/src/main/java/game/sanguo/mobile/MapHost.java; core/src/main/java/game/sanguo/core/MapPatch.java,bash scripts/test-native-r13.sh,17bd3376508499f2681d3e296939452383506a1e,98edd7f758d41b89826d03e6fd1be3366bbea173d679a58bdd5f157b8e9479f4,该行以注明的host/source/CI为证；设备专项见runtime-cases.json,NOT_RUN,EVIDENCE,笔刷/地图事务/自定义角色包安全等主机检查执行；系统SAF、全部编辑CRUD/新局/头像的真机端到端未执行。,evidence/host/logs/test-native-r13-jdk17.log; docs/native-pc-visual/evidence/firebase-20260928/SOURCE-REVIEW.md
R13.V05,R13,断写/超限/未知版本/路径穿越/损坏视觉数据安全拒绝或明确回退。,prompts/R13_PROMPT.md:44,ORIGINAL_ZIP,app/src/main/java/game/sanguo/mobile/MapEditorActivity.java; app/src/main/java/game/sanguo/mobile/MapLibrary.java; app/src/main/java/game/sanguo/mobile/MapHost.java; core/src/main/java/game/sanguo/core/MapPatch.java,bash scripts/test-native-r13.sh,17bd3376508499f2681d3e296939452383506a1e,98edd7f758d41b89826d03e6fd1be3366bbea173d679a58bdd5f157b8e9479f4,该行以注明的host/source/CI为证；设备专项见runtime-cases.json,NOT_RUN,EVIDENCE,笔刷/地图事务/自定义角色包安全等主机检查执行；系统SAF、全部编辑CRUD/新局/头像的真机端到端未执行。,evidence/host/logs/test-native-r13-jdk17.log; docs/native-pc-visual/evidence/firebase-20260928/SOURCE-REVIEW.md
R13.G01,R13,编辑后的自定义地图能真实开局和游玩，旧数据不丢；只显示编辑预览却未保存/未接新剧本不得通过。,prompts/R13_PROMPT.md:50,ORIGINAL_ZIP,app/src/main/java/game/sanguo/mobile/MapEditorActivity.java; app/src/main/java/game/sanguo/mobile/MapLibrary.java; app/src/main/java/game/sanguo/mobile/MapHost.java; core/src/main/java/game/sanguo/core/MapPatch.java,bash scripts/test-native-r13.sh,17bd3376508499f2681d3e296939452383506a1e,98edd7f758d41b89826d03e6fd1be3366bbea173d679a58bdd5f157b8e9479f4,该行以注明的host/source/CI为证；设备专项见runtime-cases.json,NOT_RUN,EVIDENCE,笔刷/地图事务/自定义角色包安全等主机检查执行；系统SAF、全部编辑CRUD/新局/头像的真机端到端未执行。,evidence/host/logs/test-native-r13-jdk17.log; docs/native-pc-visual/evidence/firebase-20260928/SOURCE-REVIEW.md
R13.D01,R13,正式编辑/可视 patch/缓存/保存接入代码与测试、格式与迁移说明、CRUD/开局录屏、APK、R13 交接。,prompts/R13_PROMPT.md:56,ORIGINAL_ZIP,app/src/main/java/game/sanguo/mobile/MapEditorActivity.java; app/src/main/java/game/sanguo/mobile/MapLibrary.java; app/src/main/java/game/sanguo/mobile/MapHost.java; core/src/main/java/game/sanguo/core/MapPatch.java,bash scripts/test-native-r13.sh,17bd3376508499f2681d3e296939452383506a1e,98edd7f758d41b89826d03e6fd1be3366bbea173d679a58bdd5f157b8e9479f4,该行以注明的host/source/CI为证；设备专项见runtime-cases.json,NOT_RUN,EVIDENCE,笔刷/地图事务/自定义角色包安全等主机检查执行；系统SAF、全部编辑CRUD/新局/头像的真机端到端未执行。,evidence/host/logs/test-native-r13-jdk17.log; docs/native-pc-visual/evidence/firebase-20260928/SOURCE-REVIEW.md
R14.I01,R14,从 V2 对照归纳统一色板、明暗层次、材质粗糙度、轮廓与远近景层次；明确项目自选艺术实现，不宣称原版内部 Shader 的精确算法。,prompts/R14_PROMPT.md:30,ORIGINAL_ZIP,app/src/main/java/game/sanguo/mobile/SeasonStyle.java; app/src/main/java/game/sanguo/mobile/EnvironmentProfile.java; app/src/main/java/game/sanguo/mobile/FilamentMapView.java,bash scripts/test-native-r14.sh,17bd3376508499f2681d3e296939452383506a1e,98edd7f758d41b89826d03e6fd1be3366bbea173d679a58bdd5f157b8e9479f4,该行以注明的host/source/CI为证；设备专项见runtime-cases.json,NOT_RUN,EVIDENCE,日期/季节/存档/权威590条主机检查执行；两API正常跨月权威/snapshot/UI文本/整屏已核对；四季×三景别×网格和三画质实际图组未完成。,evidence/host/logs/test-native-r14.log; docs/native-pc-visual/evidence/firebase-20260928/SOURCE-REVIEW.md
R14.I02,R14,在选定后端完善柔和方向光/环境填光，统一地形与对象材质响应。阴影优先稳定且经济的方案，控制 acne/peter-panning、远景闪烁与边界；低档可用合适简化，但不能全部悬浮无接地感。,prompts/R14_PROMPT.md:31,ORIGINAL_ZIP,app/src/main/java/game/sanguo/mobile/SeasonStyle.java; app/src/main/java/game/sanguo/mobile/EnvironmentProfile.java; app/src/main/java/game/sanguo/mobile/FilamentMapView.java,bash scripts/test-native-r14.sh,17bd3376508499f2681d3e296939452383506a1e,98edd7f758d41b89826d03e6fd1be3366bbea173d679a58bdd5f157b8e9479f4,该行以注明的host/source/CI为证；设备专项见runtime-cases.json,NOT_RUN,EVIDENCE,日期/季节/存档/权威590条主机检查执行；两API正常跨月权威/snapshot/UI文本/整屏已核对；四季×三景别×网格和三画质实际图组未完成。,evidence/host/logs/test-native-r14.log; docs/native-pc-visual/evidence/firebase-20260928/SOURCE-REVIEW.md
R14.I03,R14,彩墨处理优先来自资产与材质，结合适度调色/轮廓强化/距离或高度雾；避免全屏重描边、塑料反光、纯灰大雾和过曝。UI 和数字不被世界后处理染糊。,prompts/R14_PROMPT.md:32,ORIGINAL_ZIP,app/src/main/java/game/sanguo/mobile/SeasonStyle.java; app/src/main/java/game/sanguo/mobile/EnvironmentProfile.java; app/src/main/java/game/sanguo/mobile/FilamentMapView.java,bash scripts/test-native-r14.sh,17bd3376508499f2681d3e296939452383506a1e,98edd7f758d41b89826d03e6fd1be3366bbea173d679a58bdd5f157b8e9479f4,该行以注明的host/source/CI为证；设备专项见runtime-cases.json,NOT_RUN,EVIDENCE,日期/季节/存档/权威590条主机检查执行；两API正常跨月权威/snapshot/UI文本/整屏已核对；四季×三景别×网格和三画质实际图组未完成。,evidence/host/logs/test-native-r14.log; docs/native-pc-visual/evidence/firebase-20260928/SOURCE-REVIEW.md
R14.I04,R14,雾层/云层按深度、距离与场景约束实现，不能遮住主操作区、掩盖接缝/缺模或让近景与 PC 对照不可比；记录透明过绘成本和低档策略。,prompts/R14_PROMPT.md:33,ORIGINAL_ZIP,app/src/main/java/game/sanguo/mobile/SeasonStyle.java; app/src/main/java/game/sanguo/mobile/EnvironmentProfile.java; app/src/main/java/game/sanguo/mobile/FilamentMapView.java,bash scripts/test-native-r14.sh,17bd3376508499f2681d3e296939452383506a1e,98edd7f758d41b89826d03e6fd1be3366bbea173d679a58bdd5f157b8e9479f4,该行以注明的host/source/CI为证；设备专项见runtime-cases.json,BLOCKED,REFERENCE_EVIDENCE,日期/季节/存档/权威590条主机检查执行；两API正常跨月权威/snapshot/UI文本/整屏已核对；四季×三景别×网格和三画质实际图组未完成。 现有参考索引有图，但区域/季节/相机/版本不全，未取得此条所需可比图组。,evidence/host/logs/test-native-r14.log; docs/native-pc-visual/evidence/firebase-20260928/SOURCE-REVIEW.md
R14.I05,R14,四季由现有日期/季节投影驱动，统一地表色、树叶/农田、环境光与必要雪覆盖；变化不得改变 water/terrain type、行军/收入规则，不能每旬重载全国全部资源。,prompts/R14_PROMPT.md:34,ORIGINAL_ZIP,app/src/main/java/game/sanguo/mobile/SeasonStyle.java; app/src/main/java/game/sanguo/mobile/EnvironmentProfile.java; app/src/main/java/game/sanguo/mobile/FilamentMapView.java,bash scripts/test-native-r14.sh,17bd3376508499f2681d3e296939452383506a1e,98edd7f758d41b89826d03e6fd1be3366bbea173d679a58bdd5f157b8e9479f4,该行以注明的host/source/CI为证；设备专项见runtime-cases.json,NOT_RUN,EVIDENCE,日期/季节/存档/权威590条主机检查执行；两API正常跨月权威/snapshot/UI文本/整屏已核对；四季×三景别×网格和三画质实际图组未完成。,evidence/host/logs/test-native-r14.log; docs/native-pc-visual/evidence/firebase-20260928/SOURCE-REVIEW.md
R14.I06,R14,季节读取/跳转/读档后状态一致；调试强制季节只属于显示测试，不反写权威年月。仅在参考/原有规则支持时表现冰雪，不因视觉冻结河面改变通行。,prompts/R14_PROMPT.md:35,ORIGINAL_ZIP,app/src/main/java/game/sanguo/mobile/SeasonStyle.java; app/src/main/java/game/sanguo/mobile/EnvironmentProfile.java; app/src/main/java/game/sanguo/mobile/FilamentMapView.java,bash scripts/test-native-r14.sh,17bd3376508499f2681d3e296939452383506a1e,98edd7f758d41b89826d03e6fd1be3366bbea173d679a58bdd5f157b8e9479f4,该行以注明的host/source/CI为证；设备专项见runtime-cases.json,NOT_RUN,EVIDENCE,日期/季节/存档/权威590条主机检查执行；两API正常跨月权威/snapshot/UI文本/整屏已核对；四季×三景别×网格和三画质实际图组未完成。,evidence/host/logs/test-native-r14.log; docs/native-pc-visual/evidence/firebase-20260928/SOURCE-REVIEW.md
R14.I07,R14,增加稳定的艺术 profile/参数校验和截图基线，三画质保持相同风格，性能降级不把整个世界回退为普通纯色低模。,prompts/R14_PROMPT.md:36,ORIGINAL_ZIP,app/src/main/java/game/sanguo/mobile/SeasonStyle.java; app/src/main/java/game/sanguo/mobile/EnvironmentProfile.java; app/src/main/java/game/sanguo/mobile/FilamentMapView.java,bash scripts/test-native-r14.sh,17bd3376508499f2681d3e296939452383506a1e,98edd7f758d41b89826d03e6fd1be3366bbea173d679a58bdd5f157b8e9479f4,该行以注明的host/source/CI为证；设备专项见runtime-cases.json,NOT_RUN,EVIDENCE,日期/季节/存档/权威590条主机检查执行；两API正常跨月权威/snapshot/UI文本/整屏已核对；四季×三景别×网格和三画质实际图组未完成。,evidence/host/logs/test-native-r14.log; docs/native-pc-visual/evidence/firebase-20260928/SOURCE-REVIEW.md
R14.V01,R14,四季状态切换与读档/新剧本一致，权威哈希和地图规则不受影响。,prompts/R14_PROMPT.md:40,ORIGINAL_ZIP,app/src/main/java/game/sanguo/mobile/SeasonStyle.java; app/src/main/java/game/sanguo/mobile/EnvironmentProfile.java; app/src/main/java/game/sanguo/mobile/FilamentMapView.java,bash scripts/test-native-r14.sh,17bd3376508499f2681d3e296939452383506a1e,98edd7f758d41b89826d03e6fd1be3366bbea173d679a58bdd5f157b8e9479f4,该行以注明的host/source/CI为证；设备专项见runtime-cases.json,NOT_RUN,EVIDENCE,日期/季节/存档/权威590条主机检查执行；两API正常跨月权威/snapshot/UI文本/整屏已核对；四季×三景别×网格和三画质实际图组未完成。,evidence/host/logs/test-native-r14.log; docs/native-pc-visual/evidence/firebase-20260928/SOURCE-REVIEW.md
R14.V02,R14,同区域四季、近中远、网格关/开对照；参照来源不能确定季节时明示。,prompts/R14_PROMPT.md:41,ORIGINAL_ZIP,app/src/main/java/game/sanguo/mobile/SeasonStyle.java; app/src/main/java/game/sanguo/mobile/EnvironmentProfile.java; app/src/main/java/game/sanguo/mobile/FilamentMapView.java,bash scripts/test-native-r14.sh,17bd3376508499f2681d3e296939452383506a1e,98edd7f758d41b89826d03e6fd1be3366bbea173d679a58bdd5f157b8e9479f4,该行以注明的host/source/CI为证；设备专项见runtime-cases.json,NOT_RUN,EVIDENCE,日期/季节/存档/权威590条主机检查执行；两API正常跨月权威/snapshot/UI文本/整屏已核对；四季×三景别×网格和三画质实际图组未完成。,evidence/host/logs/test-native-r14.log; docs/native-pc-visual/evidence/firebase-20260928/SOURCE-REVIEW.md
R14.V03,R14,阴影稳定性、法线/曝光、色彩编码、雾排序、透明过绘的实际设备检查。,prompts/R14_PROMPT.md:42,ORIGINAL_ZIP,app/src/main/java/game/sanguo/mobile/SeasonStyle.java; app/src/main/java/game/sanguo/mobile/EnvironmentProfile.java; app/src/main/java/game/sanguo/mobile/FilamentMapView.java,bash scripts/test-native-r14.sh,17bd3376508499f2681d3e296939452383506a1e,98edd7f758d41b89826d03e6fd1be3366bbea173d679a58bdd5f157b8e9479f4,该行以注明的host/source/CI为证；设备专项见runtime-cases.json,NOT_RUN,EVIDENCE,日期/季节/存档/权威590条主机检查执行；两API正常跨月权威/snapshot/UI文本/整屏已核对；四季×三景别×网格和三画质实际图组未完成。,evidence/host/logs/test-native-r14.log; docs/native-pc-visual/evidence/firebase-20260928/SOURCE-REVIEW.md
R14.V04,R14,UI/标签/数值可读，攻击范围不因后处理失真。,prompts/R14_PROMPT.md:43,ORIGINAL_ZIP,app/src/main/java/game/sanguo/mobile/SeasonStyle.java; app/src/main/java/game/sanguo/mobile/EnvironmentProfile.java; app/src/main/java/game/sanguo/mobile/FilamentMapView.java,bash scripts/test-native-r14.sh,17bd3376508499f2681d3e296939452383506a1e,98edd7f758d41b89826d03e6fd1be3366bbea173d679a58bdd5f157b8e9479f4,该行以注明的host/source/CI为证；设备专项见runtime-cases.json,NOT_RUN,EVIDENCE,日期/季节/存档/权威590条主机检查执行；两API正常跨月权威/snapshot/UI文本/整屏已核对；四季×三景别×网格和三画质实际图组未完成。,evidence/host/logs/test-native-r14.log; docs/native-pc-visual/evidence/firebase-20260928/SOURCE-REVIEW.md
R14.V05,R14,多季节连续切换资源计数稳定，无每帧/每旬全图解码上传。,prompts/R14_PROMPT.md:44,ORIGINAL_ZIP,app/src/main/java/game/sanguo/mobile/SeasonStyle.java; app/src/main/java/game/sanguo/mobile/EnvironmentProfile.java; app/src/main/java/game/sanguo/mobile/FilamentMapView.java,bash scripts/test-native-r14.sh,17bd3376508499f2681d3e296939452383506a1e,98edd7f758d41b89826d03e6fd1be3366bbea173d679a58bdd5f157b8e9479f4,该行以注明的host/source/CI为证；设备专项见runtime-cases.json,NOT_RUN,EVIDENCE,日期/季节/存档/权威590条主机检查执行；两API正常跨月权威/snapshot/UI文本/整屏已核对；四季×三景别×网格和三画质实际图组未完成。,evidence/host/logs/test-native-r14.log; docs/native-pc-visual/evidence/firebase-20260928/SOURCE-REVIEW.md
R14.G01,R14,整体彩墨/古代山河风格来自统一资源和照明，四季实际接入；只加一层褐色滤镜不能通过。无季节参考时可通过功能，PC 季节相似性仍 PENDING。,prompts/R14_PROMPT.md:50,ORIGINAL_ZIP,app/src/main/java/game/sanguo/mobile/SeasonStyle.java; app/src/main/java/game/sanguo/mobile/EnvironmentProfile.java; app/src/main/java/game/sanguo/mobile/FilamentMapView.java,bash scripts/test-native-r14.sh,17bd3376508499f2681d3e296939452383506a1e,98edd7f758d41b89826d03e6fd1be3366bbea173d679a58bdd5f157b8e9479f4,该行以注明的host/source/CI为证；设备专项见runtime-cases.json,NOT_RUN,EVIDENCE,日期/季节/存档/权威590条主机检查执行；两API正常跨月权威/snapshot/UI文本/整屏已核对；四季×三景别×网格和三画质实际图组未完成。,evidence/host/logs/test-native-r14.log; docs/native-pc-visual/evidence/firebase-20260928/SOURCE-REVIEW.md
R14.D01,R14,正式环境/季节/材质代码与资源、艺术 profile、四季图组与状态对等测试、APK、R14 交接。,prompts/R14_PROMPT.md:56,ORIGINAL_ZIP,app/src/main/java/game/sanguo/mobile/SeasonStyle.java; app/src/main/java/game/sanguo/mobile/EnvironmentProfile.java; app/src/main/java/game/sanguo/mobile/FilamentMapView.java,bash scripts/test-native-r14.sh,17bd3376508499f2681d3e296939452383506a1e,98edd7f758d41b89826d03e6fd1be3366bbea173d679a58bdd5f157b8e9479f4,该行以注明的host/source/CI为证；设备专项见runtime-cases.json,NOT_RUN,EVIDENCE,日期/季节/存档/权威590条主机检查执行；两API正常跨月权威/snapshot/UI文本/整屏已核对；四季×三景别×网格和三画质实际图组未完成。,evidence/host/logs/test-native-r14.log; docs/native-pc-visual/evidence/firebase-20260928/SOURCE-REVIEW.md
X00.L003,GLOBAL,本文件优先于本包阶段细则；用户本轮更具体的指令优先。适用 R00–R18。,00_GLOBAL_RULES.md:3,ORIGINAL_ZIP,app/src/main/java/game/sanguo/mobile/MainActivity.java; app/src/main/java/game/sanguo/mobile/ScenarioFactionPicker.java; app/src/main/java/game/sanguo/mobile/MapHost.java; app/src/main/java/game/sanguo/mobile/FilamentMapView.java; app/src/main/java/game/sanguo/mobile/SceneRenderGate.java; app/src/main/java/game/sanguo/mobile/SceneWorkQueue.java; app/src/main/java/game/sanguo/mobile/SceneAssetQueue.java; app/src/main/java/game/sanguo/mobile/presentation/MapLayerData.java,bash scripts/test-architecture.sh; python3 scripts/check-native-protected-assets.py,17bd3376508499f2681d3e296939452383506a1e,98edd7f758d41b89826d03e6fd1be3366bbea173d679a58bdd5f157b8e9479f4,该行以注明的host/source/CI为证；设备专项见runtime-cases.json,NOT_RUN,EVIDENCE,当前轮只把明确原始日志范围作为支持证据；该复合契约完整验收未执行，不继承旧PASS或历史设备结果。,evidence/host/logs/test-architecture.log; evidence/host/logs/check-native-protected-assets-fetched.log; docs/native-pc-visual/evidence/firebase-20260928/SOURCE-REVIEW.md
X00.L008,GLOBAL,目标：保留现有玩法、地图拓扑、官方/自定义剧本、武将编辑、地图编辑、存档与原生 UI，以不依赖 Unity Editor/Player 的 Android 原生渲染路线，改善至接近 PC《三国志11》的连续山河、建筑、部队和整体彩墨观感。,00_GLOBAL_RULES.md:8,ORIGINAL_ZIP,app/src/main/java/game/sanguo/mobile/MainActivity.java; app/src/main/java/game/sanguo/mobile/ScenarioFactionPicker.java; app/src/main/java/game/sanguo/mobile/MapHost.java; app/src/main/java/game/sanguo/mobile/FilamentMapView.java; app/src/main/java/game/sanguo/mobile/SceneRenderGate.java; app/src/main/java/game/sanguo/mobile/SceneWorkQueue.java; app/src/main/java/game/sanguo/mobile/SceneAssetQueue.java; app/src/main/java/game/sanguo/mobile/presentation/MapLayerData.java,bash scripts/test-architecture.sh; python3 scripts/check-native-protected-assets.py,17bd3376508499f2681d3e296939452383506a1e,98edd7f758d41b89826d03e6fd1be3366bbea173d679a58bdd5f157b8e9479f4,该行以注明的host/source/CI为证；设备专项见runtime-cases.json,NOT_RUN,EVIDENCE,当前轮只把明确原始日志范围作为支持证据；该复合契约完整验收未执行，不继承旧PASS或历史设备结果。,evidence/host/logs/test-architecture.log; evidence/host/logs/check-native-protected-assets-fetched.log; docs/native-pc-visual/evidence/firebase-20260928/SOURCE-REVIEW.md
X00.L010,GLOBAL,每阶段必须修改真实运行路径中的源码或正式资源，执行验证、构建本阶段 APK、commit、push，创建或更新真实代码 PR，并复读远端确认。只写文档、生成空接口、摆几个立方体、离线效果图、用旧 APK、只在样例 Activity 显示都不算完成。,00_GLOBAL_RULES.md:10,ORIGINAL_ZIP,app/src/main/java/game/sanguo/mobile/MainActivity.java; app/src/main/java/game/sanguo/mobile/ScenarioFactionPicker.java; app/src/main/java/game/sanguo/mobile/MapHost.java; app/src/main/java/game/sanguo/mobile/FilamentMapView.java; app/src/main/java/game/sanguo/mobile/SceneRenderGate.java; app/src/main/java/game/sanguo/mobile/SceneWorkQueue.java; app/src/main/java/game/sanguo/mobile/SceneAssetQueue.java; app/src/main/java/game/sanguo/mobile/presentation/MapLayerData.java,bash scripts/test-architecture.sh; python3 scripts/check-native-protected-assets.py,17bd3376508499f2681d3e296939452383506a1e,98edd7f758d41b89826d03e6fd1be3366bbea173d679a58bdd5f157b8e9479f4,该行以注明的host/source/CI为证；设备专项见runtime-cases.json,NOT_RUN,EVIDENCE,当前轮只把明确原始日志范围作为支持证据；该复合契约完整验收未执行，不继承旧PASS或历史设备结果。,evidence/host/logs/test-architecture.log; evidence/host/logs/check-native-protected-assets-fetched.log; docs/native-pc-visual/evidence/firebase-20260928/SOURCE-REVIEW.md
X00.L014,GLOBAL,编包时已核验 main：`ac29b458325b52d6e302ca44270d16552de4ed7f`，合入架构 PR #66。此 SHA 是已知检查点，**不是要求以后回退到它**。,00_GLOBAL_RULES.md:14,ORIGINAL_ZIP,app/src/main/java/game/sanguo/mobile/MainActivity.java; app/src/main/java/game/sanguo/mobile/ScenarioFactionPicker.java; app/src/main/java/game/sanguo/mobile/MapHost.java; app/src/main/java/game/sanguo/mobile/FilamentMapView.java; app/src/main/java/game/sanguo/mobile/SceneRenderGate.java; app/src/main/java/game/sanguo/mobile/SceneWorkQueue.java; app/src/main/java/game/sanguo/mobile/SceneAssetQueue.java; app/src/main/java/game/sanguo/mobile/presentation/MapLayerData.java,bash scripts/test-architecture.sh; python3 scripts/check-native-protected-assets.py,17bd3376508499f2681d3e296939452383506a1e,98edd7f758d41b89826d03e6fd1be3366bbea173d679a58bdd5f157b8e9479f4,该行以注明的host/source/CI为证；设备专项见runtime-cases.json,NOT_RUN,EVIDENCE,当前轮只把明确原始日志范围作为支持证据；该复合契约完整验收未执行，不继承旧PASS或历史设备结果。,evidence/host/logs/test-architecture.log; evidence/host/logs/check-native-protected-assets-fetched.log; docs/native-pc-visual/evidence/firebase-20260928/SOURCE-REVIEW.md
X00.L016,GLOBAL,首次执行 R00：拉取远端，确认默认分支、最新 main、打开/已合并 PR 与本地工作区；从包含上述成果的最新 main 建立 `agent/native-pc-visual`。如果该串行分支已存在，读取它的最新远端 HEAD，直接续作，不重新建旧基线。,00_GLOBAL_RULES.md:16,ORIGINAL_ZIP,app/src/main/java/game/sanguo/mobile/MainActivity.java; app/src/main/java/game/sanguo/mobile/ScenarioFactionPicker.java; app/src/main/java/game/sanguo/mobile/MapHost.java; app/src/main/java/game/sanguo/mobile/FilamentMapView.java; app/src/main/java/game/sanguo/mobile/SceneRenderGate.java; app/src/main/java/game/sanguo/mobile/SceneWorkQueue.java; app/src/main/java/game/sanguo/mobile/SceneAssetQueue.java; app/src/main/java/game/sanguo/mobile/presentation/MapLayerData.java,bash scripts/test-architecture.sh; python3 scripts/check-native-protected-assets.py,17bd3376508499f2681d3e296939452383506a1e,98edd7f758d41b89826d03e6fd1be3366bbea173d679a58bdd5f157b8e9479f4,该行以注明的host/source/CI为证；设备专项见runtime-cases.json,NOT_RUN,EVIDENCE,当前轮只把明确原始日志范围作为支持证据；该复合契约完整验收未执行，不继承旧PASS或历史设备结果。,evidence/host/logs/test-architecture.log; evidence/host/logs/check-native-protected-assets-fetched.log; docs/native-pc-visual/evidence/firebase-20260928/SOURCE-REVIEW.md
X00.L018,GLOBAL,R01–R18 全部在同一串行分支、同一个指向 main 的 PR 中推进。不要自动合并 main，不要自动合并其他 PR，不删除 Unity/旧原生分支，不 force push，不重置/覆盖其他 Agent 的提交。不并行编辑同一工作树。用户之后明确允许合并时才使用 `90_MERGE_AFTER_APPROVAL.md`。,00_GLOBAL_RULES.md:18,ORIGINAL_ZIP,app/src/main/java/game/sanguo/mobile/MainActivity.java; app/src/main/java/game/sanguo/mobile/ScenarioFactionPicker.java; app/src/main/java/game/sanguo/mobile/MapHost.java; app/src/main/java/game/sanguo/mobile/FilamentMapView.java; app/src/main/java/game/sanguo/mobile/SceneRenderGate.java; app/src/main/java/game/sanguo/mobile/SceneWorkQueue.java; app/src/main/java/game/sanguo/mobile/SceneAssetQueue.java; app/src/main/java/game/sanguo/mobile/presentation/MapLayerData.java,bash scripts/test-architecture.sh; python3 scripts/check-native-protected-assets.py,17bd3376508499f2681d3e296939452383506a1e,98edd7f758d41b89826d03e6fd1be3366bbea173d679a58bdd5f157b8e9479f4,该行以注明的host/source/CI为证；设备专项见runtime-cases.json,NOT_RUN,EVIDENCE,当前轮只把明确原始日志范围作为支持证据；该复合契约完整验收未执行，不继承旧PASS或历史设备结果。,evidence/host/logs/test-architecture.log; evidence/host/logs/check-native-protected-assets-fetched.log; docs/native-pc-visual/evidence/firebase-20260928/SOURCE-REVIEW.md
X00.L020,GLOBAL,读取仓库 `AGENTS.md`（若有）、`progress.md`、`docs/architecture/`、`docs/3d/`、`docs/3d/world-art/`、`docs/unity-migration/`（若有），尤其旧报告的失败和未验收项。旧文档中的历史“PR 尚未合并”必须以实时 GitHub 为准，不能照抄为当前状态。,00_GLOBAL_RULES.md:20,ORIGINAL_ZIP,app/src/main/java/game/sanguo/mobile/MainActivity.java; app/src/main/java/game/sanguo/mobile/ScenarioFactionPicker.java; app/src/main/java/game/sanguo/mobile/MapHost.java; app/src/main/java/game/sanguo/mobile/FilamentMapView.java; app/src/main/java/game/sanguo/mobile/SceneRenderGate.java; app/src/main/java/game/sanguo/mobile/SceneWorkQueue.java; app/src/main/java/game/sanguo/mobile/SceneAssetQueue.java; app/src/main/java/game/sanguo/mobile/presentation/MapLayerData.java,bash scripts/test-architecture.sh; python3 scripts/check-native-protected-assets.py,17bd3376508499f2681d3e296939452383506a1e,98edd7f758d41b89826d03e6fd1be3366bbea173d679a58bdd5f157b8e9479f4,该行以注明的host/source/CI为证；设备专项见runtime-cases.json,NOT_RUN,EVIDENCE,当前轮只把明确原始日志范围作为支持证据；该复合契约完整验收未执行，不继承旧PASS或历史设备结果。,evidence/host/logs/test-architecture.log; evidence/host/logs/check-native-protected-assets-fetched.log; docs/native-pc-visual/evidence/firebase-20260928/SOURCE-REVIEW.md
X00.L022,GLOBAL,已有 S01–S13 原生代码和资源可复用；U00/U01 的 Java 会话/桥接基础可保留；但任何旧编号都不自动等于本路线 R 阶段完成。禁止为了新编号重建已经存在的分块、模型加载器、坐标、相机或特效。,00_GLOBAL_RULES.md:22,ORIGINAL_ZIP,app/src/main/java/game/sanguo/mobile/MainActivity.java; app/src/main/java/game/sanguo/mobile/ScenarioFactionPicker.java; app/src/main/java/game/sanguo/mobile/MapHost.java; app/src/main/java/game/sanguo/mobile/FilamentMapView.java; app/src/main/java/game/sanguo/mobile/SceneRenderGate.java; app/src/main/java/game/sanguo/mobile/SceneWorkQueue.java; app/src/main/java/game/sanguo/mobile/SceneAssetQueue.java; app/src/main/java/game/sanguo/mobile/presentation/MapLayerData.java,bash scripts/test-architecture.sh; python3 scripts/check-native-protected-assets.py,17bd3376508499f2681d3e296939452383506a1e,98edd7f758d41b89826d03e6fd1be3366bbea173d679a58bdd5f157b8e9479f4,该行以注明的host/source/CI为证；设备专项见runtime-cases.json,NOT_RUN,EVIDENCE,当前轮只把明确原始日志范围作为支持证据；该复合契约完整验收未执行，不继承旧PASS或历史设备结果。,evidence/host/logs/test-architecture.log; evidence/host/logs/check-native-protected-assets-fetched.log; docs/native-pc-visual/evidence/firebase-20260928/SOURCE-REVIEW.md
X00.L026,GLOBAL,已读源码确认现有 `FilamentMapView` 使用 `Engine.Backend.OPENGL`，依赖 Filament 1.56.0。默认优先复用这一 **Android 原生 OpenGL ES 后端**，修改连续地形、资源和表现系统；不是重新启用 Unity，也不是要求手写所有 GPU 底层。,00_GLOBAL_RULES.md:26,ORIGINAL_ZIP,app/src/main/java/game/sanguo/mobile/MainActivity.java; app/src/main/java/game/sanguo/mobile/ScenarioFactionPicker.java; app/src/main/java/game/sanguo/mobile/MapHost.java; app/src/main/java/game/sanguo/mobile/FilamentMapView.java; app/src/main/java/game/sanguo/mobile/SceneRenderGate.java; app/src/main/java/game/sanguo/mobile/SceneWorkQueue.java; app/src/main/java/game/sanguo/mobile/SceneAssetQueue.java; app/src/main/java/game/sanguo/mobile/presentation/MapLayerData.java,bash scripts/test-architecture.sh; python3 scripts/check-native-protected-assets.py,17bd3376508499f2681d3e296939452383506a1e,98edd7f758d41b89826d03e6fd1be3366bbea173d679a58bdd5f157b8e9479f4,该行以注明的host/source/CI为证；设备专项见runtime-cases.json,PASS,NONE,当前生产仍Engine.Backend.OPENGL及Filament1.56.0，双Mali真机日志一致。,evidence/host/logs/test-architecture.log; evidence/host/logs/check-native-protected-assets-fetched.log; docs/native-pc-visual/evidence/firebase-20260928/SOURCE-REVIEW.md
X00.L028,GLOBAL,R00 必须记录唯一后端决定。只有复现了 Filament 本身不可修复/不可在现有环境构建运行的具体阻塞，且有对比证据时，才允许在本路线内以 `GLES30 + GLSurfaceView` 替换 GPU 适配层。不得仅凭“画面不好看”“觉得轻量”重写。候选替换必须尽早显示同一真实地图并通过坐标/交互/生命周期回归；若无法做到，保留旧工作路径并报告阻塞，不交付空白引擎。,00_GLOBAL_RULES.md:28,ORIGINAL_ZIP,app/src/main/java/game/sanguo/mobile/MainActivity.java; app/src/main/java/game/sanguo/mobile/ScenarioFactionPicker.java; app/src/main/java/game/sanguo/mobile/MapHost.java; app/src/main/java/game/sanguo/mobile/FilamentMapView.java; app/src/main/java/game/sanguo/mobile/SceneRenderGate.java; app/src/main/java/game/sanguo/mobile/SceneWorkQueue.java; app/src/main/java/game/sanguo/mobile/SceneAssetQueue.java; app/src/main/java/game/sanguo/mobile/presentation/MapLayerData.java,bash scripts/test-architecture.sh; python3 scripts/check-native-protected-assets.py,17bd3376508499f2681d3e296939452383506a1e,98edd7f758d41b89826d03e6fd1be3366bbea173d679a58bdd5f157b8e9479f4,该行以注明的host/source/CI为证；设备专项见runtime-cases.json,NOT_RUN,EVIDENCE,当前轮只把明确原始日志范围作为支持证据；该复合契约完整验收未执行，不继承旧PASS或历史设备结果。,evidence/host/logs/test-architecture.log; evidence/host/logs/check-native-protected-assets-fetched.log; docs/native-pc-visual/evidence/firebase-20260928/SOURCE-REVIEW.md
X00.L030,GLOBAL,一旦锁定，后续阶段不得自行再切换。Filament 和手写 GLES 不是需要同时维护的两套生产实现。不要在 Filament 拥有的上下文里随意调用 GLES，不要为它再创建第二个 GLSurfaceView 帧循环。,00_GLOBAL_RULES.md:30,ORIGINAL_ZIP,app/src/main/java/game/sanguo/mobile/MainActivity.java; app/src/main/java/game/sanguo/mobile/ScenarioFactionPicker.java; app/src/main/java/game/sanguo/mobile/MapHost.java; app/src/main/java/game/sanguo/mobile/FilamentMapView.java; app/src/main/java/game/sanguo/mobile/SceneRenderGate.java; app/src/main/java/game/sanguo/mobile/SceneWorkQueue.java; app/src/main/java/game/sanguo/mobile/SceneAssetQueue.java; app/src/main/java/game/sanguo/mobile/presentation/MapLayerData.java,bash scripts/test-architecture.sh; python3 scripts/check-native-protected-assets.py,17bd3376508499f2681d3e296939452383506a1e,98edd7f758d41b89826d03e6fd1be3366bbea173d679a58bdd5f157b8e9479f4,该行以注明的host/source/CI为证；设备专项见runtime-cases.json,PASS,NONE,本轮无引擎切换，无第二套GLES生产实现；边界检查和保护树通过。,evidence/host/logs/test-architecture.log; evidence/host/logs/check-native-protected-assets-fetched.log; docs/native-pc-visual/evidence/firebase-20260928/SOURCE-REVIEW.md
X00.L032,GLOBAL,保持仓库现有 Java 17、Android Gradle Plugin、Gradle、SDK 和签名兼容性；编包时 Filament runtime/material compiler 均为 1.56.0。升级必须有实际必要性、工具匹配、ABI/材质回归，禁止复制官网最新版本号直接升级。OpenGL ES 3.1+ 仅作能力增强，不将其特性无条件混进 3.0 基线。,00_GLOBAL_RULES.md:32,ORIGINAL_ZIP,app/src/main/java/game/sanguo/mobile/MainActivity.java; app/src/main/java/game/sanguo/mobile/ScenarioFactionPicker.java; app/src/main/java/game/sanguo/mobile/MapHost.java; app/src/main/java/game/sanguo/mobile/FilamentMapView.java; app/src/main/java/game/sanguo/mobile/SceneRenderGate.java; app/src/main/java/game/sanguo/mobile/SceneWorkQueue.java; app/src/main/java/game/sanguo/mobile/SceneAssetQueue.java; app/src/main/java/game/sanguo/mobile/presentation/MapLayerData.java,bash scripts/test-architecture.sh; python3 scripts/check-native-protected-assets.py,17bd3376508499f2681d3e296939452383506a1e,98edd7f758d41b89826d03e6fd1be3366bbea173d679a58bdd5f157b8e9479f4,该行以注明的host/source/CI为证；设备专项见runtime-cases.json,NOT_RUN,EVIDENCE,当前轮只把明确原始日志范围作为支持证据；该复合契约完整验收未执行，不继承旧PASS或历史设备结果。,evidence/host/logs/test-architecture.log; evidence/host/logs/check-native-protected-assets-fetched.log; docs/native-pc-visual/evidence/firebase-20260928/SOURCE-REVIEW.md
X00.L034,GLOBAL,Unity 工程留作历史，不新增 Unity 依赖，不要求 Editor/授权才能构建原生 APK。仅隔离默认入口和构建耦合，不删除已合入的 game-api/game-runtime 和架构成果。不要更换 Godot/Unreal/WebView 或改写规则为 C++/C#。,00_GLOBAL_RULES.md:34,ORIGINAL_ZIP,app/src/main/java/game/sanguo/mobile/MainActivity.java; app/src/main/java/game/sanguo/mobile/ScenarioFactionPicker.java; app/src/main/java/game/sanguo/mobile/MapHost.java; app/src/main/java/game/sanguo/mobile/FilamentMapView.java; app/src/main/java/game/sanguo/mobile/SceneRenderGate.java; app/src/main/java/game/sanguo/mobile/SceneWorkQueue.java; app/src/main/java/game/sanguo/mobile/SceneAssetQueue.java; app/src/main/java/game/sanguo/mobile/presentation/MapLayerData.java,bash scripts/test-architecture.sh; python3 scripts/check-native-protected-assets.py,17bd3376508499f2681d3e296939452383506a1e,98edd7f758d41b89826d03e6fd1be3366bbea173d679a58bdd5f157b8e9479f4,该行以注明的host/source/CI为证；设备专项见runtime-cases.json,PASS,NONE,原生构建不依赖Unity Player/Editor，core/game-api/game-runtime/历史Unity保护树不变。,evidence/host/logs/test-architecture.log; evidence/host/logs/check-native-protected-assets-fetched.log; docs/native-pc-visual/evidence/firebase-20260928/SOURCE-REVIEW.md
X00.L038,GLOBAL,保留 `app -> game-runtime -> game-api + core` 的架构方向和现有白名单。`GameSession` 的唯一权威、session/generation/revision、存读档和回合票据不得旁路。,00_GLOBAL_RULES.md:38,ORIGINAL_ZIP,app/src/main/java/game/sanguo/mobile/MainActivity.java; app/src/main/java/game/sanguo/mobile/ScenarioFactionPicker.java; app/src/main/java/game/sanguo/mobile/MapHost.java; app/src/main/java/game/sanguo/mobile/FilamentMapView.java; app/src/main/java/game/sanguo/mobile/SceneRenderGate.java; app/src/main/java/game/sanguo/mobile/SceneWorkQueue.java; app/src/main/java/game/sanguo/mobile/SceneAssetQueue.java; app/src/main/java/game/sanguo/mobile/presentation/MapLayerData.java,bash scripts/test-architecture.sh; python3 scripts/check-native-protected-assets.py,17bd3376508499f2681d3e296939452383506a1e,98edd7f758d41b89826d03e6fd1be3366bbea173d679a58bdd5f157b8e9479f4,该行以注明的host/source/CI为证；设备专项见runtime-cases.json,NOT_RUN,EVIDENCE,当前轮只把明确原始日志范围作为支持证据；该复合契约完整验收未执行，不继承旧PASS或历史设备结果。,evidence/host/logs/test-architecture.log; evidence/host/logs/check-native-protected-assets-fetched.log; docs/native-pc-visual/evidence/firebase-20260928/SOURCE-REVIEW.md
X00.L040,GLOBAL,渲染只消费不可变投影、稳定实体 ID、版本和展示事件。不得持有/修改权威 World，不在 GPU/渲染线程运行 AI 或存档，不把 GL/Filament/Android 对象写进 game-api。旧 compatibility adapter 可逐步收敛，不另造第二套游戏会话。,00_GLOBAL_RULES.md:40,ORIGINAL_ZIP,app/src/main/java/game/sanguo/mobile/MainActivity.java; app/src/main/java/game/sanguo/mobile/ScenarioFactionPicker.java; app/src/main/java/game/sanguo/mobile/MapHost.java; app/src/main/java/game/sanguo/mobile/FilamentMapView.java; app/src/main/java/game/sanguo/mobile/SceneRenderGate.java; app/src/main/java/game/sanguo/mobile/SceneWorkQueue.java; app/src/main/java/game/sanguo/mobile/SceneAssetQueue.java; app/src/main/java/game/sanguo/mobile/presentation/MapLayerData.java,bash scripts/test-architecture.sh; python3 scripts/check-native-protected-assets.py,17bd3376508499f2681d3e296939452383506a1e,98edd7f758d41b89826d03e6fd1be3366bbea173d679a58bdd5f157b8e9479f4,该行以注明的host/source/CI为证；设备专项见runtime-cases.json,NOT_RUN,EVIDENCE,当前轮只把明确原始日志范围作为支持证据；该复合契约完整验收未执行，不继承旧PASS或历史设备结果。,evidence/host/logs/test-architecture.log; evidence/host/logs/check-native-protected-assets-fetched.log; docs/native-pc-visual/evidence/firebase-20260928/SOURCE-REVIEW.md
X00.L042,GLOBAL,同一存档、命令序列和规则 RNG，2D/新 3D 在以下方面必须一致：地形类型/通行、六邻接、城池占地、城港关坐标、出征/进驻、战法射程/伤害、围城、收入、爵位兵数、自动行军、回合、兵源/伤兵、军团、剧本、自定义武将、地图编辑、SaveCodec。,00_GLOBAL_RULES.md:42,ORIGINAL_ZIP,app/src/main/java/game/sanguo/mobile/MainActivity.java; app/src/main/java/game/sanguo/mobile/ScenarioFactionPicker.java; app/src/main/java/game/sanguo/mobile/MapHost.java; app/src/main/java/game/sanguo/mobile/FilamentMapView.java; app/src/main/java/game/sanguo/mobile/SceneRenderGate.java; app/src/main/java/game/sanguo/mobile/SceneWorkQueue.java; app/src/main/java/game/sanguo/mobile/SceneAssetQueue.java; app/src/main/java/game/sanguo/mobile/presentation/MapLayerData.java,bash scripts/test-architecture.sh; python3 scripts/check-native-protected-assets.py,17bd3376508499f2681d3e296939452383506a1e,98edd7f758d41b89826d03e6fd1be3366bbea173d679a58bdd5f157b8e9479f4,该行以注明的host/source/CI为证；设备专项见runtime-cases.json,NOT_RUN,EVIDENCE,当前轮只把明确原始日志范围作为支持证据；该复合契约完整验收未执行，不继承旧PASS或历史设备结果。,evidence/host/logs/test-architecture.log; evidence/host/logs/check-native-protected-assets-fetched.log; docs/native-pc-visual/evidence/firebase-20260928/SOURCE-REVIEW.md
X00.L044,GLOBAL,本路线不补做新玩法，不擅改地图来迁就画面，不通过减少 AI 势力/部队/地图范围改善性能。纯视觉随机数必须与规则 RNG 分离且稳定。新地形高度只影响画面与拾取，不影响原规则。,00_GLOBAL_RULES.md:44,ORIGINAL_ZIP,app/src/main/java/game/sanguo/mobile/MainActivity.java; app/src/main/java/game/sanguo/mobile/ScenarioFactionPicker.java; app/src/main/java/game/sanguo/mobile/MapHost.java; app/src/main/java/game/sanguo/mobile/FilamentMapView.java; app/src/main/java/game/sanguo/mobile/SceneRenderGate.java; app/src/main/java/game/sanguo/mobile/SceneWorkQueue.java; app/src/main/java/game/sanguo/mobile/SceneAssetQueue.java; app/src/main/java/game/sanguo/mobile/presentation/MapLayerData.java,bash scripts/test-architecture.sh; python3 scripts/check-native-protected-assets.py,17bd3376508499f2681d3e296939452383506a1e,98edd7f758d41b89826d03e6fd1be3366bbea173d679a58bdd5f157b8e9479f4,该行以注明的host/source/CI为证；设备专项见runtime-cases.json,NOT_RUN,EVIDENCE,当前轮只把明确原始日志范围作为支持证据；该复合契约完整验收未执行，不继承旧PASS或历史设备结果。,evidence/host/logs/test-architecture.log; evidence/host/logs/check-native-protected-assets-fetched.log; docs/native-pc-visual/evidence/firebase-20260928/SOURCE-REVIEW.md
X00.L048,GLOBAL,逻辑 Hex 不等于一格一个外观模型。连续地形允许技术分块、索引共享或局部网格，但必须共享边界高度/法线/材质场，避免格子形山包、整块纯色、重复岛屿、阶梯河岸。,00_GLOBAL_RULES.md:48,ORIGINAL_ZIP,app/src/main/java/game/sanguo/mobile/MainActivity.java; app/src/main/java/game/sanguo/mobile/ScenarioFactionPicker.java; app/src/main/java/game/sanguo/mobile/MapHost.java; app/src/main/java/game/sanguo/mobile/FilamentMapView.java; app/src/main/java/game/sanguo/mobile/SceneRenderGate.java; app/src/main/java/game/sanguo/mobile/SceneWorkQueue.java; app/src/main/java/game/sanguo/mobile/SceneAssetQueue.java; app/src/main/java/game/sanguo/mobile/presentation/MapLayerData.java,bash scripts/test-architecture.sh; python3 scripts/check-native-protected-assets.py,17bd3376508499f2681d3e296939452383506a1e,98edd7f758d41b89826d03e6fd1be3366bbea173d679a58bdd5f157b8e9479f4,该行以注明的host/source/CI为证；设备专项见runtime-cases.json,NOT_RUN,EVIDENCE,当前轮只把明确原始日志范围作为支持证据；该复合契约完整验收未执行，不继承旧PASS或历史设备结果。,evidence/host/logs/test-architecture.log; evidence/host/logs/check-native-protected-assets-fetched.log; docs/native-pc-visual/evidence/firebase-20260928/SOURCE-REVIEW.md
X00.L050,GLOBAL,平滑不能改变玩法：水陆可达性、港口上下船、关卡瓶颈、城市七格和可选格中心不得被视觉“美化”误导。视觉河岸可以细化，但河道不能曲线穿过陆格中心。森林不能覆盖道路/部队/入口。雾可以营造层次，不能遮掉错误来验收。,00_GLOBAL_RULES.md:50,ORIGINAL_ZIP,app/src/main/java/game/sanguo/mobile/MainActivity.java; app/src/main/java/game/sanguo/mobile/ScenarioFactionPicker.java; app/src/main/java/game/sanguo/mobile/MapHost.java; app/src/main/java/game/sanguo/mobile/FilamentMapView.java; app/src/main/java/game/sanguo/mobile/SceneRenderGate.java; app/src/main/java/game/sanguo/mobile/SceneWorkQueue.java; app/src/main/java/game/sanguo/mobile/SceneAssetQueue.java; app/src/main/java/game/sanguo/mobile/presentation/MapLayerData.java,bash scripts/test-architecture.sh; python3 scripts/check-native-protected-assets.py,17bd3376508499f2681d3e296939452383506a1e,98edd7f758d41b89826d03e6fd1be3366bbea173d679a58bdd5f157b8e9479f4,该行以注明的host/source/CI为证；设备专项见runtime-cases.json,NOT_RUN,EVIDENCE,当前轮只把明确原始日志范围作为支持证据；该复合契约完整验收未执行，不继承旧PASS或历史设备结果。,evidence/host/logs/test-architecture.log; evidence/host/logs/check-native-protected-assets-fetched.log; docs/native-pc-visual/evidence/firebase-20260928/SOURCE-REVIEW.md
X00.L052,GLOBAL,像 PC 版不仅是换 Shader：必须有合格地形构图、贴图、建筑轮廓、比例、植被分布、部队编队、光照、四季与相机。程序生成资源也要实际导出、加载、截图复核；占位几何不能重新命名为“最终高精模型”。,00_GLOBAL_RULES.md:52,ORIGINAL_ZIP,app/src/main/java/game/sanguo/mobile/MainActivity.java; app/src/main/java/game/sanguo/mobile/ScenarioFactionPicker.java; app/src/main/java/game/sanguo/mobile/MapHost.java; app/src/main/java/game/sanguo/mobile/FilamentMapView.java; app/src/main/java/game/sanguo/mobile/SceneRenderGate.java; app/src/main/java/game/sanguo/mobile/SceneWorkQueue.java; app/src/main/java/game/sanguo/mobile/SceneAssetQueue.java; app/src/main/java/game/sanguo/mobile/presentation/MapLayerData.java,bash scripts/test-architecture.sh; python3 scripts/check-native-protected-assets.py,17bd3376508499f2681d3e296939452383506a1e,98edd7f758d41b89826d03e6fd1be3366bbea173d679a58bdd5f157b8e9479f4,该行以注明的host/source/CI为证；设备专项见runtime-cases.json,NOT_RUN,EVIDENCE,当前轮只把明确原始日志范围作为支持证据；该复合契约完整验收未执行，不继承旧PASS或历史设备结果。,evidence/host/logs/test-architecture.log; evidence/host/logs/check-native-protected-assets-fetched.log; docs/native-pc-visual/evidence/firebase-20260928/SOURCE-REVIEW.md
X00.L056,GLOBAL,- **实现/玩法线**：真实路径接入、无新增回归、兼容存档、可操作。,00_GLOBAL_RULES.md:56,ORIGINAL_ZIP,app/src/main/java/game/sanguo/mobile/MainActivity.java; app/src/main/java/game/sanguo/mobile/ScenarioFactionPicker.java; app/src/main/java/game/sanguo/mobile/MapHost.java; app/src/main/java/game/sanguo/mobile/FilamentMapView.java; app/src/main/java/game/sanguo/mobile/SceneRenderGate.java; app/src/main/java/game/sanguo/mobile/SceneWorkQueue.java; app/src/main/java/game/sanguo/mobile/SceneAssetQueue.java; app/src/main/java/game/sanguo/mobile/presentation/MapLayerData.java,bash scripts/test-architecture.sh; python3 scripts/check-native-protected-assets.py,17bd3376508499f2681d3e296939452383506a1e,98edd7f758d41b89826d03e6fd1be3366bbea173d679a58bdd5f157b8e9479f4,该行以注明的host/source/CI为证；设备专项见runtime-cases.json,NOT_RUN,EVIDENCE,当前轮只把明确原始日志范围作为支持证据；该复合契约完整验收未执行，不继承旧PASS或历史设备结果。,evidence/host/logs/test-architecture.log; evidence/host/logs/check-native-protected-assets-fetched.log; docs/native-pc-visual/evidence/firebase-20260928/SOURCE-REVIEW.md
X00.L057,GLOBAL,- **视觉线**：同区域/近似镜头的 PC 参考与 APK 实拍对照，缺少参考就标 `REFERENCE_MISSING`，不能说已经与原版一致。,00_GLOBAL_RULES.md:57,ORIGINAL_ZIP,app/src/main/java/game/sanguo/mobile/MainActivity.java; app/src/main/java/game/sanguo/mobile/ScenarioFactionPicker.java; app/src/main/java/game/sanguo/mobile/MapHost.java; app/src/main/java/game/sanguo/mobile/FilamentMapView.java; app/src/main/java/game/sanguo/mobile/SceneRenderGate.java; app/src/main/java/game/sanguo/mobile/SceneWorkQueue.java; app/src/main/java/game/sanguo/mobile/SceneAssetQueue.java; app/src/main/java/game/sanguo/mobile/presentation/MapLayerData.java,bash scripts/test-architecture.sh; python3 scripts/check-native-protected-assets.py,17bd3376508499f2681d3e296939452383506a1e,98edd7f758d41b89826d03e6fd1be3366bbea173d679a58bdd5f157b8e9479f4,该行以注明的host/source/CI为证；设备专项见runtime-cases.json,BLOCKED,REFERENCE_EVIDENCE,当前轮只把明确原始日志范围作为支持证据；该复合契约完整验收未执行，不继承旧PASS或历史设备结果。 现有参考索引有图，但区域/季节/相机/版本不全，未取得此条所需可比图组。,evidence/host/logs/test-architecture.log; evidence/host/logs/check-native-protected-assets-fetched.log; docs/native-pc-visual/evidence/firebase-20260928/SOURCE-REVIEW.md
X00.L058,GLOBAL,- **设备线**：模拟器实际渲染和 ARM64 真机性能分别报告；软件渲染、主机数学测试、构建成功都不是手机性能证明。,00_GLOBAL_RULES.md:58,ORIGINAL_ZIP,app/src/main/java/game/sanguo/mobile/MainActivity.java; app/src/main/java/game/sanguo/mobile/ScenarioFactionPicker.java; app/src/main/java/game/sanguo/mobile/MapHost.java; app/src/main/java/game/sanguo/mobile/FilamentMapView.java; app/src/main/java/game/sanguo/mobile/SceneRenderGate.java; app/src/main/java/game/sanguo/mobile/SceneWorkQueue.java; app/src/main/java/game/sanguo/mobile/SceneAssetQueue.java; app/src/main/java/game/sanguo/mobile/presentation/MapLayerData.java,bash scripts/test-architecture.sh; python3 scripts/check-native-protected-assets.py,17bd3376508499f2681d3e296939452383506a1e,98edd7f758d41b89826d03e6fd1be3366bbea173d679a58bdd5f157b8e9479f4,该行以注明的host/source/CI为证；设备专项见runtime-cases.json,NOT_RUN,EVIDENCE,当前轮只把明确原始日志范围作为支持证据；该复合契约完整验收未执行，不继承旧PASS或历史设备结果。,evidence/host/logs/test-architecture.log; evidence/host/logs/check-native-protected-assets-fetched.log; docs/native-pc-visual/evidence/firebase-20260928/SOURCE-REVIEW.md
X00.L060,GLOBAL,整体状态只用 `NOT_STARTED / PARTIAL / BLOCKED / PASS`。技术完成但视觉/指定设备证据不足用 PARTIAL；缺少关键依赖导致本阶段无法正常交付用 BLOCKED。每个子项用 PASS/FAIL/NOT_RUN/NOT_APPLICABLE，NOT_APPLICABLE 必须解释。,00_GLOBAL_RULES.md:60,ORIGINAL_ZIP,app/src/main/java/game/sanguo/mobile/MainActivity.java; app/src/main/java/game/sanguo/mobile/ScenarioFactionPicker.java; app/src/main/java/game/sanguo/mobile/MapHost.java; app/src/main/java/game/sanguo/mobile/FilamentMapView.java; app/src/main/java/game/sanguo/mobile/SceneRenderGate.java; app/src/main/java/game/sanguo/mobile/SceneWorkQueue.java; app/src/main/java/game/sanguo/mobile/SceneAssetQueue.java; app/src/main/java/game/sanguo/mobile/presentation/MapLayerData.java,bash scripts/test-architecture.sh; python3 scripts/check-native-protected-assets.py,17bd3376508499f2681d3e296939452383506a1e,98edd7f758d41b89826d03e6fd1be3366bbea173d679a58bdd5f157b8e9479f4,该行以注明的host/source/CI为证；设备专项见runtime-cases.json,NOT_RUN,EVIDENCE,当前轮只把明确原始日志范围作为支持证据；该复合契约完整验收未执行，不继承旧PASS或历史设备结果。,evidence/host/logs/test-architecture.log; evidence/host/logs/check-native-protected-assets-fetched.log; docs/native-pc-visual/evidence/firebase-20260928/SOURCE-REVIEW.md
X00.L062,GLOBAL,没有 ARM64 真机不必停止所有能做的源码工作，但不能将真机项写 PASS，不能越过最终发布门槛。R09 局部美术未过，可以继续与其无关的交互/测试工作，不能批量复制未达标模板并声称全国美术完成。,00_GLOBAL_RULES.md:62,ORIGINAL_ZIP,app/src/main/java/game/sanguo/mobile/MainActivity.java; app/src/main/java/game/sanguo/mobile/ScenarioFactionPicker.java; app/src/main/java/game/sanguo/mobile/MapHost.java; app/src/main/java/game/sanguo/mobile/FilamentMapView.java; app/src/main/java/game/sanguo/mobile/SceneRenderGate.java; app/src/main/java/game/sanguo/mobile/SceneWorkQueue.java; app/src/main/java/game/sanguo/mobile/SceneAssetQueue.java; app/src/main/java/game/sanguo/mobile/presentation/MapLayerData.java,bash scripts/test-architecture.sh; python3 scripts/check-native-protected-assets.py,17bd3376508499f2681d3e296939452383506a1e,98edd7f758d41b89826d03e6fd1be3366bbea173d679a58bdd5f157b8e9479f4,该行以注明的host/source/CI为证；设备专项见runtime-cases.json,NOT_RUN,EVIDENCE,当前轮只把明确原始日志范围作为支持证据；该复合契约完整验收未执行，不继承旧PASS或历史设备结果。,evidence/host/logs/test-architecture.log; evidence/host/logs/check-native-protected-assets-fetched.log; docs/native-pc-visual/evidence/firebase-20260928/SOURCE-REVIEW.md
X00.L066,GLOBAL,基线已有失败必须独立复现，逐项分类为 inherited/new/environment；禁止删断言、跳测试、改成功退出码、改预期哈希遮盖回退。受本阶段影响的阻塞必须修好；不相关旧规则缺陷记录账本，不擅改规则。,00_GLOBAL_RULES.md:66,ORIGINAL_ZIP,app/src/main/java/game/sanguo/mobile/MainActivity.java; app/src/main/java/game/sanguo/mobile/ScenarioFactionPicker.java; app/src/main/java/game/sanguo/mobile/MapHost.java; app/src/main/java/game/sanguo/mobile/FilamentMapView.java; app/src/main/java/game/sanguo/mobile/SceneRenderGate.java; app/src/main/java/game/sanguo/mobile/SceneWorkQueue.java; app/src/main/java/game/sanguo/mobile/SceneAssetQueue.java; app/src/main/java/game/sanguo/mobile/presentation/MapLayerData.java,bash scripts/test-architecture.sh; python3 scripts/check-native-protected-assets.py,17bd3376508499f2681d3e296939452383506a1e,98edd7f758d41b89826d03e6fd1be3366bbea173d679a58bdd5f157b8e9479f4,该行以注明的host/source/CI为证；设备专项见runtime-cases.json,NOT_RUN,EVIDENCE,当前轮只把明确原始日志范围作为支持证据；该复合契约完整验收未执行，不继承旧PASS或历史设备结果。,evidence/host/logs/test-architecture.log; evidence/host/logs/check-native-protected-assets-fetched.log; docs/native-pc-visual/evidence/firebase-20260928/SOURCE-REVIEW.md
X00.L068,GLOBAL,APK 必须包含本阶段实际 production source。记录完整源码 SHA、产物 SHA-256、应用 ID、版本、ABI、签名证书指纹、构建命令、CI run 和实际后端。先提交源码再按 SHA 构建最容易追踪；报告/证据后续提交可以与源码 SHA 不同，但差异必须仅限文档/证据，并给出最终远端 HEAD。,00_GLOBAL_RULES.md:68,ORIGINAL_ZIP,app/src/main/java/game/sanguo/mobile/MainActivity.java; app/src/main/java/game/sanguo/mobile/ScenarioFactionPicker.java; app/src/main/java/game/sanguo/mobile/MapHost.java; app/src/main/java/game/sanguo/mobile/FilamentMapView.java; app/src/main/java/game/sanguo/mobile/SceneRenderGate.java; app/src/main/java/game/sanguo/mobile/SceneWorkQueue.java; app/src/main/java/game/sanguo/mobile/SceneAssetQueue.java; app/src/main/java/game/sanguo/mobile/presentation/MapLayerData.java,bash scripts/test-architecture.sh; python3 scripts/check-native-protected-assets.py,17bd3376508499f2681d3e296939452383506a1e,98edd7f758d41b89826d03e6fd1be3366bbea173d679a58bdd5f157b8e9479f4,该行以注明的host/source/CI为证；设备专项见runtime-cases.json,NOT_RUN,EVIDENCE,当前轮只把明确原始日志范围作为支持证据；该复合契约完整验收未执行，不继承旧PASS或历史设备结果。,evidence/host/logs/test-architecture.log; evidence/host/logs/check-native-protected-assets-fetched.log; docs/native-pc-visual/evidence/firebase-20260928/SOURCE-REVIEW.md
X00.L070,GLOBAL,记录安装命令、启动组件、进入剧本、切换原生 3D、拖动/缩放和实际画面。黑屏/纯背景截图不是通过；像素数量测试不是美术鉴定。截图应来自实际 Surface/屏幕，不得用 Python/离线渲染图冒充 APK。,00_GLOBAL_RULES.md:70,ORIGINAL_ZIP,app/src/main/java/game/sanguo/mobile/MainActivity.java; app/src/main/java/game/sanguo/mobile/ScenarioFactionPicker.java; app/src/main/java/game/sanguo/mobile/MapHost.java; app/src/main/java/game/sanguo/mobile/FilamentMapView.java; app/src/main/java/game/sanguo/mobile/SceneRenderGate.java; app/src/main/java/game/sanguo/mobile/SceneWorkQueue.java; app/src/main/java/game/sanguo/mobile/SceneAssetQueue.java; app/src/main/java/game/sanguo/mobile/presentation/MapLayerData.java,bash scripts/test-architecture.sh; python3 scripts/check-native-protected-assets.py,17bd3376508499f2681d3e296939452383506a1e,98edd7f758d41b89826d03e6fd1be3366bbea173d679a58bdd5f157b8e9479f4,该行以注明的host/source/CI为证；设备专项见runtime-cases.json,NOT_RUN,EVIDENCE,当前轮只把明确原始日志范围作为支持证据；该复合契约完整验收未执行，不继承旧PASS或历史设备结果。,evidence/host/logs/test-architecture.log; evidence/host/logs/check-native-protected-assets-fetched.log; docs/native-pc-visual/evidence/firebase-20260928/SOURCE-REVIEW.md
X00.L072,GLOBAL,GitHub 连接器报错，先复读分支、提交、PR 和 workflow，检查写入是否实际成功，再有限重试同一个操作；不能因瞬时失败重复创建多个 PR/构建。无凭证或权限不足时不泄露/搜集秘密、不绕过保护；交付实际可做的源码补丁并明确没有成功 push，不能声称完成。,00_GLOBAL_RULES.md:72,ORIGINAL_ZIP,app/src/main/java/game/sanguo/mobile/MainActivity.java; app/src/main/java/game/sanguo/mobile/ScenarioFactionPicker.java; app/src/main/java/game/sanguo/mobile/MapHost.java; app/src/main/java/game/sanguo/mobile/FilamentMapView.java; app/src/main/java/game/sanguo/mobile/SceneRenderGate.java; app/src/main/java/game/sanguo/mobile/SceneWorkQueue.java; app/src/main/java/game/sanguo/mobile/SceneAssetQueue.java; app/src/main/java/game/sanguo/mobile/presentation/MapLayerData.java,bash scripts/test-architecture.sh; python3 scripts/check-native-protected-assets.py,17bd3376508499f2681d3e296939452383506a1e,98edd7f758d41b89826d03e6fd1be3366bbea173d679a58bdd5f157b8e9479f4,该行以注明的host/source/CI为证；设备专项见runtime-cases.json,NOT_RUN,EVIDENCE,当前轮只把明确原始日志范围作为支持证据；该复合契约完整验收未执行，不继承旧PASS或历史设备结果。,evidence/host/logs/test-architecture.log; evidence/host/logs/check-native-protected-assets-fetched.log; docs/native-pc-visual/evidence/firebase-20260928/SOURCE-REVIEW.md
X00.L076,GLOBAL,每阶段更新 `docs/native-pc-visual/PROGRESS.md`、`DEFECTS.md`、`reports/Rxx.md`、`handoffs/Rxx.md`、资产清单和证据 manifest。,00_GLOBAL_RULES.md:76,ORIGINAL_ZIP,app/src/main/java/game/sanguo/mobile/MainActivity.java; app/src/main/java/game/sanguo/mobile/ScenarioFactionPicker.java; app/src/main/java/game/sanguo/mobile/MapHost.java; app/src/main/java/game/sanguo/mobile/FilamentMapView.java; app/src/main/java/game/sanguo/mobile/SceneRenderGate.java; app/src/main/java/game/sanguo/mobile/SceneWorkQueue.java; app/src/main/java/game/sanguo/mobile/SceneAssetQueue.java; app/src/main/java/game/sanguo/mobile/presentation/MapLayerData.java,bash scripts/test-architecture.sh; python3 scripts/check-native-protected-assets.py,17bd3376508499f2681d3e296939452383506a1e,98edd7f758d41b89826d03e6fd1be3366bbea173d679a58bdd5f157b8e9479f4,该行以注明的host/source/CI为证；设备专项见runtime-cases.json,NOT_RUN,EVIDENCE,当前轮只把明确原始日志范围作为支持证据；该复合契约完整验收未执行，不继承旧PASS或历史设备结果。,evidence/host/logs/test-architecture.log; evidence/host/logs/check-native-protected-assets-fetched.log; docs/native-pc-visual/evidence/firebase-20260928/SOURCE-REVIEW.md
X00.L078,GLOBAL,最终回复必须含：阶段状态、实际修改与画面改善、未完成项、测试/设备结果、独立 APK 下载链接、证据包、源码 SHA/远端 HEAD、PR 链接、下一阶段阻塞。APK 不可下载时明确失败原因，不编链接、不用旧包顶替。,00_GLOBAL_RULES.md:78,ORIGINAL_ZIP,app/src/main/java/game/sanguo/mobile/MainActivity.java; app/src/main/java/game/sanguo/mobile/ScenarioFactionPicker.java; app/src/main/java/game/sanguo/mobile/MapHost.java; app/src/main/java/game/sanguo/mobile/FilamentMapView.java; app/src/main/java/game/sanguo/mobile/SceneRenderGate.java; app/src/main/java/game/sanguo/mobile/SceneWorkQueue.java; app/src/main/java/game/sanguo/mobile/SceneAssetQueue.java; app/src/main/java/game/sanguo/mobile/presentation/MapLayerData.java,bash scripts/test-architecture.sh; python3 scripts/check-native-protected-assets.py,17bd3376508499f2681d3e296939452383506a1e,98edd7f758d41b89826d03e6fd1be3366bbea173d679a58bdd5f157b8e9479f4,该行以注明的host/source/CI为证；设备专项见runtime-cases.json,NOT_RUN,EVIDENCE,当前轮只把明确原始日志范围作为支持证据；该复合契约完整验收未执行，不继承旧PASS或历史设备结果。,evidence/host/logs/test-architecture.log; evidence/host/logs/check-native-protected-assets-fetched.log; docs/native-pc-visual/evidence/firebase-20260928/SOURCE-REVIEW.md
X00.L080,GLOBAL,不要只回复“已完成/已推送/后续可优化”。不要承诺本会话外后台继续工作。只在用户指定阶段内交付，未获指示不要自动跑完后续全部阶段。,00_GLOBAL_RULES.md:80,ORIGINAL_ZIP,app/src/main/java/game/sanguo/mobile/MainActivity.java; app/src/main/java/game/sanguo/mobile/ScenarioFactionPicker.java; app/src/main/java/game/sanguo/mobile/MapHost.java; app/src/main/java/game/sanguo/mobile/FilamentMapView.java; app/src/main/java/game/sanguo/mobile/SceneRenderGate.java; app/src/main/java/game/sanguo/mobile/SceneWorkQueue.java; app/src/main/java/game/sanguo/mobile/SceneAssetQueue.java; app/src/main/java/game/sanguo/mobile/presentation/MapLayerData.java,bash scripts/test-architecture.sh; python3 scripts/check-native-protected-assets.py,17bd3376508499f2681d3e296939452383506a1e,98edd7f758d41b89826d03e6fd1be3366bbea173d679a58bdd5f157b8e9479f4,该行以注明的host/source/CI为证；设备专项见runtime-cases.json,NOT_RUN,EVIDENCE,当前轮只把明确原始日志范围作为支持证据；该复合契约完整验收未执行，不继承旧PASS或历史设备结果。,evidence/host/logs/test-architecture.log; evidence/host/logs/check-native-protected-assets-fetched.log; docs/native-pc-visual/evidence/firebase-20260928/SOURCE-REVIEW.md
X03.L003,GLOBAL,本文件规定行为边界，不要求照着类名制造空壳。存在同等职责的正式类型就扩展/拆分；包名以 R00 源码盘点为准。,03_RENDER_CONTRACTS.md:3,ORIGINAL_ZIP,app/src/main/java/game/sanguo/mobile/MapHost.java; app/src/main/java/game/sanguo/mobile/SceneRenderGate.java; app/src/main/java/game/sanguo/mobile/SceneWorkQueue.java; app/src/main/java/game/sanguo/mobile/SceneAssetQueue.java; app/src/main/java/game/sanguo/mobile/FilamentMapView.java; app/src/main/java/game/sanguo/mobile/SceneCamera.java; app/src/main/java/game/sanguo/mobile/ScenePicking.java; app/src/main/java/game/sanguo/mobile/GridWorldTransform.java; app/src/main/java/game/sanguo/mobile/TerrainSurface.java; app/src/main/java/game/sanguo/mobile/SceneMesh.java; app/src/main/java/game/sanguo/mobile/SiteGlb.java; app/src/main/java/game/sanguo/mobile/FieldAssets.java; app/src/main/java/game/sanguo/mobile/UnitVisual.java; app/src/main/java/game/sanguo/mobile/UnitMotion.java; app/src/main/java/game/sanguo/mobile/UnitAnimation.java; app/src/main/java/game/sanguo/mobile/UnitLod.java; app/src/main/java/game/sanguo/mobile/CombatVisual.java; app/src/main/java/game/sanguo/mobile/TurnPlayback.java; app/src/main/java/game/sanguo/mobile/MapEditorActivity.java; app/src/main/java/game/sanguo/mobile/MapLibrary.java; core/src/main/java/game/sanguo/core/MapPatch.java,bash scripts/test-architecture.sh; python3 scripts/check-native-protected-assets.py,17bd3376508499f2681d3e296939452383506a1e,98edd7f758d41b89826d03e6fd1be3366bbea173d679a58bdd5f157b8e9479f4,该行以注明的host/source/CI为证；设备专项见runtime-cases.json,NOT_RUN,EVIDENCE,当前轮只把明确原始日志范围作为支持证据；该复合契约完整验收未执行，不继承旧PASS或历史设备结果。,evidence/host/logs/test-architecture.log; evidence/host/logs/check-native-protected-assets-fetched.log; docs/native-pc-visual/evidence/firebase-20260928/SOURCE-REVIEW.md
X03.L007,GLOBAL,权威命令进入已有 GameSession，现状逻辑线程是 Android main Looper；不在本轮把整套游戏换线程。渲染接收单次会话提交后的不可变投影。选择、高亮、镜头等视图状态与玩法状态分开。,03_RENDER_CONTRACTS.md:7,ORIGINAL_ZIP,app/src/main/java/game/sanguo/mobile/MapHost.java; app/src/main/java/game/sanguo/mobile/SceneRenderGate.java; app/src/main/java/game/sanguo/mobile/SceneWorkQueue.java; app/src/main/java/game/sanguo/mobile/SceneAssetQueue.java; app/src/main/java/game/sanguo/mobile/FilamentMapView.java; app/src/main/java/game/sanguo/mobile/SceneCamera.java; app/src/main/java/game/sanguo/mobile/ScenePicking.java; app/src/main/java/game/sanguo/mobile/GridWorldTransform.java; app/src/main/java/game/sanguo/mobile/TerrainSurface.java; app/src/main/java/game/sanguo/mobile/SceneMesh.java; app/src/main/java/game/sanguo/mobile/SiteGlb.java; app/src/main/java/game/sanguo/mobile/FieldAssets.java; app/src/main/java/game/sanguo/mobile/UnitVisual.java; app/src/main/java/game/sanguo/mobile/UnitMotion.java; app/src/main/java/game/sanguo/mobile/UnitAnimation.java; app/src/main/java/game/sanguo/mobile/UnitLod.java; app/src/main/java/game/sanguo/mobile/CombatVisual.java; app/src/main/java/game/sanguo/mobile/TurnPlayback.java; app/src/main/java/game/sanguo/mobile/MapEditorActivity.java; app/src/main/java/game/sanguo/mobile/MapLibrary.java; core/src/main/java/game/sanguo/core/MapPatch.java,bash scripts/test-architecture.sh; python3 scripts/check-native-protected-assets.py,17bd3376508499f2681d3e296939452383506a1e,98edd7f758d41b89826d03e6fd1be3366bbea173d679a58bdd5f157b8e9479f4,该行以注明的host/source/CI为证；设备专项见runtime-cases.json,NOT_RUN,EVIDENCE,当前轮只把明确原始日志范围作为支持证据；该复合契约完整验收未执行，不继承旧PASS或历史设备结果。,evidence/host/logs/test-architecture.log; evidence/host/logs/check-native-protected-assets-fetched.log; docs/native-pc-visual/evidence/firebase-20260928/SOURCE-REVIEW.md
X03.L009,GLOBAL,Filament 分支维持经验证的 engine owner thread；耗时网格/解码放后台，GPU 创建/上传/销毁回 owner thread。若纯 GLES，GLSurfaceView 的 GL thread 是 GPU 唯一所有者，用有界消息交接；两者不混用。,03_RENDER_CONTRACTS.md:9,ORIGINAL_ZIP,app/src/main/java/game/sanguo/mobile/MapHost.java; app/src/main/java/game/sanguo/mobile/SceneRenderGate.java; app/src/main/java/game/sanguo/mobile/SceneWorkQueue.java; app/src/main/java/game/sanguo/mobile/SceneAssetQueue.java; app/src/main/java/game/sanguo/mobile/FilamentMapView.java; app/src/main/java/game/sanguo/mobile/SceneCamera.java; app/src/main/java/game/sanguo/mobile/ScenePicking.java; app/src/main/java/game/sanguo/mobile/GridWorldTransform.java; app/src/main/java/game/sanguo/mobile/TerrainSurface.java; app/src/main/java/game/sanguo/mobile/SceneMesh.java; app/src/main/java/game/sanguo/mobile/SiteGlb.java; app/src/main/java/game/sanguo/mobile/FieldAssets.java; app/src/main/java/game/sanguo/mobile/UnitVisual.java; app/src/main/java/game/sanguo/mobile/UnitMotion.java; app/src/main/java/game/sanguo/mobile/UnitAnimation.java; app/src/main/java/game/sanguo/mobile/UnitLod.java; app/src/main/java/game/sanguo/mobile/CombatVisual.java; app/src/main/java/game/sanguo/mobile/TurnPlayback.java; app/src/main/java/game/sanguo/mobile/MapEditorActivity.java; app/src/main/java/game/sanguo/mobile/MapLibrary.java; core/src/main/java/game/sanguo/core/MapPatch.java,bash scripts/test-architecture.sh; python3 scripts/check-native-protected-assets.py,17bd3376508499f2681d3e296939452383506a1e,98edd7f758d41b89826d03e6fd1be3366bbea173d679a58bdd5f157b8e9479f4,该行以注明的host/source/CI为证；设备专项见runtime-cases.json,FAIL,IMPLEMENTATION,耗时纹理解码仍在UI/Filament owner构造路径；本轮没有改生产源码。,evidence/host/logs/test-architecture.log; evidence/host/logs/check-native-protected-assets-fetched.log; docs/native-pc-visual/evidence/firebase-20260928/SOURCE-REVIEW.md
X03.L011,GLOBAL,后台任务必须带 sessionId、worldGeneration、mapRevision、visualRevision、assetRevision 和请求 generation（可合并等价字段）。过时结果直接丢弃并释放 CPU 资源；不能上传到已销毁 Surface。对象池/缓存需追踪 live reference，不能释放仍在帧/回调中使用的数据。,03_RENDER_CONTRACTS.md:11,ORIGINAL_ZIP,app/src/main/java/game/sanguo/mobile/MapHost.java; app/src/main/java/game/sanguo/mobile/SceneRenderGate.java; app/src/main/java/game/sanguo/mobile/SceneWorkQueue.java; app/src/main/java/game/sanguo/mobile/SceneAssetQueue.java; app/src/main/java/game/sanguo/mobile/FilamentMapView.java; app/src/main/java/game/sanguo/mobile/SceneCamera.java; app/src/main/java/game/sanguo/mobile/ScenePicking.java; app/src/main/java/game/sanguo/mobile/GridWorldTransform.java; app/src/main/java/game/sanguo/mobile/TerrainSurface.java; app/src/main/java/game/sanguo/mobile/SceneMesh.java; app/src/main/java/game/sanguo/mobile/SiteGlb.java; app/src/main/java/game/sanguo/mobile/FieldAssets.java; app/src/main/java/game/sanguo/mobile/UnitVisual.java; app/src/main/java/game/sanguo/mobile/UnitMotion.java; app/src/main/java/game/sanguo/mobile/UnitAnimation.java; app/src/main/java/game/sanguo/mobile/UnitLod.java; app/src/main/java/game/sanguo/mobile/CombatVisual.java; app/src/main/java/game/sanguo/mobile/TurnPlayback.java; app/src/main/java/game/sanguo/mobile/MapEditorActivity.java; app/src/main/java/game/sanguo/mobile/MapLibrary.java; core/src/main/java/game/sanguo/core/MapPatch.java,bash scripts/test-architecture.sh; python3 scripts/check-native-protected-assets.py,17bd3376508499f2681d3e296939452383506a1e,98edd7f758d41b89826d03e6fd1be3366bbea173d679a58bdd5f157b8e9479f4,该行以注明的host/source/CI为证；设备专项见runtime-cases.json,NOT_RUN,EVIDENCE,当前轮只把明确原始日志范围作为支持证据；该复合契约完整验收未执行，不继承旧PASS或历史设备结果。,evidence/host/logs/test-architecture.log; evidence/host/logs/check-native-protected-assets-fetched.log; docs/native-pc-visual/evidence/firebase-20260928/SOURCE-REVIEW.md
X03.L013,GLOBAL,权威事件可能要求不丢失；可视全量快照可以 latest-wins。不要把两种队列混成无限积压。慢帧、暂停、跳过、低画质不得改变命令次数或规则随机结果。,03_RENDER_CONTRACTS.md:13,ORIGINAL_ZIP,app/src/main/java/game/sanguo/mobile/MapHost.java; app/src/main/java/game/sanguo/mobile/SceneRenderGate.java; app/src/main/java/game/sanguo/mobile/SceneWorkQueue.java; app/src/main/java/game/sanguo/mobile/SceneAssetQueue.java; app/src/main/java/game/sanguo/mobile/FilamentMapView.java; app/src/main/java/game/sanguo/mobile/SceneCamera.java; app/src/main/java/game/sanguo/mobile/ScenePicking.java; app/src/main/java/game/sanguo/mobile/GridWorldTransform.java; app/src/main/java/game/sanguo/mobile/TerrainSurface.java; app/src/main/java/game/sanguo/mobile/SceneMesh.java; app/src/main/java/game/sanguo/mobile/SiteGlb.java; app/src/main/java/game/sanguo/mobile/FieldAssets.java; app/src/main/java/game/sanguo/mobile/UnitVisual.java; app/src/main/java/game/sanguo/mobile/UnitMotion.java; app/src/main/java/game/sanguo/mobile/UnitAnimation.java; app/src/main/java/game/sanguo/mobile/UnitLod.java; app/src/main/java/game/sanguo/mobile/CombatVisual.java; app/src/main/java/game/sanguo/mobile/TurnPlayback.java; app/src/main/java/game/sanguo/mobile/MapEditorActivity.java; app/src/main/java/game/sanguo/mobile/MapLibrary.java; core/src/main/java/game/sanguo/core/MapPatch.java,bash scripts/test-architecture.sh; python3 scripts/check-native-protected-assets.py,17bd3376508499f2681d3e296939452383506a1e,98edd7f758d41b89826d03e6fd1be3366bbea173d679a58bdd5f157b8e9479f4,该行以注明的host/source/CI为证；设备专项见runtime-cases.json,NOT_RUN,EVIDENCE,当前轮只把明确原始日志范围作为支持证据；该复合契约完整验收未执行，不继承旧PASS或历史设备结果。,evidence/host/logs/test-architecture.log; evidence/host/logs/check-native-protected-assets-fetched.log; docs/native-pc-visual/evidence/firebase-20260928/SOURCE-REVIEW.md
X03.L017,GLOBAL,延续真实 `GridLayout -> GridWorldTransform -> Camera`。本包不规定新的 q/r 存储格式、全国尺寸和城市数。源图坐标、存储行列、逻辑 Hex、世界 X/Z、视觉高度、屏幕像素、内部渲染像素必须命名区分。,03_RENDER_CONTRACTS.md:17,ORIGINAL_ZIP,app/src/main/java/game/sanguo/mobile/MapHost.java; app/src/main/java/game/sanguo/mobile/SceneRenderGate.java; app/src/main/java/game/sanguo/mobile/SceneWorkQueue.java; app/src/main/java/game/sanguo/mobile/SceneAssetQueue.java; app/src/main/java/game/sanguo/mobile/FilamentMapView.java; app/src/main/java/game/sanguo/mobile/SceneCamera.java; app/src/main/java/game/sanguo/mobile/ScenePicking.java; app/src/main/java/game/sanguo/mobile/GridWorldTransform.java; app/src/main/java/game/sanguo/mobile/TerrainSurface.java; app/src/main/java/game/sanguo/mobile/SceneMesh.java; app/src/main/java/game/sanguo/mobile/SiteGlb.java; app/src/main/java/game/sanguo/mobile/FieldAssets.java; app/src/main/java/game/sanguo/mobile/UnitVisual.java; app/src/main/java/game/sanguo/mobile/UnitMotion.java; app/src/main/java/game/sanguo/mobile/UnitAnimation.java; app/src/main/java/game/sanguo/mobile/UnitLod.java; app/src/main/java/game/sanguo/mobile/CombatVisual.java; app/src/main/java/game/sanguo/mobile/TurnPlayback.java; app/src/main/java/game/sanguo/mobile/MapEditorActivity.java; app/src/main/java/game/sanguo/mobile/MapLibrary.java; core/src/main/java/game/sanguo/core/MapPatch.java,bash scripts/test-architecture.sh; python3 scripts/check-native-protected-assets.py,17bd3376508499f2681d3e296939452383506a1e,98edd7f758d41b89826d03e6fd1be3366bbea173d679a58bdd5f157b8e9479f4,该行以注明的host/source/CI为证；设备专项见runtime-cases.json,NOT_RUN,EVIDENCE,当前轮只把明确原始日志范围作为支持证据；该复合契约完整验收未执行，不继承旧PASS或历史设备结果。,evidence/host/logs/test-architecture.log; evidence/host/logs/check-native-protected-assets-fetched.log; docs/native-pc-visual/evidence/firebase-20260928/SOURCE-REVIEW.md
X03.L019,GLOBAL,同一格中心/边界映射要服务：mesh、树木散布、城港关锚点、单位位置、路径、Overlay、编辑笔刷、屏幕拾取。UI 视口裁剪/面板遮挡与动态分辨率不可改变逻辑格选择。,03_RENDER_CONTRACTS.md:19,ORIGINAL_ZIP,app/src/main/java/game/sanguo/mobile/MapHost.java; app/src/main/java/game/sanguo/mobile/SceneRenderGate.java; app/src/main/java/game/sanguo/mobile/SceneWorkQueue.java; app/src/main/java/game/sanguo/mobile/SceneAssetQueue.java; app/src/main/java/game/sanguo/mobile/FilamentMapView.java; app/src/main/java/game/sanguo/mobile/SceneCamera.java; app/src/main/java/game/sanguo/mobile/ScenePicking.java; app/src/main/java/game/sanguo/mobile/GridWorldTransform.java; app/src/main/java/game/sanguo/mobile/TerrainSurface.java; app/src/main/java/game/sanguo/mobile/SceneMesh.java; app/src/main/java/game/sanguo/mobile/SiteGlb.java; app/src/main/java/game/sanguo/mobile/FieldAssets.java; app/src/main/java/game/sanguo/mobile/UnitVisual.java; app/src/main/java/game/sanguo/mobile/UnitMotion.java; app/src/main/java/game/sanguo/mobile/UnitAnimation.java; app/src/main/java/game/sanguo/mobile/UnitLod.java; app/src/main/java/game/sanguo/mobile/CombatVisual.java; app/src/main/java/game/sanguo/mobile/TurnPlayback.java; app/src/main/java/game/sanguo/mobile/MapEditorActivity.java; app/src/main/java/game/sanguo/mobile/MapLibrary.java; core/src/main/java/game/sanguo/core/MapPatch.java,bash scripts/test-architecture.sh; python3 scripts/check-native-protected-assets.py,17bd3376508499f2681d3e296939452383506a1e,98edd7f758d41b89826d03e6fd1be3366bbea173d679a58bdd5f157b8e9479f4,该行以注明的host/source/CI为证；设备专项见runtime-cases.json,NOT_RUN,EVIDENCE,当前轮只把明确原始日志范围作为支持证据；该复合契约完整验收未执行，不继承旧PASS或历史设备结果。,evidence/host/logs/test-architecture.log; evidence/host/logs/check-native-protected-assets-fetched.log; docs/native-pc-visual/evidence/firebase-20260928/SOURCE-REVIEW.md
X03.L021,GLOBAL,全国逻辑格集合的每个有效格中心都必须可映射且可还原；边界平局规则保持旧实现。VOID/装饰地景不生成可行动格。七格城市各入口依然沿用权威占地，视觉包围盒不改变移动/进驻。,03_RENDER_CONTRACTS.md:21,ORIGINAL_ZIP,app/src/main/java/game/sanguo/mobile/MapHost.java; app/src/main/java/game/sanguo/mobile/SceneRenderGate.java; app/src/main/java/game/sanguo/mobile/SceneWorkQueue.java; app/src/main/java/game/sanguo/mobile/SceneAssetQueue.java; app/src/main/java/game/sanguo/mobile/FilamentMapView.java; app/src/main/java/game/sanguo/mobile/SceneCamera.java; app/src/main/java/game/sanguo/mobile/ScenePicking.java; app/src/main/java/game/sanguo/mobile/GridWorldTransform.java; app/src/main/java/game/sanguo/mobile/TerrainSurface.java; app/src/main/java/game/sanguo/mobile/SceneMesh.java; app/src/main/java/game/sanguo/mobile/SiteGlb.java; app/src/main/java/game/sanguo/mobile/FieldAssets.java; app/src/main/java/game/sanguo/mobile/UnitVisual.java; app/src/main/java/game/sanguo/mobile/UnitMotion.java; app/src/main/java/game/sanguo/mobile/UnitAnimation.java; app/src/main/java/game/sanguo/mobile/UnitLod.java; app/src/main/java/game/sanguo/mobile/CombatVisual.java; app/src/main/java/game/sanguo/mobile/TurnPlayback.java; app/src/main/java/game/sanguo/mobile/MapEditorActivity.java; app/src/main/java/game/sanguo/mobile/MapLibrary.java; core/src/main/java/game/sanguo/core/MapPatch.java,bash scripts/test-architecture.sh; python3 scripts/check-native-protected-assets.py,17bd3376508499f2681d3e296939452383506a1e,98edd7f758d41b89826d03e6fd1be3366bbea173d679a58bdd5f157b8e9479f4,该行以注明的host/source/CI为证；设备专项见runtime-cases.json,NOT_RUN,EVIDENCE,当前轮只把明确原始日志范围作为支持证据；该复合契约完整验收未执行，不继承旧PASS或历史设备结果。,evidence/host/logs/test-architecture.log; evidence/host/logs/check-native-protected-assets-fetched.log; docs/native-pc-visual/evidence/firebase-20260928/SOURCE-REVIEW.md
X03.L027,GLOBAL,"唯一采样源 `H(x,z)`、材质权重 `W(x,z)`、水陆约束 `C(x,z)` 决定各分块网格、法线和地面锚点。单位是项目世界单位，不擅自当真实地理米。高度不是游戏规则。",03_RENDER_CONTRACTS.md:27,ORIGINAL_ZIP,app/src/main/java/game/sanguo/mobile/MapHost.java; app/src/main/java/game/sanguo/mobile/SceneRenderGate.java; app/src/main/java/game/sanguo/mobile/SceneWorkQueue.java; app/src/main/java/game/sanguo/mobile/SceneAssetQueue.java; app/src/main/java/game/sanguo/mobile/FilamentMapView.java; app/src/main/java/game/sanguo/mobile/SceneCamera.java; app/src/main/java/game/sanguo/mobile/ScenePicking.java; app/src/main/java/game/sanguo/mobile/GridWorldTransform.java; app/src/main/java/game/sanguo/mobile/TerrainSurface.java; app/src/main/java/game/sanguo/mobile/SceneMesh.java; app/src/main/java/game/sanguo/mobile/SiteGlb.java; app/src/main/java/game/sanguo/mobile/FieldAssets.java; app/src/main/java/game/sanguo/mobile/UnitVisual.java; app/src/main/java/game/sanguo/mobile/UnitMotion.java; app/src/main/java/game/sanguo/mobile/UnitAnimation.java; app/src/main/java/game/sanguo/mobile/UnitLod.java; app/src/main/java/game/sanguo/mobile/CombatVisual.java; app/src/main/java/game/sanguo/mobile/TurnPlayback.java; app/src/main/java/game/sanguo/mobile/MapEditorActivity.java; app/src/main/java/game/sanguo/mobile/MapLibrary.java; core/src/main/java/game/sanguo/core/MapPatch.java,bash scripts/test-architecture.sh; python3 scripts/check-native-protected-assets.py,17bd3376508499f2681d3e296939452383506a1e,98edd7f758d41b89826d03e6fd1be3366bbea173d679a58bdd5f157b8e9479f4,该行以注明的host/source/CI为证；设备专项见runtime-cases.json,NOT_RUN,EVIDENCE,当前轮只把明确原始日志范围作为支持证据；该复合契约完整验收未执行，不继承旧PASS或历史设备结果。,evidence/host/logs/test-architecture.log; evidence/host/logs/check-native-protected-assets-fetched.log; docs/native-pc-visual/evidence/firebase-20260928/SOURCE-REVIEW.md
X03.L029,GLOBAL,全局场允许由逻辑地形、区域参数与固定种子派生；山系需要区域连贯轮廓，不只是每格中心叠噪声。不能重建为每格独立球包/圆锥。水、城址、关隘/道路、可通行地带是硬/软约束，明确优先级与过渡宽度。,03_RENDER_CONTRACTS.md:29,ORIGINAL_ZIP,app/src/main/java/game/sanguo/mobile/MapHost.java; app/src/main/java/game/sanguo/mobile/SceneRenderGate.java; app/src/main/java/game/sanguo/mobile/SceneWorkQueue.java; app/src/main/java/game/sanguo/mobile/SceneAssetQueue.java; app/src/main/java/game/sanguo/mobile/FilamentMapView.java; app/src/main/java/game/sanguo/mobile/SceneCamera.java; app/src/main/java/game/sanguo/mobile/ScenePicking.java; app/src/main/java/game/sanguo/mobile/GridWorldTransform.java; app/src/main/java/game/sanguo/mobile/TerrainSurface.java; app/src/main/java/game/sanguo/mobile/SceneMesh.java; app/src/main/java/game/sanguo/mobile/SiteGlb.java; app/src/main/java/game/sanguo/mobile/FieldAssets.java; app/src/main/java/game/sanguo/mobile/UnitVisual.java; app/src/main/java/game/sanguo/mobile/UnitMotion.java; app/src/main/java/game/sanguo/mobile/UnitAnimation.java; app/src/main/java/game/sanguo/mobile/UnitLod.java; app/src/main/java/game/sanguo/mobile/CombatVisual.java; app/src/main/java/game/sanguo/mobile/TurnPlayback.java; app/src/main/java/game/sanguo/mobile/MapEditorActivity.java; app/src/main/java/game/sanguo/mobile/MapLibrary.java; core/src/main/java/game/sanguo/core/MapPatch.java,bash scripts/test-architecture.sh; python3 scripts/check-native-protected-assets.py,17bd3376508499f2681d3e296939452383506a1e,98edd7f758d41b89826d03e6fd1be3366bbea173d679a58bdd5f157b8e9479f4,该行以注明的host/source/CI为证；设备专项见runtime-cases.json,NOT_RUN,EVIDENCE,当前轮只把明确原始日志范围作为支持证据；该复合契约完整验收未执行，不继承旧PASS或历史设备结果。,evidence/host/logs/test-architecture.log; evidence/host/logs/check-native-protected-assets-fetched.log; docs/native-pc-visual/evidence/firebase-20260928/SOURCE-REVIEW.md
X03.L031,GLOBAL,chunk 边界采用同一 global sample 和至少算法需要的 halo。法线导数、材质权重、路/河 mask 也跨边一致。LOD 采用邻接约束、stitch/skirt 等明确方案；skirt 不能掩盖物体/拾取高度错位。,03_RENDER_CONTRACTS.md:31,ORIGINAL_ZIP,app/src/main/java/game/sanguo/mobile/MapHost.java; app/src/main/java/game/sanguo/mobile/SceneRenderGate.java; app/src/main/java/game/sanguo/mobile/SceneWorkQueue.java; app/src/main/java/game/sanguo/mobile/SceneAssetQueue.java; app/src/main/java/game/sanguo/mobile/FilamentMapView.java; app/src/main/java/game/sanguo/mobile/SceneCamera.java; app/src/main/java/game/sanguo/mobile/ScenePicking.java; app/src/main/java/game/sanguo/mobile/GridWorldTransform.java; app/src/main/java/game/sanguo/mobile/TerrainSurface.java; app/src/main/java/game/sanguo/mobile/SceneMesh.java; app/src/main/java/game/sanguo/mobile/SiteGlb.java; app/src/main/java/game/sanguo/mobile/FieldAssets.java; app/src/main/java/game/sanguo/mobile/UnitVisual.java; app/src/main/java/game/sanguo/mobile/UnitMotion.java; app/src/main/java/game/sanguo/mobile/UnitAnimation.java; app/src/main/java/game/sanguo/mobile/UnitLod.java; app/src/main/java/game/sanguo/mobile/CombatVisual.java; app/src/main/java/game/sanguo/mobile/TurnPlayback.java; app/src/main/java/game/sanguo/mobile/MapEditorActivity.java; app/src/main/java/game/sanguo/mobile/MapLibrary.java; core/src/main/java/game/sanguo/core/MapPatch.java,bash scripts/test-architecture.sh; python3 scripts/check-native-protected-assets.py,17bd3376508499f2681d3e296939452383506a1e,98edd7f758d41b89826d03e6fd1be3366bbea173d679a58bdd5f157b8e9479f4,该行以注明的host/source/CI为证；设备专项见runtime-cases.json,NOT_RUN,EVIDENCE,当前轮只把明确原始日志范围作为支持证据；该复合契约完整验收未执行，不继承旧PASS或历史设备结果。,evidence/host/logs/test-architecture.log; evidence/host/logs/check-native-protected-assets-fetched.log; docs/native-pc-visual/evidence/firebase-20260928/SOURCE-REVIEW.md
X03.L033,GLOBAL,拾取应命中**实际显示表面或误差可控的同源表面**；地形可见三角面与求根的高度场不一致时，必须处理误差，不能直接地平面反投影。,03_RENDER_CONTRACTS.md:33,ORIGINAL_ZIP,app/src/main/java/game/sanguo/mobile/MapHost.java; app/src/main/java/game/sanguo/mobile/SceneRenderGate.java; app/src/main/java/game/sanguo/mobile/SceneWorkQueue.java; app/src/main/java/game/sanguo/mobile/SceneAssetQueue.java; app/src/main/java/game/sanguo/mobile/FilamentMapView.java; app/src/main/java/game/sanguo/mobile/SceneCamera.java; app/src/main/java/game/sanguo/mobile/ScenePicking.java; app/src/main/java/game/sanguo/mobile/GridWorldTransform.java; app/src/main/java/game/sanguo/mobile/TerrainSurface.java; app/src/main/java/game/sanguo/mobile/SceneMesh.java; app/src/main/java/game/sanguo/mobile/SiteGlb.java; app/src/main/java/game/sanguo/mobile/FieldAssets.java; app/src/main/java/game/sanguo/mobile/UnitVisual.java; app/src/main/java/game/sanguo/mobile/UnitMotion.java; app/src/main/java/game/sanguo/mobile/UnitAnimation.java; app/src/main/java/game/sanguo/mobile/UnitLod.java; app/src/main/java/game/sanguo/mobile/CombatVisual.java; app/src/main/java/game/sanguo/mobile/TurnPlayback.java; app/src/main/java/game/sanguo/mobile/MapEditorActivity.java; app/src/main/java/game/sanguo/mobile/MapLibrary.java; core/src/main/java/game/sanguo/core/MapPatch.java,bash scripts/test-architecture.sh; python3 scripts/check-native-protected-assets.py,17bd3376508499f2681d3e296939452383506a1e,98edd7f758d41b89826d03e6fd1be3366bbea173d679a58bdd5f157b8e9479f4,该行以注明的host/source/CI为证；设备专项见runtime-cases.json,NOT_RUN,EVIDENCE,当前轮只把明确原始日志范围作为支持证据；该复合契约完整验收未执行，不继承旧PASS或历史设备结果。,evidence/host/logs/test-architecture.log; evidence/host/logs/check-native-protected-assets-fetched.log; docs/native-pc-visual/evidence/firebase-20260928/SOURCE-REVIEW.md
X03.L037,GLOBAL,颜色贴图按 sRGB 解码，权重/法线/高度等数据图按 linear；最终画面只做正确次数的传递转换。各 diffuse 权重非负且归一化，零权重有确定兜底。,03_RENDER_CONTRACTS.md:37,ORIGINAL_ZIP,app/src/main/java/game/sanguo/mobile/MapHost.java; app/src/main/java/game/sanguo/mobile/SceneRenderGate.java; app/src/main/java/game/sanguo/mobile/SceneWorkQueue.java; app/src/main/java/game/sanguo/mobile/SceneAssetQueue.java; app/src/main/java/game/sanguo/mobile/FilamentMapView.java; app/src/main/java/game/sanguo/mobile/SceneCamera.java; app/src/main/java/game/sanguo/mobile/ScenePicking.java; app/src/main/java/game/sanguo/mobile/GridWorldTransform.java; app/src/main/java/game/sanguo/mobile/TerrainSurface.java; app/src/main/java/game/sanguo/mobile/SceneMesh.java; app/src/main/java/game/sanguo/mobile/SiteGlb.java; app/src/main/java/game/sanguo/mobile/FieldAssets.java; app/src/main/java/game/sanguo/mobile/UnitVisual.java; app/src/main/java/game/sanguo/mobile/UnitMotion.java; app/src/main/java/game/sanguo/mobile/UnitAnimation.java; app/src/main/java/game/sanguo/mobile/UnitLod.java; app/src/main/java/game/sanguo/mobile/CombatVisual.java; app/src/main/java/game/sanguo/mobile/TurnPlayback.java; app/src/main/java/game/sanguo/mobile/MapEditorActivity.java; app/src/main/java/game/sanguo/mobile/MapLibrary.java; core/src/main/java/game/sanguo/core/MapPatch.java,bash scripts/test-architecture.sh; python3 scripts/check-native-protected-assets.py,17bd3376508499f2681d3e296939452383506a1e,98edd7f758d41b89826d03e6fd1be3366bbea173d679a58bdd5f157b8e9479f4,该行以注明的host/source/CI为证；设备专项见runtime-cases.json,NOT_RUN,EVIDENCE,当前轮只把明确原始日志范围作为支持证据；该复合契约完整验收未执行，不继承旧PASS或历史设备结果。,evidence/host/logs/test-architecture.log; evidence/host/logs/check-native-protected-assets-fetched.log; docs/native-pc-visual/evidence/firebase-20260928/SOURCE-REVIEW.md
X03.L039,GLOBAL,world-space UV 与受控多尺度细节消除格子拼贴；宏观区域色和微观细节独立，不让纯噪点替代真正地表纹理。常规 4 层基线可用，新增层前检查采样器/带宽，不把 8 层全套贴图堆成移动端重材质。,03_RENDER_CONTRACTS.md:39,ORIGINAL_ZIP,app/src/main/java/game/sanguo/mobile/MapHost.java; app/src/main/java/game/sanguo/mobile/SceneRenderGate.java; app/src/main/java/game/sanguo/mobile/SceneWorkQueue.java; app/src/main/java/game/sanguo/mobile/SceneAssetQueue.java; app/src/main/java/game/sanguo/mobile/FilamentMapView.java; app/src/main/java/game/sanguo/mobile/SceneCamera.java; app/src/main/java/game/sanguo/mobile/ScenePicking.java; app/src/main/java/game/sanguo/mobile/GridWorldTransform.java; app/src/main/java/game/sanguo/mobile/TerrainSurface.java; app/src/main/java/game/sanguo/mobile/SceneMesh.java; app/src/main/java/game/sanguo/mobile/SiteGlb.java; app/src/main/java/game/sanguo/mobile/FieldAssets.java; app/src/main/java/game/sanguo/mobile/UnitVisual.java; app/src/main/java/game/sanguo/mobile/UnitMotion.java; app/src/main/java/game/sanguo/mobile/UnitAnimation.java; app/src/main/java/game/sanguo/mobile/UnitLod.java; app/src/main/java/game/sanguo/mobile/CombatVisual.java; app/src/main/java/game/sanguo/mobile/TurnPlayback.java; app/src/main/java/game/sanguo/mobile/MapEditorActivity.java; app/src/main/java/game/sanguo/mobile/MapLibrary.java; core/src/main/java/game/sanguo/core/MapPatch.java,bash scripts/test-architecture.sh; python3 scripts/check-native-protected-assets.py,17bd3376508499f2681d3e296939452383506a1e,98edd7f758d41b89826d03e6fd1be3366bbea173d679a58bdd5f157b8e9479f4,该行以注明的host/source/CI为证；设备专项见runtime-cases.json,NOT_RUN,EVIDENCE,当前轮只把明确原始日志范围作为支持证据；该复合契约完整验收未执行，不继承旧PASS或历史设备结果。,evidence/host/logs/test-architecture.log; evidence/host/logs/check-native-protected-assets-fetched.log; docs/native-pc-visual/evidence/firebase-20260928/SOURCE-REVIEW.md
X03.L041,GLOBAL,Filament 使用匹配版本离线 matc 与合法 material 语言；纯 GLES 才使用 `#version 300 es` 顶点/片元程序。不要把 GLSL Shader 直接当 .filamat，也不要让实时运行时动态编译依赖大型编译库。,03_RENDER_CONTRACTS.md:41,ORIGINAL_ZIP,app/src/main/java/game/sanguo/mobile/MapHost.java; app/src/main/java/game/sanguo/mobile/SceneRenderGate.java; app/src/main/java/game/sanguo/mobile/SceneWorkQueue.java; app/src/main/java/game/sanguo/mobile/SceneAssetQueue.java; app/src/main/java/game/sanguo/mobile/FilamentMapView.java; app/src/main/java/game/sanguo/mobile/SceneCamera.java; app/src/main/java/game/sanguo/mobile/ScenePicking.java; app/src/main/java/game/sanguo/mobile/GridWorldTransform.java; app/src/main/java/game/sanguo/mobile/TerrainSurface.java; app/src/main/java/game/sanguo/mobile/SceneMesh.java; app/src/main/java/game/sanguo/mobile/SiteGlb.java; app/src/main/java/game/sanguo/mobile/FieldAssets.java; app/src/main/java/game/sanguo/mobile/UnitVisual.java; app/src/main/java/game/sanguo/mobile/UnitMotion.java; app/src/main/java/game/sanguo/mobile/UnitAnimation.java; app/src/main/java/game/sanguo/mobile/UnitLod.java; app/src/main/java/game/sanguo/mobile/CombatVisual.java; app/src/main/java/game/sanguo/mobile/TurnPlayback.java; app/src/main/java/game/sanguo/mobile/MapEditorActivity.java; app/src/main/java/game/sanguo/mobile/MapLibrary.java; core/src/main/java/game/sanguo/core/MapPatch.java,bash scripts/test-architecture.sh; python3 scripts/check-native-protected-assets.py,17bd3376508499f2681d3e296939452383506a1e,98edd7f758d41b89826d03e6fd1be3366bbea173d679a58bdd5f157b8e9479f4,该行以注明的host/source/CI为证；设备专项见runtime-cases.json,PASS,NONE,固定Filament1.56 matc56编译ground/water并cmp成功，资源从正式assets加载；无运行期大型编译库。,evidence/host/logs/test-architecture.log; evidence/host/logs/check-native-protected-assets-fetched.log; docs/native-pc-visual/evidence/firebase-20260928/SOURCE-REVIEW.md; evidence/ci/ci-r06-job.log
X03.L045,GLOBAL,资源 ID 独立于文件名，可追踪 source、license、checksum、version、LOD、bounds、pivot、单位/朝向、材质、贴图空间、动画、实际使用者。,03_RENDER_CONTRACTS.md:45,ORIGINAL_ZIP,app/src/main/java/game/sanguo/mobile/MapHost.java; app/src/main/java/game/sanguo/mobile/SceneRenderGate.java; app/src/main/java/game/sanguo/mobile/SceneWorkQueue.java; app/src/main/java/game/sanguo/mobile/SceneAssetQueue.java; app/src/main/java/game/sanguo/mobile/FilamentMapView.java; app/src/main/java/game/sanguo/mobile/SceneCamera.java; app/src/main/java/game/sanguo/mobile/ScenePicking.java; app/src/main/java/game/sanguo/mobile/GridWorldTransform.java; app/src/main/java/game/sanguo/mobile/TerrainSurface.java; app/src/main/java/game/sanguo/mobile/SceneMesh.java; app/src/main/java/game/sanguo/mobile/SiteGlb.java; app/src/main/java/game/sanguo/mobile/FieldAssets.java; app/src/main/java/game/sanguo/mobile/UnitVisual.java; app/src/main/java/game/sanguo/mobile/UnitMotion.java; app/src/main/java/game/sanguo/mobile/UnitAnimation.java; app/src/main/java/game/sanguo/mobile/UnitLod.java; app/src/main/java/game/sanguo/mobile/CombatVisual.java; app/src/main/java/game/sanguo/mobile/TurnPlayback.java; app/src/main/java/game/sanguo/mobile/MapEditorActivity.java; app/src/main/java/game/sanguo/mobile/MapLibrary.java; core/src/main/java/game/sanguo/core/MapPatch.java,bash scripts/test-architecture.sh; python3 scripts/check-native-protected-assets.py,17bd3376508499f2681d3e296939452383506a1e,98edd7f758d41b89826d03e6fd1be3366bbea173d679a58bdd5f157b8e9479f4,该行以注明的host/source/CI为证；设备专项见runtime-cases.json,NOT_RUN,EVIDENCE,当前轮只把明确原始日志范围作为支持证据；该复合契约完整验收未执行，不继承旧PASS或历史设备结果。,evidence/host/logs/test-architecture.log; evidence/host/logs/check-native-protected-assets-fetched.log; docs/native-pc-visual/evidence/firebase-20260928/SOURCE-REVIEW.md
X03.L047,GLOBAL,保留现有资产加载器的已支持子集，不声称一个简单 JSON parser 等于完整 glTF。现有不受支持扩展在离线阶段烘焙/转换或明确拒绝；进入游戏不能静默丢材质/骨骼。,03_RENDER_CONTRACTS.md:47,ORIGINAL_ZIP,app/src/main/java/game/sanguo/mobile/MapHost.java; app/src/main/java/game/sanguo/mobile/SceneRenderGate.java; app/src/main/java/game/sanguo/mobile/SceneWorkQueue.java; app/src/main/java/game/sanguo/mobile/SceneAssetQueue.java; app/src/main/java/game/sanguo/mobile/FilamentMapView.java; app/src/main/java/game/sanguo/mobile/SceneCamera.java; app/src/main/java/game/sanguo/mobile/ScenePicking.java; app/src/main/java/game/sanguo/mobile/GridWorldTransform.java; app/src/main/java/game/sanguo/mobile/TerrainSurface.java; app/src/main/java/game/sanguo/mobile/SceneMesh.java; app/src/main/java/game/sanguo/mobile/SiteGlb.java; app/src/main/java/game/sanguo/mobile/FieldAssets.java; app/src/main/java/game/sanguo/mobile/UnitVisual.java; app/src/main/java/game/sanguo/mobile/UnitMotion.java; app/src/main/java/game/sanguo/mobile/UnitAnimation.java; app/src/main/java/game/sanguo/mobile/UnitLod.java; app/src/main/java/game/sanguo/mobile/CombatVisual.java; app/src/main/java/game/sanguo/mobile/TurnPlayback.java; app/src/main/java/game/sanguo/mobile/MapEditorActivity.java; app/src/main/java/game/sanguo/mobile/MapLibrary.java; core/src/main/java/game/sanguo/core/MapPatch.java,bash scripts/test-architecture.sh; python3 scripts/check-native-protected-assets.py,17bd3376508499f2681d3e296939452383506a1e,98edd7f758d41b89826d03e6fd1be3366bbea173d679a58bdd5f157b8e9479f4,该行以注明的host/source/CI为证；设备专项见runtime-cases.json,NOT_RUN,EVIDENCE,当前轮只把明确原始日志范围作为支持证据；该复合契约完整验收未执行，不继承旧PASS或历史设备结果。,evidence/host/logs/test-architecture.log; evidence/host/logs/check-native-protected-assets-fetched.log; docs/native-pc-visual/evidence/firebase-20260928/SOURCE-REVIEW.md
X03.L049,GLOBAL,骨骼或刚体部件动画择适配现有路线，不能把刚体摆动命名为“完整骨骼动画”。根运动只表现，真实位置由权威路径决定。所有资源故障有可识别回退和诊断，回退不算最终美术过关。,03_RENDER_CONTRACTS.md:49,ORIGINAL_ZIP,app/src/main/java/game/sanguo/mobile/MapHost.java; app/src/main/java/game/sanguo/mobile/SceneRenderGate.java; app/src/main/java/game/sanguo/mobile/SceneWorkQueue.java; app/src/main/java/game/sanguo/mobile/SceneAssetQueue.java; app/src/main/java/game/sanguo/mobile/FilamentMapView.java; app/src/main/java/game/sanguo/mobile/SceneCamera.java; app/src/main/java/game/sanguo/mobile/ScenePicking.java; app/src/main/java/game/sanguo/mobile/GridWorldTransform.java; app/src/main/java/game/sanguo/mobile/TerrainSurface.java; app/src/main/java/game/sanguo/mobile/SceneMesh.java; app/src/main/java/game/sanguo/mobile/SiteGlb.java; app/src/main/java/game/sanguo/mobile/FieldAssets.java; app/src/main/java/game/sanguo/mobile/UnitVisual.java; app/src/main/java/game/sanguo/mobile/UnitMotion.java; app/src/main/java/game/sanguo/mobile/UnitAnimation.java; app/src/main/java/game/sanguo/mobile/UnitLod.java; app/src/main/java/game/sanguo/mobile/CombatVisual.java; app/src/main/java/game/sanguo/mobile/TurnPlayback.java; app/src/main/java/game/sanguo/mobile/MapEditorActivity.java; app/src/main/java/game/sanguo/mobile/MapLibrary.java; core/src/main/java/game/sanguo/core/MapPatch.java,bash scripts/test-architecture.sh; python3 scripts/check-native-protected-assets.py,17bd3376508499f2681d3e296939452383506a1e,98edd7f758d41b89826d03e6fd1be3366bbea173d679a58bdd5f157b8e9479f4,该行以注明的host/source/CI为证；设备专项见runtime-cases.json,NOT_RUN,EVIDENCE,当前轮只把明确原始日志范围作为支持证据；该复合契约完整验收未执行，不继承旧PASS或历史设备结果。,evidence/host/logs/test-architecture.log; evidence/host/logs/check-native-protected-assets-fetched.log; docs/native-pc-visual/evidence/firebase-20260928/SOURCE-REVIEW.md
X03.L053,GLOBAL,复用 TurnJournal/现有 playback 的正式结果；需要补充展示字段时增加有界、类型化 facts，不重算伤害、不解析中文文本来控制规则。每个特效/音效/数字对应事件 ID 与播放位置，支持取消/跳过/世界替换。,03_RENDER_CONTRACTS.md:53,ORIGINAL_ZIP,app/src/main/java/game/sanguo/mobile/MapHost.java; app/src/main/java/game/sanguo/mobile/SceneRenderGate.java; app/src/main/java/game/sanguo/mobile/SceneWorkQueue.java; app/src/main/java/game/sanguo/mobile/SceneAssetQueue.java; app/src/main/java/game/sanguo/mobile/FilamentMapView.java; app/src/main/java/game/sanguo/mobile/SceneCamera.java; app/src/main/java/game/sanguo/mobile/ScenePicking.java; app/src/main/java/game/sanguo/mobile/GridWorldTransform.java; app/src/main/java/game/sanguo/mobile/TerrainSurface.java; app/src/main/java/game/sanguo/mobile/SceneMesh.java; app/src/main/java/game/sanguo/mobile/SiteGlb.java; app/src/main/java/game/sanguo/mobile/FieldAssets.java; app/src/main/java/game/sanguo/mobile/UnitVisual.java; app/src/main/java/game/sanguo/mobile/UnitMotion.java; app/src/main/java/game/sanguo/mobile/UnitAnimation.java; app/src/main/java/game/sanguo/mobile/UnitLod.java; app/src/main/java/game/sanguo/mobile/CombatVisual.java; app/src/main/java/game/sanguo/mobile/TurnPlayback.java; app/src/main/java/game/sanguo/mobile/MapEditorActivity.java; app/src/main/java/game/sanguo/mobile/MapLibrary.java; core/src/main/java/game/sanguo/core/MapPatch.java,bash scripts/test-architecture.sh; python3 scripts/check-native-protected-assets.py,17bd3376508499f2681d3e296939452383506a1e,98edd7f758d41b89826d03e6fd1be3366bbea173d679a58bdd5f157b8e9479f4,该行以注明的host/source/CI为证；设备专项见runtime-cases.json,NOT_RUN,EVIDENCE,当前轮只把明确原始日志范围作为支持证据；该复合契约完整验收未执行，不继承旧PASS或历史设备结果。,evidence/host/logs/test-architecture.log; evidence/host/logs/check-native-protected-assets-fetched.log; docs/native-pc-visual/evidence/firebase-20260928/SOURCE-REVIEW.md
X03.L055,GLOBAL,地图标签等二维 Overlay 可以继续使用 Android Canvas；“二维 UI 叠加真实 3D”不是伪 3D。但禁止用一张固定山水图片充当全部地形/建筑来过关。,03_RENDER_CONTRACTS.md:55,ORIGINAL_ZIP,app/src/main/java/game/sanguo/mobile/MapHost.java; app/src/main/java/game/sanguo/mobile/SceneRenderGate.java; app/src/main/java/game/sanguo/mobile/SceneWorkQueue.java; app/src/main/java/game/sanguo/mobile/SceneAssetQueue.java; app/src/main/java/game/sanguo/mobile/FilamentMapView.java; app/src/main/java/game/sanguo/mobile/SceneCamera.java; app/src/main/java/game/sanguo/mobile/ScenePicking.java; app/src/main/java/game/sanguo/mobile/GridWorldTransform.java; app/src/main/java/game/sanguo/mobile/TerrainSurface.java; app/src/main/java/game/sanguo/mobile/SceneMesh.java; app/src/main/java/game/sanguo/mobile/SiteGlb.java; app/src/main/java/game/sanguo/mobile/FieldAssets.java; app/src/main/java/game/sanguo/mobile/UnitVisual.java; app/src/main/java/game/sanguo/mobile/UnitMotion.java; app/src/main/java/game/sanguo/mobile/UnitAnimation.java; app/src/main/java/game/sanguo/mobile/UnitLod.java; app/src/main/java/game/sanguo/mobile/CombatVisual.java; app/src/main/java/game/sanguo/mobile/TurnPlayback.java; app/src/main/java/game/sanguo/mobile/MapEditorActivity.java; app/src/main/java/game/sanguo/mobile/MapLibrary.java; core/src/main/java/game/sanguo/core/MapPatch.java,bash scripts/test-architecture.sh; python3 scripts/check-native-protected-assets.py,17bd3376508499f2681d3e296939452383506a1e,98edd7f758d41b89826d03e6fd1be3366bbea173d679a58bdd5f157b8e9479f4,该行以注明的host/source/CI为证；设备专项见runtime-cases.json,NOT_RUN,EVIDENCE,当前轮只把明确原始日志范围作为支持证据；该复合契约完整验收未执行，不继承旧PASS或历史设备结果。,evidence/host/logs/test-architecture.log; evidence/host/logs/check-native-protected-assets-fetched.log; docs/native-pc-visual/evidence/firebase-20260928/SOURCE-REVIEW.md
X03.L059,GLOBAL,视觉设置/装饰 patch 与权威地图 patch 分离并具版本；地图逻辑编辑仍走已有编辑器事务/校验。高度、材质、树种/密度等纯视觉改变不应迫使旧存档重开。,03_RENDER_CONTRACTS.md:59,ORIGINAL_ZIP,app/src/main/java/game/sanguo/mobile/MapHost.java; app/src/main/java/game/sanguo/mobile/SceneRenderGate.java; app/src/main/java/game/sanguo/mobile/SceneWorkQueue.java; app/src/main/java/game/sanguo/mobile/SceneAssetQueue.java; app/src/main/java/game/sanguo/mobile/FilamentMapView.java; app/src/main/java/game/sanguo/mobile/SceneCamera.java; app/src/main/java/game/sanguo/mobile/ScenePicking.java; app/src/main/java/game/sanguo/mobile/GridWorldTransform.java; app/src/main/java/game/sanguo/mobile/TerrainSurface.java; app/src/main/java/game/sanguo/mobile/SceneMesh.java; app/src/main/java/game/sanguo/mobile/SiteGlb.java; app/src/main/java/game/sanguo/mobile/FieldAssets.java; app/src/main/java/game/sanguo/mobile/UnitVisual.java; app/src/main/java/game/sanguo/mobile/UnitMotion.java; app/src/main/java/game/sanguo/mobile/UnitAnimation.java; app/src/main/java/game/sanguo/mobile/UnitLod.java; app/src/main/java/game/sanguo/mobile/CombatVisual.java; app/src/main/java/game/sanguo/mobile/TurnPlayback.java; app/src/main/java/game/sanguo/mobile/MapEditorActivity.java; app/src/main/java/game/sanguo/mobile/MapLibrary.java; core/src/main/java/game/sanguo/core/MapPatch.java,bash scripts/test-architecture.sh; python3 scripts/check-native-protected-assets.py,17bd3376508499f2681d3e296939452383506a1e,98edd7f758d41b89826d03e6fd1be3366bbea173d679a58bdd5f157b8e9479f4,该行以注明的host/source/CI为证；设备专项见runtime-cases.json,NOT_RUN,EVIDENCE,当前轮只把明确原始日志范围作为支持证据；该复合契约完整验收未执行，不继承旧PASS或历史设备结果。,evidence/host/logs/test-architecture.log; evidence/host/logs/check-native-protected-assets-fetched.log; docs/native-pc-visual/evidence/firebase-20260928/SOURCE-REVIEW.md
X03.L061,GLOBAL,缓存键需覆盖地图内容、显示字段、资产与生成器版本，不能仅凭存档名/相机位置。导入需限大小、数量、路径和递归；拒绝远程 URI、路径穿越与压缩炸弹。视觉数据损坏允许回退默认外观，不能损伤原存档。,03_RENDER_CONTRACTS.md:61,ORIGINAL_ZIP,app/src/main/java/game/sanguo/mobile/MapHost.java; app/src/main/java/game/sanguo/mobile/SceneRenderGate.java; app/src/main/java/game/sanguo/mobile/SceneWorkQueue.java; app/src/main/java/game/sanguo/mobile/SceneAssetQueue.java; app/src/main/java/game/sanguo/mobile/FilamentMapView.java; app/src/main/java/game/sanguo/mobile/SceneCamera.java; app/src/main/java/game/sanguo/mobile/ScenePicking.java; app/src/main/java/game/sanguo/mobile/GridWorldTransform.java; app/src/main/java/game/sanguo/mobile/TerrainSurface.java; app/src/main/java/game/sanguo/mobile/SceneMesh.java; app/src/main/java/game/sanguo/mobile/SiteGlb.java; app/src/main/java/game/sanguo/mobile/FieldAssets.java; app/src/main/java/game/sanguo/mobile/UnitVisual.java; app/src/main/java/game/sanguo/mobile/UnitMotion.java; app/src/main/java/game/sanguo/mobile/UnitAnimation.java; app/src/main/java/game/sanguo/mobile/UnitLod.java; app/src/main/java/game/sanguo/mobile/CombatVisual.java; app/src/main/java/game/sanguo/mobile/TurnPlayback.java; app/src/main/java/game/sanguo/mobile/MapEditorActivity.java; app/src/main/java/game/sanguo/mobile/MapLibrary.java; core/src/main/java/game/sanguo/core/MapPatch.java,bash scripts/test-architecture.sh; python3 scripts/check-native-protected-assets.py,17bd3376508499f2681d3e296939452383506a1e,98edd7f758d41b89826d03e6fd1be3366bbea173d679a58bdd5f157b8e9479f4,该行以注明的host/source/CI为证；设备专项见runtime-cases.json,NOT_RUN,EVIDENCE,当前轮只把明确原始日志范围作为支持证据；该复合契约完整验收未执行，不继承旧PASS或历史设备结果。,evidence/host/logs/test-architecture.log; evidence/host/logs/check-native-protected-assets-fetched.log; docs/native-pc-visual/evidence/firebase-20260928/SOURCE-REVIEW.md
X04.L005,GLOBAL,目标是 Android 正式游戏中的连续山河、古代建筑、部队编队和协调的彩墨风格；不是每格一个彩色模型，也不是重做 PC 游戏玩法。本包不承诺像素级复刻，不把推测的地形算法说成 KOEI 已公开的实现。,04_VISUAL_ACCEPTANCE.md:5,ORIGINAL_ZIP,app/src/main/java/game/sanguo/mobile/TerrainSurface.java; app/src/main/java/game/sanguo/mobile/SceneMesh.java; app/src/main/java/game/sanguo/mobile/SceneWorkQueue.java; app/src/main/java/game/sanguo/mobile/FilamentMapView.java; app/src/main/java/game/sanguo/mobile/TerrainMaterialField.java; app/src/main/java/game/sanguo/mobile/TerrainMaterialLod.java; app/src/main/java/game/sanguo/mobile/WaterVisualField.java; app/src/main/java/game/sanguo/mobile/SiteVisual.java; app/src/main/java/game/sanguo/mobile/SiteGlb.java; core/src/main/java/game/sanguo/core/SiteFootprint.java; app/src/main/java/game/sanguo/mobile/Vegetation.java; app/src/main/java/game/sanguo/mobile/FieldAssets.java; app/src/main/java/game/sanguo/mobile/LandscapeProfile.java; app/src/main/java/game/sanguo/mobile/MapHost.java; app/src/main/java/game/sanguo/mobile/UnitVisual.java; app/src/main/java/game/sanguo/mobile/UnitMotion.java; app/src/main/java/game/sanguo/mobile/UnitAnimation.java; app/src/main/java/game/sanguo/mobile/UnitLod.java; app/src/main/java/game/sanguo/mobile/SeasonStyle.java; app/src/main/java/game/sanguo/mobile/EnvironmentProfile.java,bash scripts/test-architecture.sh; python3 scripts/check-native-protected-assets.py,17bd3376508499f2681d3e296939452383506a1e,98edd7f758d41b89826d03e6fd1be3366bbea173d679a58bdd5f157b8e9479f4,该行以注明的host/source/CI为证；设备专项见runtime-cases.json,NOT_RUN,EVIDENCE,当前轮只把明确原始日志范围作为支持证据；该复合契约完整验收未执行，不继承旧PASS或历史设备结果。,evidence/host/logs/test-architecture.log; evidence/host/logs/check-native-protected-assets-fetched.log; docs/native-pc-visual/evidence/firebase-20260928/SOURCE-REVIEW.md
X04.L007,GLOBAL,必须分清：公开资料支持的原版特征、从截图观察出的外观、项目自选的实现方法。例如本路线采用高度场、材质混合和分块，不代表已经证明原版内部恰好使用相同数据结构。,04_VISUAL_ACCEPTANCE.md:7,ORIGINAL_ZIP,app/src/main/java/game/sanguo/mobile/TerrainSurface.java; app/src/main/java/game/sanguo/mobile/SceneMesh.java; app/src/main/java/game/sanguo/mobile/SceneWorkQueue.java; app/src/main/java/game/sanguo/mobile/FilamentMapView.java; app/src/main/java/game/sanguo/mobile/TerrainMaterialField.java; app/src/main/java/game/sanguo/mobile/TerrainMaterialLod.java; app/src/main/java/game/sanguo/mobile/WaterVisualField.java; app/src/main/java/game/sanguo/mobile/SiteVisual.java; app/src/main/java/game/sanguo/mobile/SiteGlb.java; core/src/main/java/game/sanguo/core/SiteFootprint.java; app/src/main/java/game/sanguo/mobile/Vegetation.java; app/src/main/java/game/sanguo/mobile/FieldAssets.java; app/src/main/java/game/sanguo/mobile/LandscapeProfile.java; app/src/main/java/game/sanguo/mobile/MapHost.java; app/src/main/java/game/sanguo/mobile/UnitVisual.java; app/src/main/java/game/sanguo/mobile/UnitMotion.java; app/src/main/java/game/sanguo/mobile/UnitAnimation.java; app/src/main/java/game/sanguo/mobile/UnitLod.java; app/src/main/java/game/sanguo/mobile/SeasonStyle.java; app/src/main/java/game/sanguo/mobile/EnvironmentProfile.java,bash scripts/test-architecture.sh; python3 scripts/check-native-protected-assets.py,17bd3376508499f2681d3e296939452383506a1e,98edd7f758d41b89826d03e6fd1be3366bbea173d679a58bdd5f157b8e9479f4,该行以注明的host/source/CI为证；设备专项见runtime-cases.json,NOT_RUN,EVIDENCE,当前轮只把明确原始日志范围作为支持证据；该复合契约完整验收未执行，不继承旧PASS或历史设备结果。,evidence/host/logs/test-architecture.log; evidence/host/logs/check-native-protected-assets-fetched.log; docs/native-pc-visual/evidence/firebase-20260928/SOURCE-REVIEW.md
X04.L011,GLOBAL,R00 开始建立参考索引，R04 完成首组有效对照，R09 形成局部完整场景，R15 扩展全图。优先用用户拥有版本的合法截图/录屏或官方/开发者公开截图。参考不足就明确缺项；本包没有附带 PC 游戏资源或原版截图。,04_VISUAL_ACCEPTANCE.md:11,ORIGINAL_ZIP,app/src/main/java/game/sanguo/mobile/TerrainSurface.java; app/src/main/java/game/sanguo/mobile/SceneMesh.java; app/src/main/java/game/sanguo/mobile/SceneWorkQueue.java; app/src/main/java/game/sanguo/mobile/FilamentMapView.java; app/src/main/java/game/sanguo/mobile/TerrainMaterialField.java; app/src/main/java/game/sanguo/mobile/TerrainMaterialLod.java; app/src/main/java/game/sanguo/mobile/WaterVisualField.java; app/src/main/java/game/sanguo/mobile/SiteVisual.java; app/src/main/java/game/sanguo/mobile/SiteGlb.java; core/src/main/java/game/sanguo/core/SiteFootprint.java; app/src/main/java/game/sanguo/mobile/Vegetation.java; app/src/main/java/game/sanguo/mobile/FieldAssets.java; app/src/main/java/game/sanguo/mobile/LandscapeProfile.java; app/src/main/java/game/sanguo/mobile/MapHost.java; app/src/main/java/game/sanguo/mobile/UnitVisual.java; app/src/main/java/game/sanguo/mobile/UnitMotion.java; app/src/main/java/game/sanguo/mobile/UnitAnimation.java; app/src/main/java/game/sanguo/mobile/UnitLod.java; app/src/main/java/game/sanguo/mobile/SeasonStyle.java; app/src/main/java/game/sanguo/mobile/EnvironmentProfile.java,bash scripts/test-architecture.sh; python3 scripts/check-native-protected-assets.py,17bd3376508499f2681d3e296939452383506a1e,98edd7f758d41b89826d03e6fd1be3366bbea173d679a58bdd5f157b8e9479f4,该行以注明的host/source/CI为证；设备专项见runtime-cases.json,BLOCKED,REFERENCE_EVIDENCE,当前轮只把明确原始日志范围作为支持证据；该复合契约完整验收未执行，不继承旧PASS或历史设备结果。 现有参考索引有图，但区域/季节/相机/版本不全，未取得此条所需可比图组。,evidence/host/logs/test-architecture.log; evidence/host/logs/check-native-protected-assets-fetched.log; docs/native-pc-visual/evidence/firebase-20260928/SOURCE-REVIEW.md
X04.L013,GLOBAL,每份参考记录：referenceId、来源、PC 版本/平台、区域、日期/季节、镜头方向/缩放近似、画面分辨率、用途/权利说明。无法确定的字段标 UNKNOWN，不编写。,04_VISUAL_ACCEPTANCE.md:13,ORIGINAL_ZIP,app/src/main/java/game/sanguo/mobile/TerrainSurface.java; app/src/main/java/game/sanguo/mobile/SceneMesh.java; app/src/main/java/game/sanguo/mobile/SceneWorkQueue.java; app/src/main/java/game/sanguo/mobile/FilamentMapView.java; app/src/main/java/game/sanguo/mobile/TerrainMaterialField.java; app/src/main/java/game/sanguo/mobile/TerrainMaterialLod.java; app/src/main/java/game/sanguo/mobile/WaterVisualField.java; app/src/main/java/game/sanguo/mobile/SiteVisual.java; app/src/main/java/game/sanguo/mobile/SiteGlb.java; core/src/main/java/game/sanguo/core/SiteFootprint.java; app/src/main/java/game/sanguo/mobile/Vegetation.java; app/src/main/java/game/sanguo/mobile/FieldAssets.java; app/src/main/java/game/sanguo/mobile/LandscapeProfile.java; app/src/main/java/game/sanguo/mobile/MapHost.java; app/src/main/java/game/sanguo/mobile/UnitVisual.java; app/src/main/java/game/sanguo/mobile/UnitMotion.java; app/src/main/java/game/sanguo/mobile/UnitAnimation.java; app/src/main/java/game/sanguo/mobile/UnitLod.java; app/src/main/java/game/sanguo/mobile/SeasonStyle.java; app/src/main/java/game/sanguo/mobile/EnvironmentProfile.java,bash scripts/test-architecture.sh; python3 scripts/check-native-protected-assets.py,17bd3376508499f2681d3e296939452383506a1e,98edd7f758d41b89826d03e6fd1be3366bbea173d679a58bdd5f157b8e9479f4,该行以注明的host/source/CI为证；设备专项见runtime-cases.json,BLOCKED,REFERENCE_EVIDENCE,当前轮只把明确原始日志范围作为支持证据；该复合契约完整验收未执行，不继承旧PASS或历史设备结果。 现有参考索引有图，但区域/季节/相机/版本不全，未取得此条所需可比图组。,evidence/host/logs/test-architecture.log; evidence/host/logs/check-native-protected-assets-fetched.log; docs/native-pc-visual/evidence/firebase-20260928/SOURCE-REVIEW.md
X04.L015,GLOBAL,至少覆盖：平原农田、山脉峡谷、河港岸线、城池近景、森林道路、关卡瓶颈、荒地沙地、军队交战；选区以实际地图和参考可得性为准，不擅改地图凑场景。,04_VISUAL_ACCEPTANCE.md:15,ORIGINAL_ZIP,app/src/main/java/game/sanguo/mobile/TerrainSurface.java; app/src/main/java/game/sanguo/mobile/SceneMesh.java; app/src/main/java/game/sanguo/mobile/SceneWorkQueue.java; app/src/main/java/game/sanguo/mobile/FilamentMapView.java; app/src/main/java/game/sanguo/mobile/TerrainMaterialField.java; app/src/main/java/game/sanguo/mobile/TerrainMaterialLod.java; app/src/main/java/game/sanguo/mobile/WaterVisualField.java; app/src/main/java/game/sanguo/mobile/SiteVisual.java; app/src/main/java/game/sanguo/mobile/SiteGlb.java; core/src/main/java/game/sanguo/core/SiteFootprint.java; app/src/main/java/game/sanguo/mobile/Vegetation.java; app/src/main/java/game/sanguo/mobile/FieldAssets.java; app/src/main/java/game/sanguo/mobile/LandscapeProfile.java; app/src/main/java/game/sanguo/mobile/MapHost.java; app/src/main/java/game/sanguo/mobile/UnitVisual.java; app/src/main/java/game/sanguo/mobile/UnitMotion.java; app/src/main/java/game/sanguo/mobile/UnitAnimation.java; app/src/main/java/game/sanguo/mobile/UnitLod.java; app/src/main/java/game/sanguo/mobile/SeasonStyle.java; app/src/main/java/game/sanguo/mobile/EnvironmentProfile.java,bash scripts/test-architecture.sh; python3 scripts/check-native-protected-assets.py,17bd3376508499f2681d3e296939452383506a1e,98edd7f758d41b89826d03e6fd1be3366bbea173d679a58bdd5f157b8e9479f4,该行以注明的host/source/CI为证；设备专项见runtime-cases.json,NOT_RUN,EVIDENCE,当前轮只把明确原始日志范围作为支持证据；该复合契约完整验收未执行，不继承旧PASS或历史设备结果。,evidence/host/logs/test-architecture.log; evidence/host/logs/check-native-protected-assets-fetched.log; docs/native-pc-visual/evidence/firebase-20260928/SOURCE-REVIEW.md
X04.L017,GLOBAL,App 对照必须记录：代码 SHA、APK hash、存档/剧本、区域/中心格、相机、季节、画质、设备/图形驱动、网格/势力开关、UI 是否隐藏。同区域近似构图，不强行要求不同分辨率像素匹配。,04_VISUAL_ACCEPTANCE.md:17,ORIGINAL_ZIP,app/src/main/java/game/sanguo/mobile/TerrainSurface.java; app/src/main/java/game/sanguo/mobile/SceneMesh.java; app/src/main/java/game/sanguo/mobile/SceneWorkQueue.java; app/src/main/java/game/sanguo/mobile/FilamentMapView.java; app/src/main/java/game/sanguo/mobile/TerrainMaterialField.java; app/src/main/java/game/sanguo/mobile/TerrainMaterialLod.java; app/src/main/java/game/sanguo/mobile/WaterVisualField.java; app/src/main/java/game/sanguo/mobile/SiteVisual.java; app/src/main/java/game/sanguo/mobile/SiteGlb.java; core/src/main/java/game/sanguo/core/SiteFootprint.java; app/src/main/java/game/sanguo/mobile/Vegetation.java; app/src/main/java/game/sanguo/mobile/FieldAssets.java; app/src/main/java/game/sanguo/mobile/LandscapeProfile.java; app/src/main/java/game/sanguo/mobile/MapHost.java; app/src/main/java/game/sanguo/mobile/UnitVisual.java; app/src/main/java/game/sanguo/mobile/UnitMotion.java; app/src/main/java/game/sanguo/mobile/UnitAnimation.java; app/src/main/java/game/sanguo/mobile/UnitLod.java; app/src/main/java/game/sanguo/mobile/SeasonStyle.java; app/src/main/java/game/sanguo/mobile/EnvironmentProfile.java,bash scripts/test-architecture.sh; python3 scripts/check-native-protected-assets.py,17bd3376508499f2681d3e296939452383506a1e,98edd7f758d41b89826d03e6fd1be3366bbea173d679a58bdd5f157b8e9479f4,该行以注明的host/source/CI为证；设备专项见runtime-cases.json,NOT_RUN,EVIDENCE,当前轮只把明确原始日志范围作为支持证据；该复合契约完整验收未执行，不继承旧PASS或历史设备结果。,evidence/host/logs/test-architecture.log; evidence/host/logs/check-native-protected-assets-fetched.log; docs/native-pc-visual/evidence/firebase-20260928/SOURCE-REVIEW.md
X04.L019,GLOBAL,同一区域交付至少 3 个缩放档、2 个方向；需要展示自遮挡/空间层次时附旋转或移动录屏。必须有网格关闭/开启对照。,04_VISUAL_ACCEPTANCE.md:19,ORIGINAL_ZIP,app/src/main/java/game/sanguo/mobile/TerrainSurface.java; app/src/main/java/game/sanguo/mobile/SceneMesh.java; app/src/main/java/game/sanguo/mobile/SceneWorkQueue.java; app/src/main/java/game/sanguo/mobile/FilamentMapView.java; app/src/main/java/game/sanguo/mobile/TerrainMaterialField.java; app/src/main/java/game/sanguo/mobile/TerrainMaterialLod.java; app/src/main/java/game/sanguo/mobile/WaterVisualField.java; app/src/main/java/game/sanguo/mobile/SiteVisual.java; app/src/main/java/game/sanguo/mobile/SiteGlb.java; core/src/main/java/game/sanguo/core/SiteFootprint.java; app/src/main/java/game/sanguo/mobile/Vegetation.java; app/src/main/java/game/sanguo/mobile/FieldAssets.java; app/src/main/java/game/sanguo/mobile/LandscapeProfile.java; app/src/main/java/game/sanguo/mobile/MapHost.java; app/src/main/java/game/sanguo/mobile/UnitVisual.java; app/src/main/java/game/sanguo/mobile/UnitMotion.java; app/src/main/java/game/sanguo/mobile/UnitAnimation.java; app/src/main/java/game/sanguo/mobile/UnitLod.java; app/src/main/java/game/sanguo/mobile/SeasonStyle.java; app/src/main/java/game/sanguo/mobile/EnvironmentProfile.java,bash scripts/test-architecture.sh; python3 scripts/check-native-protected-assets.py,17bd3376508499f2681d3e296939452383506a1e,98edd7f758d41b89826d03e6fd1be3366bbea173d679a58bdd5f157b8e9479f4,该行以注明的host/source/CI为证；设备专项见runtime-cases.json,NOT_RUN,EVIDENCE,当前轮只把明确原始日志范围作为支持证据；该复合契约完整验收未执行，不继承旧PASS或历史设备结果。,evidence/host/logs/test-architecture.log; evidence/host/logs/check-native-protected-assets-fetched.log; docs/native-pc-visual/evidence/firebase-20260928/SOURCE-REVIEW.md
X04.L025,GLOBAL,| 地形轮廓 | 山脊连贯、谷地合理，城/路与地形有关系 | 每格鼓包、锯齿台阶、孤立圆锥 |,04_VISUAL_ACCEPTANCE.md:25,ORIGINAL_ZIP,app/src/main/java/game/sanguo/mobile/TerrainSurface.java; app/src/main/java/game/sanguo/mobile/SceneMesh.java; app/src/main/java/game/sanguo/mobile/SceneWorkQueue.java; app/src/main/java/game/sanguo/mobile/FilamentMapView.java; app/src/main/java/game/sanguo/mobile/TerrainMaterialField.java; app/src/main/java/game/sanguo/mobile/TerrainMaterialLod.java; app/src/main/java/game/sanguo/mobile/WaterVisualField.java; app/src/main/java/game/sanguo/mobile/SiteVisual.java; app/src/main/java/game/sanguo/mobile/SiteGlb.java; core/src/main/java/game/sanguo/core/SiteFootprint.java; app/src/main/java/game/sanguo/mobile/Vegetation.java; app/src/main/java/game/sanguo/mobile/FieldAssets.java; app/src/main/java/game/sanguo/mobile/LandscapeProfile.java; app/src/main/java/game/sanguo/mobile/MapHost.java; app/src/main/java/game/sanguo/mobile/UnitVisual.java; app/src/main/java/game/sanguo/mobile/UnitMotion.java; app/src/main/java/game/sanguo/mobile/UnitAnimation.java; app/src/main/java/game/sanguo/mobile/UnitLod.java; app/src/main/java/game/sanguo/mobile/SeasonStyle.java; app/src/main/java/game/sanguo/mobile/EnvironmentProfile.java,bash scripts/test-architecture.sh; python3 scripts/check-native-protected-assets.py,17bd3376508499f2681d3e296939452383506a1e,98edd7f758d41b89826d03e6fd1be3366bbea173d679a58bdd5f157b8e9479f4,该行以注明的host/source/CI为证；设备专项见runtime-cases.json,NOT_RUN,EVIDENCE,当前轮只把明确原始日志范围作为支持证据；该复合契约完整验收未执行，不继承旧PASS或历史设备结果。,evidence/host/logs/test-architecture.log; evidence/host/logs/check-native-protected-assets-fetched.log; docs/native-pc-visual/evidence/firebase-20260928/SOURCE-REVIEW.md
X04.L026,GLOBAL,| 地表材质 | 同地貌尺度一致，草土石沙自然过渡 | 一格一色、整张糊成渐变、等距噪点 |,04_VISUAL_ACCEPTANCE.md:26,ORIGINAL_ZIP,app/src/main/java/game/sanguo/mobile/TerrainSurface.java; app/src/main/java/game/sanguo/mobile/SceneMesh.java; app/src/main/java/game/sanguo/mobile/SceneWorkQueue.java; app/src/main/java/game/sanguo/mobile/FilamentMapView.java; app/src/main/java/game/sanguo/mobile/TerrainMaterialField.java; app/src/main/java/game/sanguo/mobile/TerrainMaterialLod.java; app/src/main/java/game/sanguo/mobile/WaterVisualField.java; app/src/main/java/game/sanguo/mobile/SiteVisual.java; app/src/main/java/game/sanguo/mobile/SiteGlb.java; core/src/main/java/game/sanguo/core/SiteFootprint.java; app/src/main/java/game/sanguo/mobile/Vegetation.java; app/src/main/java/game/sanguo/mobile/FieldAssets.java; app/src/main/java/game/sanguo/mobile/LandscapeProfile.java; app/src/main/java/game/sanguo/mobile/MapHost.java; app/src/main/java/game/sanguo/mobile/UnitVisual.java; app/src/main/java/game/sanguo/mobile/UnitMotion.java; app/src/main/java/game/sanguo/mobile/UnitAnimation.java; app/src/main/java/game/sanguo/mobile/UnitLod.java; app/src/main/java/game/sanguo/mobile/SeasonStyle.java; app/src/main/java/game/sanguo/mobile/EnvironmentProfile.java,bash scripts/test-architecture.sh; python3 scripts/check-native-protected-assets.py,17bd3376508499f2681d3e296939452383506a1e,98edd7f758d41b89826d03e6fd1be3366bbea173d679a58bdd5f157b8e9479f4,该行以注明的host/source/CI为证；设备专项见runtime-cases.json,NOT_RUN,EVIDENCE,当前轮只把明确原始日志范围作为支持证据；该复合契约完整验收未执行，不继承旧PASS或历史设备结果。,evidence/host/logs/test-architecture.log; evidence/host/logs/check-native-protected-assets-fetched.log; docs/native-pc-visual/evidence/firebase-20260928/SOURCE-REVIEW.md
X04.L027,GLOBAL,| 河流岸线 | 水面连贯，岸边有浅水/泥沙或岩岸层次 | 蓝色蜂窝、曲线穿陆、河岸裂缝 |,04_VISUAL_ACCEPTANCE.md:27,ORIGINAL_ZIP,app/src/main/java/game/sanguo/mobile/TerrainSurface.java; app/src/main/java/game/sanguo/mobile/SceneMesh.java; app/src/main/java/game/sanguo/mobile/SceneWorkQueue.java; app/src/main/java/game/sanguo/mobile/FilamentMapView.java; app/src/main/java/game/sanguo/mobile/TerrainMaterialField.java; app/src/main/java/game/sanguo/mobile/TerrainMaterialLod.java; app/src/main/java/game/sanguo/mobile/WaterVisualField.java; app/src/main/java/game/sanguo/mobile/SiteVisual.java; app/src/main/java/game/sanguo/mobile/SiteGlb.java; core/src/main/java/game/sanguo/core/SiteFootprint.java; app/src/main/java/game/sanguo/mobile/Vegetation.java; app/src/main/java/game/sanguo/mobile/FieldAssets.java; app/src/main/java/game/sanguo/mobile/LandscapeProfile.java; app/src/main/java/game/sanguo/mobile/MapHost.java; app/src/main/java/game/sanguo/mobile/UnitVisual.java; app/src/main/java/game/sanguo/mobile/UnitMotion.java; app/src/main/java/game/sanguo/mobile/UnitAnimation.java; app/src/main/java/game/sanguo/mobile/UnitLod.java; app/src/main/java/game/sanguo/mobile/SeasonStyle.java; app/src/main/java/game/sanguo/mobile/EnvironmentProfile.java,bash scripts/test-architecture.sh; python3 scripts/check-native-protected-assets.py,17bd3376508499f2681d3e296939452383506a1e,98edd7f758d41b89826d03e6fd1be3366bbea173d679a58bdd5f157b8e9479f4,该行以注明的host/source/CI为证；设备专项见runtime-cases.json,NOT_RUN,EVIDENCE,当前轮只把明确原始日志范围作为支持证据；该复合契约完整验收未执行，不继承旧PASS或历史设备结果。,evidence/host/logs/test-architecture.log; evidence/host/logs/check-native-protected-assets-fetched.log; docs/native-pc-visual/evidence/firebase-20260928/SOURCE-REVIEW.md
X04.L028,GLOBAL,| 建筑 | 城墙/城门/主建筑层级清楚，贴地、比例统一 | 几个盒子、不贴地、门堵住玩法入口 |,04_VISUAL_ACCEPTANCE.md:28,ORIGINAL_ZIP,app/src/main/java/game/sanguo/mobile/TerrainSurface.java; app/src/main/java/game/sanguo/mobile/SceneMesh.java; app/src/main/java/game/sanguo/mobile/SceneWorkQueue.java; app/src/main/java/game/sanguo/mobile/FilamentMapView.java; app/src/main/java/game/sanguo/mobile/TerrainMaterialField.java; app/src/main/java/game/sanguo/mobile/TerrainMaterialLod.java; app/src/main/java/game/sanguo/mobile/WaterVisualField.java; app/src/main/java/game/sanguo/mobile/SiteVisual.java; app/src/main/java/game/sanguo/mobile/SiteGlb.java; core/src/main/java/game/sanguo/core/SiteFootprint.java; app/src/main/java/game/sanguo/mobile/Vegetation.java; app/src/main/java/game/sanguo/mobile/FieldAssets.java; app/src/main/java/game/sanguo/mobile/LandscapeProfile.java; app/src/main/java/game/sanguo/mobile/MapHost.java; app/src/main/java/game/sanguo/mobile/UnitVisual.java; app/src/main/java/game/sanguo/mobile/UnitMotion.java; app/src/main/java/game/sanguo/mobile/UnitAnimation.java; app/src/main/java/game/sanguo/mobile/UnitLod.java; app/src/main/java/game/sanguo/mobile/SeasonStyle.java; app/src/main/java/game/sanguo/mobile/EnvironmentProfile.java,bash scripts/test-architecture.sh; python3 scripts/check-native-protected-assets.py,17bd3376508499f2681d3e296939452383506a1e,98edd7f758d41b89826d03e6fd1be3366bbea173d679a58bdd5f157b8e9479f4,该行以注明的host/source/CI为证；设备专项见runtime-cases.json,NOT_RUN,EVIDENCE,当前轮只把明确原始日志范围作为支持证据；该复合契约完整验收未执行，不继承旧PASS或历史设备结果。,evidence/host/logs/test-architecture.log; evidence/host/logs/check-native-protected-assets-fetched.log; docs/native-pc-visual/evidence/firebase-20260928/SOURCE-REVIEW.md
X04.L029,GLOBAL,| 关港 | 关隘与山路、码头与水面有可信连接 | 关卡悬空、码头立在旱地、船穿岸 |,04_VISUAL_ACCEPTANCE.md:29,ORIGINAL_ZIP,app/src/main/java/game/sanguo/mobile/TerrainSurface.java; app/src/main/java/game/sanguo/mobile/SceneMesh.java; app/src/main/java/game/sanguo/mobile/SceneWorkQueue.java; app/src/main/java/game/sanguo/mobile/FilamentMapView.java; app/src/main/java/game/sanguo/mobile/TerrainMaterialField.java; app/src/main/java/game/sanguo/mobile/TerrainMaterialLod.java; app/src/main/java/game/sanguo/mobile/WaterVisualField.java; app/src/main/java/game/sanguo/mobile/SiteVisual.java; app/src/main/java/game/sanguo/mobile/SiteGlb.java; core/src/main/java/game/sanguo/core/SiteFootprint.java; app/src/main/java/game/sanguo/mobile/Vegetation.java; app/src/main/java/game/sanguo/mobile/FieldAssets.java; app/src/main/java/game/sanguo/mobile/LandscapeProfile.java; app/src/main/java/game/sanguo/mobile/MapHost.java; app/src/main/java/game/sanguo/mobile/UnitVisual.java; app/src/main/java/game/sanguo/mobile/UnitMotion.java; app/src/main/java/game/sanguo/mobile/UnitAnimation.java; app/src/main/java/game/sanguo/mobile/UnitLod.java; app/src/main/java/game/sanguo/mobile/SeasonStyle.java; app/src/main/java/game/sanguo/mobile/EnvironmentProfile.java,bash scripts/test-architecture.sh; python3 scripts/check-native-protected-assets.py,17bd3376508499f2681d3e296939452383506a1e,98edd7f758d41b89826d03e6fd1be3366bbea173d679a58bdd5f157b8e9479f4,该行以注明的host/source/CI为证；设备专项见runtime-cases.json,NOT_RUN,EVIDENCE,当前轮只把明确原始日志范围作为支持证据；该复合契约完整验收未执行，不继承旧PASS或历史设备结果。,evidence/host/logs/test-architecture.log; evidence/host/logs/check-native-protected-assets-fetched.log; docs/native-pc-visual/evidence/firebase-20260928/SOURCE-REVIEW.md
X04.L030,GLOBAL,| 植被 | 成簇有疏密/林缘，避开道路与实体 | 一格一棵同树、盖住目标、严重穿插 |,04_VISUAL_ACCEPTANCE.md:30,ORIGINAL_ZIP,app/src/main/java/game/sanguo/mobile/TerrainSurface.java; app/src/main/java/game/sanguo/mobile/SceneMesh.java; app/src/main/java/game/sanguo/mobile/SceneWorkQueue.java; app/src/main/java/game/sanguo/mobile/FilamentMapView.java; app/src/main/java/game/sanguo/mobile/TerrainMaterialField.java; app/src/main/java/game/sanguo/mobile/TerrainMaterialLod.java; app/src/main/java/game/sanguo/mobile/WaterVisualField.java; app/src/main/java/game/sanguo/mobile/SiteVisual.java; app/src/main/java/game/sanguo/mobile/SiteGlb.java; core/src/main/java/game/sanguo/core/SiteFootprint.java; app/src/main/java/game/sanguo/mobile/Vegetation.java; app/src/main/java/game/sanguo/mobile/FieldAssets.java; app/src/main/java/game/sanguo/mobile/LandscapeProfile.java; app/src/main/java/game/sanguo/mobile/MapHost.java; app/src/main/java/game/sanguo/mobile/UnitVisual.java; app/src/main/java/game/sanguo/mobile/UnitMotion.java; app/src/main/java/game/sanguo/mobile/UnitAnimation.java; app/src/main/java/game/sanguo/mobile/UnitLod.java; app/src/main/java/game/sanguo/mobile/SeasonStyle.java; app/src/main/java/game/sanguo/mobile/EnvironmentProfile.java,bash scripts/test-architecture.sh; python3 scripts/check-native-protected-assets.py,17bd3376508499f2681d3e296939452383506a1e,98edd7f758d41b89826d03e6fd1be3366bbea173d679a58bdd5f157b8e9479f4,该行以注明的host/source/CI为证；设备专项见runtime-cases.json,NOT_RUN,EVIDENCE,当前轮只把明确原始日志范围作为支持证据；该复合契约完整验收未执行，不继承旧PASS或历史设备结果。,evidence/host/logs/test-architecture.log; evidence/host/logs/check-native-protected-assets-fetched.log; docs/native-pc-visual/evidence/firebase-20260928/SOURCE-REVIEW.md
X04.L031,GLOBAL,| 部队 | 兵种与朝向可辨，编队和地形尺度协调 | 静止立方体、脚滑严重、骑兵马像木块 |,04_VISUAL_ACCEPTANCE.md:31,ORIGINAL_ZIP,app/src/main/java/game/sanguo/mobile/TerrainSurface.java; app/src/main/java/game/sanguo/mobile/SceneMesh.java; app/src/main/java/game/sanguo/mobile/SceneWorkQueue.java; app/src/main/java/game/sanguo/mobile/FilamentMapView.java; app/src/main/java/game/sanguo/mobile/TerrainMaterialField.java; app/src/main/java/game/sanguo/mobile/TerrainMaterialLod.java; app/src/main/java/game/sanguo/mobile/WaterVisualField.java; app/src/main/java/game/sanguo/mobile/SiteVisual.java; app/src/main/java/game/sanguo/mobile/SiteGlb.java; core/src/main/java/game/sanguo/core/SiteFootprint.java; app/src/main/java/game/sanguo/mobile/Vegetation.java; app/src/main/java/game/sanguo/mobile/FieldAssets.java; app/src/main/java/game/sanguo/mobile/LandscapeProfile.java; app/src/main/java/game/sanguo/mobile/MapHost.java; app/src/main/java/game/sanguo/mobile/UnitVisual.java; app/src/main/java/game/sanguo/mobile/UnitMotion.java; app/src/main/java/game/sanguo/mobile/UnitAnimation.java; app/src/main/java/game/sanguo/mobile/UnitLod.java; app/src/main/java/game/sanguo/mobile/SeasonStyle.java; app/src/main/java/game/sanguo/mobile/EnvironmentProfile.java,bash scripts/test-architecture.sh; python3 scripts/check-native-protected-assets.py,17bd3376508499f2681d3e296939452383506a1e,98edd7f758d41b89826d03e6fd1be3366bbea173d679a58bdd5f157b8e9479f4,该行以注明的host/source/CI为证；设备专项见runtime-cases.json,NOT_RUN,EVIDENCE,当前轮只把明确原始日志范围作为支持证据；该复合契约完整验收未执行，不继承旧PASS或历史设备结果。,evidence/host/logs/test-architecture.log; evidence/host/logs/check-native-protected-assets-fetched.log; docs/native-pc-visual/evidence/firebase-20260928/SOURCE-REVIEW.md
X04.L032,GLOBAL,| 光照/风格 | 柔和、层次协调，材质不塑料，阴影贴合 | 用全局灰雾掩盖错误、过曝、黑成一团 |,04_VISUAL_ACCEPTANCE.md:32,ORIGINAL_ZIP,app/src/main/java/game/sanguo/mobile/TerrainSurface.java; app/src/main/java/game/sanguo/mobile/SceneMesh.java; app/src/main/java/game/sanguo/mobile/SceneWorkQueue.java; app/src/main/java/game/sanguo/mobile/FilamentMapView.java; app/src/main/java/game/sanguo/mobile/TerrainMaterialField.java; app/src/main/java/game/sanguo/mobile/TerrainMaterialLod.java; app/src/main/java/game/sanguo/mobile/WaterVisualField.java; app/src/main/java/game/sanguo/mobile/SiteVisual.java; app/src/main/java/game/sanguo/mobile/SiteGlb.java; core/src/main/java/game/sanguo/core/SiteFootprint.java; app/src/main/java/game/sanguo/mobile/Vegetation.java; app/src/main/java/game/sanguo/mobile/FieldAssets.java; app/src/main/java/game/sanguo/mobile/LandscapeProfile.java; app/src/main/java/game/sanguo/mobile/MapHost.java; app/src/main/java/game/sanguo/mobile/UnitVisual.java; app/src/main/java/game/sanguo/mobile/UnitMotion.java; app/src/main/java/game/sanguo/mobile/UnitAnimation.java; app/src/main/java/game/sanguo/mobile/UnitLod.java; app/src/main/java/game/sanguo/mobile/SeasonStyle.java; app/src/main/java/game/sanguo/mobile/EnvironmentProfile.java,bash scripts/test-architecture.sh; python3 scripts/check-native-protected-assets.py,17bd3376508499f2681d3e296939452383506a1e,98edd7f758d41b89826d03e6fd1be3366bbea173d679a58bdd5f157b8e9479f4,该行以注明的host/source/CI为证；设备专项见runtime-cases.json,NOT_RUN,EVIDENCE,当前轮只把明确原始日志范围作为支持证据；该复合契约完整验收未执行，不继承旧PASS或历史设备结果。,evidence/host/logs/test-architecture.log; evidence/host/logs/check-native-protected-assets-fetched.log; docs/native-pc-visual/evidence/firebase-20260928/SOURCE-REVIEW.md
X04.L033,GLOBAL,| 操作可读性 | 关网格像山河，开范围能明确行动 | 把可走平地画成悬崖、颜色覆盖淹没细节 |,04_VISUAL_ACCEPTANCE.md:33,ORIGINAL_ZIP,app/src/main/java/game/sanguo/mobile/TerrainSurface.java; app/src/main/java/game/sanguo/mobile/SceneMesh.java; app/src/main/java/game/sanguo/mobile/SceneWorkQueue.java; app/src/main/java/game/sanguo/mobile/FilamentMapView.java; app/src/main/java/game/sanguo/mobile/TerrainMaterialField.java; app/src/main/java/game/sanguo/mobile/TerrainMaterialLod.java; app/src/main/java/game/sanguo/mobile/WaterVisualField.java; app/src/main/java/game/sanguo/mobile/SiteVisual.java; app/src/main/java/game/sanguo/mobile/SiteGlb.java; core/src/main/java/game/sanguo/core/SiteFootprint.java; app/src/main/java/game/sanguo/mobile/Vegetation.java; app/src/main/java/game/sanguo/mobile/FieldAssets.java; app/src/main/java/game/sanguo/mobile/LandscapeProfile.java; app/src/main/java/game/sanguo/mobile/MapHost.java; app/src/main/java/game/sanguo/mobile/UnitVisual.java; app/src/main/java/game/sanguo/mobile/UnitMotion.java; app/src/main/java/game/sanguo/mobile/UnitAnimation.java; app/src/main/java/game/sanguo/mobile/UnitLod.java; app/src/main/java/game/sanguo/mobile/SeasonStyle.java; app/src/main/java/game/sanguo/mobile/EnvironmentProfile.java,bash scripts/test-architecture.sh; python3 scripts/check-native-protected-assets.py,17bd3376508499f2681d3e296939452383506a1e,98edd7f758d41b89826d03e6fd1be3366bbea173d679a58bdd5f157b8e9479f4,该行以注明的host/source/CI为证；设备专项见runtime-cases.json,NOT_RUN,EVIDENCE,当前轮只把明确原始日志范围作为支持证据；该复合契约完整验收未执行，不继承旧PASS或历史设备结果。,evidence/host/logs/test-architecture.log; evidence/host/logs/check-native-protected-assets-fetched.log; docs/native-pc-visual/evidence/firebase-20260928/SOURCE-REVIEW.md
X04.L034,GLOBAL,| 时序稳定 | 平移缩放无闪烁/拼缝/突然整片弹出 | LOD 裂口、植被随机跳、阴影剧烈闪动 |,04_VISUAL_ACCEPTANCE.md:34,ORIGINAL_ZIP,app/src/main/java/game/sanguo/mobile/TerrainSurface.java; app/src/main/java/game/sanguo/mobile/SceneMesh.java; app/src/main/java/game/sanguo/mobile/SceneWorkQueue.java; app/src/main/java/game/sanguo/mobile/FilamentMapView.java; app/src/main/java/game/sanguo/mobile/TerrainMaterialField.java; app/src/main/java/game/sanguo/mobile/TerrainMaterialLod.java; app/src/main/java/game/sanguo/mobile/WaterVisualField.java; app/src/main/java/game/sanguo/mobile/SiteVisual.java; app/src/main/java/game/sanguo/mobile/SiteGlb.java; core/src/main/java/game/sanguo/core/SiteFootprint.java; app/src/main/java/game/sanguo/mobile/Vegetation.java; app/src/main/java/game/sanguo/mobile/FieldAssets.java; app/src/main/java/game/sanguo/mobile/LandscapeProfile.java; app/src/main/java/game/sanguo/mobile/MapHost.java; app/src/main/java/game/sanguo/mobile/UnitVisual.java; app/src/main/java/game/sanguo/mobile/UnitMotion.java; app/src/main/java/game/sanguo/mobile/UnitAnimation.java; app/src/main/java/game/sanguo/mobile/UnitLod.java; app/src/main/java/game/sanguo/mobile/SeasonStyle.java; app/src/main/java/game/sanguo/mobile/EnvironmentProfile.java,bash scripts/test-architecture.sh; python3 scripts/check-native-protected-assets.py,17bd3376508499f2681d3e296939452383506a1e,98edd7f758d41b89826d03e6fd1be3366bbea173d679a58bdd5f157b8e9479f4,该行以注明的host/source/CI为证；设备专项见runtime-cases.json,NOT_RUN,EVIDENCE,当前轮只把明确原始日志范围作为支持证据；该复合契约完整验收未执行，不继承旧PASS或历史设备结果。,evidence/host/logs/test-architecture.log; evidence/host/logs/check-native-protected-assets-fetched.log; docs/native-pc-visual/evidence/firebase-20260928/SOURCE-REVIEW.md
X04.L036,GLOBAL,每项用 PASS/FAIL/PENDING，并附具体图号与缺陷位置。图像相似度、SSIM、颜色直方图只能辅助排错，不得声称自动数值证明“100%像原版”。,04_VISUAL_ACCEPTANCE.md:36,ORIGINAL_ZIP,app/src/main/java/game/sanguo/mobile/TerrainSurface.java; app/src/main/java/game/sanguo/mobile/SceneMesh.java; app/src/main/java/game/sanguo/mobile/SceneWorkQueue.java; app/src/main/java/game/sanguo/mobile/FilamentMapView.java; app/src/main/java/game/sanguo/mobile/TerrainMaterialField.java; app/src/main/java/game/sanguo/mobile/TerrainMaterialLod.java; app/src/main/java/game/sanguo/mobile/WaterVisualField.java; app/src/main/java/game/sanguo/mobile/SiteVisual.java; app/src/main/java/game/sanguo/mobile/SiteGlb.java; core/src/main/java/game/sanguo/core/SiteFootprint.java; app/src/main/java/game/sanguo/mobile/Vegetation.java; app/src/main/java/game/sanguo/mobile/FieldAssets.java; app/src/main/java/game/sanguo/mobile/LandscapeProfile.java; app/src/main/java/game/sanguo/mobile/MapHost.java; app/src/main/java/game/sanguo/mobile/UnitVisual.java; app/src/main/java/game/sanguo/mobile/UnitMotion.java; app/src/main/java/game/sanguo/mobile/UnitAnimation.java; app/src/main/java/game/sanguo/mobile/UnitLod.java; app/src/main/java/game/sanguo/mobile/SeasonStyle.java; app/src/main/java/game/sanguo/mobile/EnvironmentProfile.java,bash scripts/test-architecture.sh; python3 scripts/check-native-protected-assets.py,17bd3376508499f2681d3e296939452383506a1e,98edd7f758d41b89826d03e6fd1be3366bbea173d679a58bdd5f157b8e9479f4,该行以注明的host/source/CI为证；设备专项见runtime-cases.json,NOT_RUN,EVIDENCE,当前轮只把明确原始日志范围作为支持证据；该复合契约完整验收未执行，不继承旧PASS或历史设备结果。,evidence/host/logs/test-architecture.log; evidence/host/logs/check-native-protected-assets-fetched.log; docs/native-pc-visual/evidence/firebase-20260928/SOURCE-REVIEW.md
X04.L040,GLOBAL,**V0 / R00：可见且可操作。** 实际全国剧本打开、新 3D 路径有地面/实体、可移动镜头；纯背景不通过。此时允许旧低质资源。,04_VISUAL_ACCEPTANCE.md:40,ORIGINAL_ZIP,app/src/main/java/game/sanguo/mobile/TerrainSurface.java; app/src/main/java/game/sanguo/mobile/SceneMesh.java; app/src/main/java/game/sanguo/mobile/SceneWorkQueue.java; app/src/main/java/game/sanguo/mobile/FilamentMapView.java; app/src/main/java/game/sanguo/mobile/TerrainMaterialField.java; app/src/main/java/game/sanguo/mobile/TerrainMaterialLod.java; app/src/main/java/game/sanguo/mobile/WaterVisualField.java; app/src/main/java/game/sanguo/mobile/SiteVisual.java; app/src/main/java/game/sanguo/mobile/SiteGlb.java; core/src/main/java/game/sanguo/core/SiteFootprint.java; app/src/main/java/game/sanguo/mobile/Vegetation.java; app/src/main/java/game/sanguo/mobile/FieldAssets.java; app/src/main/java/game/sanguo/mobile/LandscapeProfile.java; app/src/main/java/game/sanguo/mobile/MapHost.java; app/src/main/java/game/sanguo/mobile/UnitVisual.java; app/src/main/java/game/sanguo/mobile/UnitMotion.java; app/src/main/java/game/sanguo/mobile/UnitAnimation.java; app/src/main/java/game/sanguo/mobile/UnitLod.java; app/src/main/java/game/sanguo/mobile/SeasonStyle.java; app/src/main/java/game/sanguo/mobile/EnvironmentProfile.java,bash scripts/test-architecture.sh; python3 scripts/check-native-protected-assets.py,17bd3376508499f2681d3e296939452383506a1e,98edd7f758d41b89826d03e6fd1be3366bbea173d679a58bdd5f157b8e9479f4,该行以注明的host/source/CI为证；设备专项见runtime-cases.json,NOT_RUN,EVIDENCE,当前轮只把明确原始日志范围作为支持证据；该复合契约完整验收未执行，不继承旧PASS或历史设备结果。,evidence/host/logs/test-architecture.log; evidence/host/logs/check-native-protected-assets-fetched.log; docs/native-pc-visual/evidence/firebase-20260928/SOURCE-REVIEW.md
X04.L042,GLOBAL,**V1 / R04：地形不再像色块拼图。** 至少一块跨多个 chunk 的真实区域关闭网格后连续；近/中/远景无明显格子材质边界。没有建筑精修不等于最终视觉合格。,04_VISUAL_ACCEPTANCE.md:42,ORIGINAL_ZIP,app/src/main/java/game/sanguo/mobile/TerrainSurface.java; app/src/main/java/game/sanguo/mobile/SceneMesh.java; app/src/main/java/game/sanguo/mobile/SceneWorkQueue.java; app/src/main/java/game/sanguo/mobile/FilamentMapView.java; app/src/main/java/game/sanguo/mobile/TerrainMaterialField.java; app/src/main/java/game/sanguo/mobile/TerrainMaterialLod.java; app/src/main/java/game/sanguo/mobile/WaterVisualField.java; app/src/main/java/game/sanguo/mobile/SiteVisual.java; app/src/main/java/game/sanguo/mobile/SiteGlb.java; core/src/main/java/game/sanguo/core/SiteFootprint.java; app/src/main/java/game/sanguo/mobile/Vegetation.java; app/src/main/java/game/sanguo/mobile/FieldAssets.java; app/src/main/java/game/sanguo/mobile/LandscapeProfile.java; app/src/main/java/game/sanguo/mobile/MapHost.java; app/src/main/java/game/sanguo/mobile/UnitVisual.java; app/src/main/java/game/sanguo/mobile/UnitMotion.java; app/src/main/java/game/sanguo/mobile/UnitAnimation.java; app/src/main/java/game/sanguo/mobile/UnitLod.java; app/src/main/java/game/sanguo/mobile/SeasonStyle.java; app/src/main/java/game/sanguo/mobile/EnvironmentProfile.java,bash scripts/test-architecture.sh; python3 scripts/check-native-protected-assets.py,17bd3376508499f2681d3e296939452383506a1e,98edd7f758d41b89826d03e6fd1be3366bbea173d679a58bdd5f157b8e9479f4,该行以注明的host/source/CI为证；设备专项见runtime-cases.json,NOT_RUN,EVIDENCE,当前轮只把明确原始日志范围作为支持证据；该复合契约完整验收未执行，不继承旧PASS或历史设备结果。,evidence/host/logs/test-architecture.log; evidence/host/logs/check-native-protected-assets-fetched.log; docs/native-pc-visual/evidence/firebase-20260928/SOURCE-REVIEW.md
X04.L044,GLOBAL,**V2 / R09：可用的局部完整美术样板。** 同一个区域中地形、水、城港关、树林/道路、光照能共同成立；是正常游戏内场景，支持真实命令。任一主元素仍为明显占位则不可过 V2。,04_VISUAL_ACCEPTANCE.md:44,ORIGINAL_ZIP,app/src/main/java/game/sanguo/mobile/TerrainSurface.java; app/src/main/java/game/sanguo/mobile/SceneMesh.java; app/src/main/java/game/sanguo/mobile/SceneWorkQueue.java; app/src/main/java/game/sanguo/mobile/FilamentMapView.java; app/src/main/java/game/sanguo/mobile/TerrainMaterialField.java; app/src/main/java/game/sanguo/mobile/TerrainMaterialLod.java; app/src/main/java/game/sanguo/mobile/WaterVisualField.java; app/src/main/java/game/sanguo/mobile/SiteVisual.java; app/src/main/java/game/sanguo/mobile/SiteGlb.java; core/src/main/java/game/sanguo/core/SiteFootprint.java; app/src/main/java/game/sanguo/mobile/Vegetation.java; app/src/main/java/game/sanguo/mobile/FieldAssets.java; app/src/main/java/game/sanguo/mobile/LandscapeProfile.java; app/src/main/java/game/sanguo/mobile/MapHost.java; app/src/main/java/game/sanguo/mobile/UnitVisual.java; app/src/main/java/game/sanguo/mobile/UnitMotion.java; app/src/main/java/game/sanguo/mobile/UnitAnimation.java; app/src/main/java/game/sanguo/mobile/UnitLod.java; app/src/main/java/game/sanguo/mobile/SeasonStyle.java; app/src/main/java/game/sanguo/mobile/EnvironmentProfile.java,bash scripts/test-architecture.sh; python3 scripts/check-native-protected-assets.py,17bd3376508499f2681d3e296939452383506a1e,98edd7f758d41b89826d03e6fd1be3366bbea173d679a58bdd5f157b8e9479f4,该行以注明的host/source/CI为证；设备专项见runtime-cases.json,NOT_RUN,EVIDENCE,当前轮只把明确原始日志范围作为支持证据；该复合契约完整验收未执行，不继承旧PASS或历史设备结果。,evidence/host/logs/test-architecture.log; evidence/host/logs/check-native-protected-assets-fetched.log; docs/native-pc-visual/evidence/firebase-20260928/SOURCE-REVIEW.md
X04.L050,GLOBAL,V1、V2、V3 是禁止“先无限铺量，最后再美术”的门槛；工程之外无真机时仍可开展独立工作，但不能自动宣布 V4。,04_VISUAL_ACCEPTANCE.md:50,ORIGINAL_ZIP,app/src/main/java/game/sanguo/mobile/TerrainSurface.java; app/src/main/java/game/sanguo/mobile/SceneMesh.java; app/src/main/java/game/sanguo/mobile/SceneWorkQueue.java; app/src/main/java/game/sanguo/mobile/FilamentMapView.java; app/src/main/java/game/sanguo/mobile/TerrainMaterialField.java; app/src/main/java/game/sanguo/mobile/TerrainMaterialLod.java; app/src/main/java/game/sanguo/mobile/WaterVisualField.java; app/src/main/java/game/sanguo/mobile/SiteVisual.java; app/src/main/java/game/sanguo/mobile/SiteGlb.java; core/src/main/java/game/sanguo/core/SiteFootprint.java; app/src/main/java/game/sanguo/mobile/Vegetation.java; app/src/main/java/game/sanguo/mobile/FieldAssets.java; app/src/main/java/game/sanguo/mobile/LandscapeProfile.java; app/src/main/java/game/sanguo/mobile/MapHost.java; app/src/main/java/game/sanguo/mobile/UnitVisual.java; app/src/main/java/game/sanguo/mobile/UnitMotion.java; app/src/main/java/game/sanguo/mobile/UnitAnimation.java; app/src/main/java/game/sanguo/mobile/UnitLod.java; app/src/main/java/game/sanguo/mobile/SeasonStyle.java; app/src/main/java/game/sanguo/mobile/EnvironmentProfile.java,bash scripts/test-architecture.sh; python3 scripts/check-native-protected-assets.py,17bd3376508499f2681d3e296939452383506a1e,98edd7f758d41b89826d03e6fd1be3366bbea173d679a58bdd5f157b8e9479f4,该行以注明的host/source/CI为证；设备专项见runtime-cases.json,NOT_RUN,EVIDENCE,当前轮只把明确原始日志范围作为支持证据；该复合契约完整验收未执行，不继承旧PASS或历史设备结果。,evidence/host/logs/test-architecture.log; evidence/host/logs/check-native-protected-assets-fetched.log; docs/native-pc-visual/evidence/firebase-20260928/SOURCE-REVIEW.md
X04.L054,GLOBAL,保留原始截图/录屏和 logcat。对照拼图允许制作，但标清 PC 来源和 App 设备；不能改变 App 内容、补光、替换背景来假装实机质量。,04_VISUAL_ACCEPTANCE.md:54,ORIGINAL_ZIP,app/src/main/java/game/sanguo/mobile/TerrainSurface.java; app/src/main/java/game/sanguo/mobile/SceneMesh.java; app/src/main/java/game/sanguo/mobile/SceneWorkQueue.java; app/src/main/java/game/sanguo/mobile/FilamentMapView.java; app/src/main/java/game/sanguo/mobile/TerrainMaterialField.java; app/src/main/java/game/sanguo/mobile/TerrainMaterialLod.java; app/src/main/java/game/sanguo/mobile/WaterVisualField.java; app/src/main/java/game/sanguo/mobile/SiteVisual.java; app/src/main/java/game/sanguo/mobile/SiteGlb.java; core/src/main/java/game/sanguo/core/SiteFootprint.java; app/src/main/java/game/sanguo/mobile/Vegetation.java; app/src/main/java/game/sanguo/mobile/FieldAssets.java; app/src/main/java/game/sanguo/mobile/LandscapeProfile.java; app/src/main/java/game/sanguo/mobile/MapHost.java; app/src/main/java/game/sanguo/mobile/UnitVisual.java; app/src/main/java/game/sanguo/mobile/UnitMotion.java; app/src/main/java/game/sanguo/mobile/UnitAnimation.java; app/src/main/java/game/sanguo/mobile/UnitLod.java; app/src/main/java/game/sanguo/mobile/SeasonStyle.java; app/src/main/java/game/sanguo/mobile/EnvironmentProfile.java,bash scripts/test-architecture.sh; python3 scripts/check-native-protected-assets.py,17bd3376508499f2681d3e296939452383506a1e,98edd7f758d41b89826d03e6fd1be3366bbea173d679a58bdd5f157b8e9479f4,该行以注明的host/source/CI为证；设备专项见runtime-cases.json,NOT_RUN,EVIDENCE,当前轮只把明确原始日志范围作为支持证据；该复合契约完整验收未执行，不继承旧PASS或历史设备结果。,evidence/host/logs/test-architecture.log; evidence/host/logs/check-native-protected-assets-fetched.log; docs/native-pc-visual/evidence/firebase-20260928/SOURCE-REVIEW.md
X04.L056,GLOBAL,性能截图不能来自不同画质/更低内部分辨率却不标注。不能仅用载入后静态一帧证明回合、动画、热稳定或编辑正常。调试模型展示页可辅助，不代替正式地图验收。,04_VISUAL_ACCEPTANCE.md:56,ORIGINAL_ZIP,app/src/main/java/game/sanguo/mobile/TerrainSurface.java; app/src/main/java/game/sanguo/mobile/SceneMesh.java; app/src/main/java/game/sanguo/mobile/SceneWorkQueue.java; app/src/main/java/game/sanguo/mobile/FilamentMapView.java; app/src/main/java/game/sanguo/mobile/TerrainMaterialField.java; app/src/main/java/game/sanguo/mobile/TerrainMaterialLod.java; app/src/main/java/game/sanguo/mobile/WaterVisualField.java; app/src/main/java/game/sanguo/mobile/SiteVisual.java; app/src/main/java/game/sanguo/mobile/SiteGlb.java; core/src/main/java/game/sanguo/core/SiteFootprint.java; app/src/main/java/game/sanguo/mobile/Vegetation.java; app/src/main/java/game/sanguo/mobile/FieldAssets.java; app/src/main/java/game/sanguo/mobile/LandscapeProfile.java; app/src/main/java/game/sanguo/mobile/MapHost.java; app/src/main/java/game/sanguo/mobile/UnitVisual.java; app/src/main/java/game/sanguo/mobile/UnitMotion.java; app/src/main/java/game/sanguo/mobile/UnitAnimation.java; app/src/main/java/game/sanguo/mobile/UnitLod.java; app/src/main/java/game/sanguo/mobile/SeasonStyle.java; app/src/main/java/game/sanguo/mobile/EnvironmentProfile.java,bash scripts/test-architecture.sh; python3 scripts/check-native-protected-assets.py,17bd3376508499f2681d3e296939452383506a1e,98edd7f758d41b89826d03e6fd1be3366bbea173d679a58bdd5f157b8e9479f4,该行以注明的host/source/CI为证；设备专项见runtime-cases.json,NOT_RUN,EVIDENCE,当前轮只把明确原始日志范围作为支持证据；该复合契约完整验收未执行，不继承旧PASS或历史设备结果。,evidence/host/logs/test-architecture.log; evidence/host/logs/check-native-protected-assets-fetched.log; docs/native-pc-visual/evidence/firebase-20260928/SOURCE-REVIEW.md
X05.L005,GLOBAL,阶段必须得到真实模型/贴图/材质文件，接入正式地图，保留可再生成的源文件或脚本，并做 APK 实拍。写“后续用 AI 生成”不算制作完成。复用旧资源时写清哪些继续使用、哪些真正替换、哪些仍是占位。,05_ASSET_PIPELINE.md:5,ORIGINAL_ZIP,app/src/main/java/game/sanguo/mobile/TerrainMaterialField.java; app/src/main/java/game/sanguo/mobile/TerrainMaterialLod.java; app/src/main/java/game/sanguo/mobile/TerrainSurface.java; app/src/main/java/game/sanguo/mobile/SceneMesh.java; app/src/main/java/game/sanguo/mobile/FilamentMapView.java; app/src/main/java/game/sanguo/mobile/SiteGlb.java; app/src/main/java/game/sanguo/mobile/FieldAssets.java; app/src/main/java/game/sanguo/mobile/SceneAssetQueue.java; app/src/main/java/game/sanguo/mobile/SiteVisual.java; core/src/main/java/game/sanguo/core/SiteFootprint.java; app/src/main/java/game/sanguo/mobile/Vegetation.java; app/src/main/java/game/sanguo/mobile/LandscapeProfile.java; app/src/main/java/game/sanguo/mobile/UnitVisual.java; app/src/main/java/game/sanguo/mobile/UnitMotion.java; app/src/main/java/game/sanguo/mobile/UnitAnimation.java; app/src/main/java/game/sanguo/mobile/UnitLod.java,bash scripts/test-architecture.sh; python3 scripts/check-native-protected-assets.py,17bd3376508499f2681d3e296939452383506a1e,98edd7f758d41b89826d03e6fd1be3366bbea173d679a58bdd5f157b8e9479f4,该行以注明的host/source/CI为证；设备专项见runtime-cases.json,NOT_RUN,EVIDENCE,当前轮只把明确原始日志范围作为支持证据；该复合契约完整验收未执行，不继承旧PASS或历史设备结果。,evidence/host/logs/test-architecture.log; evidence/host/logs/check-native-protected-assets-fetched.log; docs/native-pc-visual/evidence/firebase-20260928/SOURCE-REVIEW.md
X05.L007,GLOBAL,公开 PC 截图只作参考，不自动拥有对 PC 游戏模型/贴图的再分发权。新资源采用原创、用户有权提供、许可清楚的素材。许可证未知不进入正式分发包。不把 AI 生成写成官方原版资产。,05_ASSET_PIPELINE.md:7,ORIGINAL_ZIP,app/src/main/java/game/sanguo/mobile/TerrainMaterialField.java; app/src/main/java/game/sanguo/mobile/TerrainMaterialLod.java; app/src/main/java/game/sanguo/mobile/TerrainSurface.java; app/src/main/java/game/sanguo/mobile/SceneMesh.java; app/src/main/java/game/sanguo/mobile/FilamentMapView.java; app/src/main/java/game/sanguo/mobile/SiteGlb.java; app/src/main/java/game/sanguo/mobile/FieldAssets.java; app/src/main/java/game/sanguo/mobile/SceneAssetQueue.java; app/src/main/java/game/sanguo/mobile/SiteVisual.java; core/src/main/java/game/sanguo/core/SiteFootprint.java; app/src/main/java/game/sanguo/mobile/Vegetation.java; app/src/main/java/game/sanguo/mobile/LandscapeProfile.java; app/src/main/java/game/sanguo/mobile/UnitVisual.java; app/src/main/java/game/sanguo/mobile/UnitMotion.java; app/src/main/java/game/sanguo/mobile/UnitAnimation.java; app/src/main/java/game/sanguo/mobile/UnitLod.java,bash scripts/test-architecture.sh; python3 scripts/check-native-protected-assets.py,17bd3376508499f2681d3e296939452383506a1e,98edd7f758d41b89826d03e6fd1be3366bbea173d679a58bdd5f157b8e9479f4,该行以注明的host/source/CI为证；设备专项见runtime-cases.json,NOT_RUN,EVIDENCE,当前轮只把明确原始日志范围作为支持证据；该复合契约完整验收未执行，不继承旧PASS或历史设备结果。,evidence/host/logs/test-architecture.log; evidence/host/logs/check-native-protected-assets-fetched.log; docs/native-pc-visual/evidence/firebase-20260928/SOURCE-REVIEW.md
X05.L009,GLOBAL,工具可用性在 R00 查明：现有脚本、Blender CLI 或可用建模工具、图像生成/纹理工具、离线材质编译器。美术工具缺失可先修技术/制作可复用小样，不能用几个立方体宣称美术完成。,05_ASSET_PIPELINE.md:9,ORIGINAL_ZIP,app/src/main/java/game/sanguo/mobile/TerrainMaterialField.java; app/src/main/java/game/sanguo/mobile/TerrainMaterialLod.java; app/src/main/java/game/sanguo/mobile/TerrainSurface.java; app/src/main/java/game/sanguo/mobile/SceneMesh.java; app/src/main/java/game/sanguo/mobile/FilamentMapView.java; app/src/main/java/game/sanguo/mobile/SiteGlb.java; app/src/main/java/game/sanguo/mobile/FieldAssets.java; app/src/main/java/game/sanguo/mobile/SceneAssetQueue.java; app/src/main/java/game/sanguo/mobile/SiteVisual.java; core/src/main/java/game/sanguo/core/SiteFootprint.java; app/src/main/java/game/sanguo/mobile/Vegetation.java; app/src/main/java/game/sanguo/mobile/LandscapeProfile.java; app/src/main/java/game/sanguo/mobile/UnitVisual.java; app/src/main/java/game/sanguo/mobile/UnitMotion.java; app/src/main/java/game/sanguo/mobile/UnitAnimation.java; app/src/main/java/game/sanguo/mobile/UnitLod.java,bash scripts/test-architecture.sh; python3 scripts/check-native-protected-assets.py,17bd3376508499f2681d3e296939452383506a1e,98edd7f758d41b89826d03e6fd1be3366bbea173d679a58bdd5f157b8e9479f4,该行以注明的host/source/CI为证；设备专项见runtime-cases.json,NOT_RUN,EVIDENCE,当前轮只把明确原始日志范围作为支持证据；该复合契约完整验收未执行，不继承旧PASS或历史设备结果。,evidence/host/logs/test-architecture.log; evidence/host/logs/check-native-protected-assets-fetched.log; docs/native-pc-visual/evidence/firebase-20260928/SOURCE-REVIEW.md
X05.L013,GLOBAL,每个实际资源/资产族记录：ID、类别、路径、来源/作者/许可、source hash、导出工具和版本、runtime hash、贴图尺寸/色彩空间、三角形数量、材质/primitive 数、LOD、锚点、朝向、占地外观、动画支持、正式场景使用位置与验收图号。,05_ASSET_PIPELINE.md:13,ORIGINAL_ZIP,app/src/main/java/game/sanguo/mobile/TerrainMaterialField.java; app/src/main/java/game/sanguo/mobile/TerrainMaterialLod.java; app/src/main/java/game/sanguo/mobile/TerrainSurface.java; app/src/main/java/game/sanguo/mobile/SceneMesh.java; app/src/main/java/game/sanguo/mobile/FilamentMapView.java; app/src/main/java/game/sanguo/mobile/SiteGlb.java; app/src/main/java/game/sanguo/mobile/FieldAssets.java; app/src/main/java/game/sanguo/mobile/SceneAssetQueue.java; app/src/main/java/game/sanguo/mobile/SiteVisual.java; core/src/main/java/game/sanguo/core/SiteFootprint.java; app/src/main/java/game/sanguo/mobile/Vegetation.java; app/src/main/java/game/sanguo/mobile/LandscapeProfile.java; app/src/main/java/game/sanguo/mobile/UnitVisual.java; app/src/main/java/game/sanguo/mobile/UnitMotion.java; app/src/main/java/game/sanguo/mobile/UnitAnimation.java; app/src/main/java/game/sanguo/mobile/UnitLod.java,bash scripts/test-architecture.sh; python3 scripts/check-native-protected-assets.py,17bd3376508499f2681d3e296939452383506a1e,98edd7f758d41b89826d03e6fd1be3366bbea173d679a58bdd5f157b8e9479f4,该行以注明的host/source/CI为证；设备专项见runtime-cases.json,NOT_RUN,EVIDENCE,当前轮只把明确原始日志范围作为支持证据；该复合契约完整验收未执行，不继承旧PASS或历史设备结果。,evidence/host/logs/test-architecture.log; evidence/host/logs/check-native-protected-assets-fetched.log; docs/native-pc-visual/evidence/firebase-20260928/SOURCE-REVIEW.md
X05.L015,GLOBAL,每个权威城/港/关、设施类型/等级和兵种都能映射到有效资源；缺失的类别显式列出。不要硬编码“42 城/87 据点”等旧数量作为当前全覆盖，实时从官方/自定义地图读取。,05_ASSET_PIPELINE.md:15,ORIGINAL_ZIP,app/src/main/java/game/sanguo/mobile/TerrainMaterialField.java; app/src/main/java/game/sanguo/mobile/TerrainMaterialLod.java; app/src/main/java/game/sanguo/mobile/TerrainSurface.java; app/src/main/java/game/sanguo/mobile/SceneMesh.java; app/src/main/java/game/sanguo/mobile/FilamentMapView.java; app/src/main/java/game/sanguo/mobile/SiteGlb.java; app/src/main/java/game/sanguo/mobile/FieldAssets.java; app/src/main/java/game/sanguo/mobile/SceneAssetQueue.java; app/src/main/java/game/sanguo/mobile/SiteVisual.java; core/src/main/java/game/sanguo/core/SiteFootprint.java; app/src/main/java/game/sanguo/mobile/Vegetation.java; app/src/main/java/game/sanguo/mobile/LandscapeProfile.java; app/src/main/java/game/sanguo/mobile/UnitVisual.java; app/src/main/java/game/sanguo/mobile/UnitMotion.java; app/src/main/java/game/sanguo/mobile/UnitAnimation.java; app/src/main/java/game/sanguo/mobile/UnitLod.java,bash scripts/test-architecture.sh; python3 scripts/check-native-protected-assets.py,17bd3376508499f2681d3e296939452383506a1e,98edd7f758d41b89826d03e6fd1be3366bbea173d679a58bdd5f157b8e9479f4,该行以注明的host/source/CI为证；设备专项见runtime-cases.json,NOT_RUN,EVIDENCE,当前轮只把明确原始日志范围作为支持证据；该复合契约完整验收未执行，不继承旧PASS或历史设备结果。,evidence/host/logs/test-architecture.log; evidence/host/logs/check-native-protected-assets-fetched.log; docs/native-pc-visual/evidence/firebase-20260928/SOURCE-REVIEW.md
X05.L017,GLOBAL,源素材、build 输出和运行时资源分目录。大的录屏/APK/中间产物放 CI artifacts，不把一堆重复历史包塞 Git。不可依赖模型会话沙箱内、其他 Agent 取不到的路径。,05_ASSET_PIPELINE.md:17,ORIGINAL_ZIP,app/src/main/java/game/sanguo/mobile/TerrainMaterialField.java; app/src/main/java/game/sanguo/mobile/TerrainMaterialLod.java; app/src/main/java/game/sanguo/mobile/TerrainSurface.java; app/src/main/java/game/sanguo/mobile/SceneMesh.java; app/src/main/java/game/sanguo/mobile/FilamentMapView.java; app/src/main/java/game/sanguo/mobile/SiteGlb.java; app/src/main/java/game/sanguo/mobile/FieldAssets.java; app/src/main/java/game/sanguo/mobile/SceneAssetQueue.java; app/src/main/java/game/sanguo/mobile/SiteVisual.java; core/src/main/java/game/sanguo/core/SiteFootprint.java; app/src/main/java/game/sanguo/mobile/Vegetation.java; app/src/main/java/game/sanguo/mobile/LandscapeProfile.java; app/src/main/java/game/sanguo/mobile/UnitVisual.java; app/src/main/java/game/sanguo/mobile/UnitMotion.java; app/src/main/java/game/sanguo/mobile/UnitAnimation.java; app/src/main/java/game/sanguo/mobile/UnitLod.java,bash scripts/test-architecture.sh; python3 scripts/check-native-protected-assets.py,17bd3376508499f2681d3e296939452383506a1e,98edd7f758d41b89826d03e6fd1be3366bbea173d679a58bdd5f157b8e9479f4,该行以注明的host/source/CI为证；设备专项见runtime-cases.json,NOT_RUN,EVIDENCE,当前轮只把明确原始日志范围作为支持证据；该复合契约完整验收未执行，不继承旧PASS或历史设备结果。,evidence/host/logs/test-architecture.log; evidence/host/logs/check-native-protected-assets-fetched.log; docs/native-pc-visual/evidence/firebase-20260928/SOURCE-REVIEW.md
X05.L021,GLOBAL,基础草、土、岩、沙需有协调色板与可平铺纹理；适当增加路径、泥岸、农田、林下材质。贴图去掉固定方向强光/硬阴影，避免叠加照明后双重阴影。,05_ASSET_PIPELINE.md:21,ORIGINAL_ZIP,app/src/main/java/game/sanguo/mobile/TerrainMaterialField.java; app/src/main/java/game/sanguo/mobile/TerrainMaterialLod.java; app/src/main/java/game/sanguo/mobile/TerrainSurface.java; app/src/main/java/game/sanguo/mobile/SceneMesh.java; app/src/main/java/game/sanguo/mobile/FilamentMapView.java; app/src/main/java/game/sanguo/mobile/SiteGlb.java; app/src/main/java/game/sanguo/mobile/FieldAssets.java; app/src/main/java/game/sanguo/mobile/SceneAssetQueue.java; app/src/main/java/game/sanguo/mobile/SiteVisual.java; core/src/main/java/game/sanguo/core/SiteFootprint.java; app/src/main/java/game/sanguo/mobile/Vegetation.java; app/src/main/java/game/sanguo/mobile/LandscapeProfile.java; app/src/main/java/game/sanguo/mobile/UnitVisual.java; app/src/main/java/game/sanguo/mobile/UnitMotion.java; app/src/main/java/game/sanguo/mobile/UnitAnimation.java; app/src/main/java/game/sanguo/mobile/UnitLod.java,bash scripts/test-architecture.sh; python3 scripts/check-native-protected-assets.py,17bd3376508499f2681d3e296939452383506a1e,98edd7f758d41b89826d03e6fd1be3366bbea173d679a58bdd5f157b8e9479f4,该行以注明的host/source/CI为证；设备专项见runtime-cases.json,NOT_RUN,EVIDENCE,当前轮只把明确原始日志范围作为支持证据；该复合契约完整验收未执行，不继承旧PASS或历史设备结果。,evidence/host/logs/test-architecture.log; evidence/host/logs/check-native-protected-assets-fetched.log; docs/native-pc-visual/evidence/firebase-20260928/SOURCE-REVIEW.md
X05.L023,GLOBAL,先建立同一 texel density 和宏观/微观纹理尺度，再做变体。正常场景看见的是纹理、轮廓和明暗共同作用，不是简单高分辨率噪声。低画质也保留材质层次，不能降成纯色棋盘。,05_ASSET_PIPELINE.md:23,ORIGINAL_ZIP,app/src/main/java/game/sanguo/mobile/TerrainMaterialField.java; app/src/main/java/game/sanguo/mobile/TerrainMaterialLod.java; app/src/main/java/game/sanguo/mobile/TerrainSurface.java; app/src/main/java/game/sanguo/mobile/SceneMesh.java; app/src/main/java/game/sanguo/mobile/FilamentMapView.java; app/src/main/java/game/sanguo/mobile/SiteGlb.java; app/src/main/java/game/sanguo/mobile/FieldAssets.java; app/src/main/java/game/sanguo/mobile/SceneAssetQueue.java; app/src/main/java/game/sanguo/mobile/SiteVisual.java; core/src/main/java/game/sanguo/core/SiteFootprint.java; app/src/main/java/game/sanguo/mobile/Vegetation.java; app/src/main/java/game/sanguo/mobile/LandscapeProfile.java; app/src/main/java/game/sanguo/mobile/UnitVisual.java; app/src/main/java/game/sanguo/mobile/UnitMotion.java; app/src/main/java/game/sanguo/mobile/UnitAnimation.java; app/src/main/java/game/sanguo/mobile/UnitLod.java,bash scripts/test-architecture.sh; python3 scripts/check-native-protected-assets.py,17bd3376508499f2681d3e296939452383506a1e,98edd7f758d41b89826d03e6fd1be3366bbea173d679a58bdd5f157b8e9479f4,该行以注明的host/source/CI为证；设备专项见runtime-cases.json,NOT_RUN,EVIDENCE,当前轮只把明确原始日志范围作为支持证据；该复合契约完整验收未执行，不继承旧PASS或历史设备结果。,evidence/host/logs/test-architecture.log; evidence/host/logs/check-native-protected-assets-fetched.log; docs/native-pc-visual/evidence/firebase-20260928/SOURCE-REVIEW.md
X05.L025,GLOBAL,植被使用少量高质量家族和受约束的变化，不强制一棵一个渲染实体。透明叶片要测试裁剪/排序/过绘与远景闪烁；可用不透明低模/烘焙 impostor 等更合适方案。,05_ASSET_PIPELINE.md:25,ORIGINAL_ZIP,app/src/main/java/game/sanguo/mobile/TerrainMaterialField.java; app/src/main/java/game/sanguo/mobile/TerrainMaterialLod.java; app/src/main/java/game/sanguo/mobile/TerrainSurface.java; app/src/main/java/game/sanguo/mobile/SceneMesh.java; app/src/main/java/game/sanguo/mobile/FilamentMapView.java; app/src/main/java/game/sanguo/mobile/SiteGlb.java; app/src/main/java/game/sanguo/mobile/FieldAssets.java; app/src/main/java/game/sanguo/mobile/SceneAssetQueue.java; app/src/main/java/game/sanguo/mobile/SiteVisual.java; core/src/main/java/game/sanguo/core/SiteFootprint.java; app/src/main/java/game/sanguo/mobile/Vegetation.java; app/src/main/java/game/sanguo/mobile/LandscapeProfile.java; app/src/main/java/game/sanguo/mobile/UnitVisual.java; app/src/main/java/game/sanguo/mobile/UnitMotion.java; app/src/main/java/game/sanguo/mobile/UnitAnimation.java; app/src/main/java/game/sanguo/mobile/UnitLod.java,bash scripts/test-architecture.sh; python3 scripts/check-native-protected-assets.py,17bd3376508499f2681d3e296939452383506a1e,98edd7f758d41b89826d03e6fd1be3366bbea173d679a58bdd5f157b8e9479f4,该行以注明的host/source/CI为证；设备专项见runtime-cases.json,NOT_RUN,EVIDENCE,当前轮只把明确原始日志范围作为支持证据；该复合契约完整验收未执行，不继承旧PASS或历史设备结果。,evidence/host/logs/test-architecture.log; evidence/host/logs/check-native-protected-assets-fetched.log; docs/native-pc-visual/evidence/firebase-20260928/SOURCE-REVIEW.md
X05.L029,GLOBAL,城市：城墙、城门、角楼/城楼、主建筑、民居密度和地基分层；城区不是密集同一个小盒子。建立平原、山地/盆地、水乡等至少三类可辨风格，差异服务实际地区，不能随意替换地理。,05_ASSET_PIPELINE.md:29,ORIGINAL_ZIP,app/src/main/java/game/sanguo/mobile/TerrainMaterialField.java; app/src/main/java/game/sanguo/mobile/TerrainMaterialLod.java; app/src/main/java/game/sanguo/mobile/TerrainSurface.java; app/src/main/java/game/sanguo/mobile/SceneMesh.java; app/src/main/java/game/sanguo/mobile/FilamentMapView.java; app/src/main/java/game/sanguo/mobile/SiteGlb.java; app/src/main/java/game/sanguo/mobile/FieldAssets.java; app/src/main/java/game/sanguo/mobile/SceneAssetQueue.java; app/src/main/java/game/sanguo/mobile/SiteVisual.java; core/src/main/java/game/sanguo/core/SiteFootprint.java; app/src/main/java/game/sanguo/mobile/Vegetation.java; app/src/main/java/game/sanguo/mobile/LandscapeProfile.java; app/src/main/java/game/sanguo/mobile/UnitVisual.java; app/src/main/java/game/sanguo/mobile/UnitMotion.java; app/src/main/java/game/sanguo/mobile/UnitAnimation.java; app/src/main/java/game/sanguo/mobile/UnitLod.java,bash scripts/test-architecture.sh; python3 scripts/check-native-protected-assets.py,17bd3376508499f2681d3e296939452383506a1e,98edd7f758d41b89826d03e6fd1be3366bbea173d679a58bdd5f157b8e9479f4,该行以注明的host/source/CI为证；设备专项见runtime-cases.json,NOT_RUN,EVIDENCE,当前轮只把明确原始日志范围作为支持证据；该复合契约完整验收未执行，不继承旧PASS或历史设备结果。,evidence/host/logs/test-architecture.log; evidence/host/logs/check-native-protected-assets-fetched.log; docs/native-pc-visual/evidence/firebase-20260928/SOURCE-REVIEW.md
X05.L031,GLOBAL,关卡：有封堵山口的视觉意义，墙体端点与山体衔接；可通行入口保持清晰。,05_ASSET_PIPELINE.md:31,ORIGINAL_ZIP,app/src/main/java/game/sanguo/mobile/TerrainMaterialField.java; app/src/main/java/game/sanguo/mobile/TerrainMaterialLod.java; app/src/main/java/game/sanguo/mobile/TerrainSurface.java; app/src/main/java/game/sanguo/mobile/SceneMesh.java; app/src/main/java/game/sanguo/mobile/FilamentMapView.java; app/src/main/java/game/sanguo/mobile/SiteGlb.java; app/src/main/java/game/sanguo/mobile/FieldAssets.java; app/src/main/java/game/sanguo/mobile/SceneAssetQueue.java; app/src/main/java/game/sanguo/mobile/SiteVisual.java; core/src/main/java/game/sanguo/core/SiteFootprint.java; app/src/main/java/game/sanguo/mobile/Vegetation.java; app/src/main/java/game/sanguo/mobile/LandscapeProfile.java; app/src/main/java/game/sanguo/mobile/UnitVisual.java; app/src/main/java/game/sanguo/mobile/UnitMotion.java; app/src/main/java/game/sanguo/mobile/UnitAnimation.java; app/src/main/java/game/sanguo/mobile/UnitLod.java,bash scripts/test-architecture.sh; python3 scripts/check-native-protected-assets.py,17bd3376508499f2681d3e296939452383506a1e,98edd7f758d41b89826d03e6fd1be3366bbea173d679a58bdd5f157b8e9479f4,该行以注明的host/source/CI为证；设备专项见runtime-cases.json,NOT_RUN,EVIDENCE,当前轮只把明确原始日志范围作为支持证据；该复合契约完整验收未执行，不继承旧PASS或历史设备结果。,evidence/host/logs/test-architecture.log; evidence/host/logs/check-native-protected-assets-fetched.log; docs/native-pc-visual/evidence/firebase-20260928/SOURCE-REVIEW.md
X05.L033,GLOBAL,港口：泊位/栈桥、岸上建筑和水上部分连接；锚点、水位与真实上下船格相容。,05_ASSET_PIPELINE.md:33,ORIGINAL_ZIP,app/src/main/java/game/sanguo/mobile/TerrainMaterialField.java; app/src/main/java/game/sanguo/mobile/TerrainMaterialLod.java; app/src/main/java/game/sanguo/mobile/TerrainSurface.java; app/src/main/java/game/sanguo/mobile/SceneMesh.java; app/src/main/java/game/sanguo/mobile/FilamentMapView.java; app/src/main/java/game/sanguo/mobile/SiteGlb.java; app/src/main/java/game/sanguo/mobile/FieldAssets.java; app/src/main/java/game/sanguo/mobile/SceneAssetQueue.java; app/src/main/java/game/sanguo/mobile/SiteVisual.java; core/src/main/java/game/sanguo/core/SiteFootprint.java; app/src/main/java/game/sanguo/mobile/Vegetation.java; app/src/main/java/game/sanguo/mobile/LandscapeProfile.java; app/src/main/java/game/sanguo/mobile/UnitVisual.java; app/src/main/java/game/sanguo/mobile/UnitMotion.java; app/src/main/java/game/sanguo/mobile/UnitAnimation.java; app/src/main/java/game/sanguo/mobile/UnitLod.java,bash scripts/test-architecture.sh; python3 scripts/check-native-protected-assets.py,17bd3376508499f2681d3e296939452383506a1e,98edd7f758d41b89826d03e6fd1be3366bbea173d679a58bdd5f157b8e9479f4,该行以注明的host/source/CI为证；设备专项见runtime-cases.json,NOT_RUN,EVIDENCE,当前轮只把明确原始日志范围作为支持证据；该复合契约完整验收未执行，不继承旧PASS或历史设备结果。,evidence/host/logs/test-architecture.log; evidence/host/logs/check-native-protected-assets-fetched.log; docs/native-pc-visual/evidence/firebase-20260928/SOURCE-REVIEW.md
X05.L035,GLOBAL,设施：覆盖所有实际类型/等级、建造中/完成/损毁表现。受损外观只读实际耐久/事件，不能新加建筑规则。,05_ASSET_PIPELINE.md:35,ORIGINAL_ZIP,app/src/main/java/game/sanguo/mobile/TerrainMaterialField.java; app/src/main/java/game/sanguo/mobile/TerrainMaterialLod.java; app/src/main/java/game/sanguo/mobile/TerrainSurface.java; app/src/main/java/game/sanguo/mobile/SceneMesh.java; app/src/main/java/game/sanguo/mobile/FilamentMapView.java; app/src/main/java/game/sanguo/mobile/SiteGlb.java; app/src/main/java/game/sanguo/mobile/FieldAssets.java; app/src/main/java/game/sanguo/mobile/SceneAssetQueue.java; app/src/main/java/game/sanguo/mobile/SiteVisual.java; core/src/main/java/game/sanguo/core/SiteFootprint.java; app/src/main/java/game/sanguo/mobile/Vegetation.java; app/src/main/java/game/sanguo/mobile/LandscapeProfile.java; app/src/main/java/game/sanguo/mobile/UnitVisual.java; app/src/main/java/game/sanguo/mobile/UnitMotion.java; app/src/main/java/game/sanguo/mobile/UnitAnimation.java; app/src/main/java/game/sanguo/mobile/UnitLod.java,bash scripts/test-architecture.sh; python3 scripts/check-native-protected-assets.py,17bd3376508499f2681d3e296939452383506a1e,98edd7f758d41b89826d03e6fd1be3366bbea173d679a58bdd5f157b8e9479f4,该行以注明的host/source/CI为证；设备专项见runtime-cases.json,NOT_RUN,EVIDENCE,当前轮只把明确原始日志范围作为支持证据；该复合契约完整验收未执行，不继承旧PASS或历史设备结果。,evidence/host/logs/test-architecture.log; evidence/host/logs/check-native-protected-assets-fetched.log; docs/native-pc-visual/evidence/firebase-20260928/SOURCE-REVIEW.md
X05.L039,GLOBAL,覆盖实际使用的步兵武器、骑兵、器械、运输和船只。按兵种建立形体与旗帜识别，LOD 中仍能辨认。,05_ASSET_PIPELINE.md:39,ORIGINAL_ZIP,app/src/main/java/game/sanguo/mobile/TerrainMaterialField.java; app/src/main/java/game/sanguo/mobile/TerrainMaterialLod.java; app/src/main/java/game/sanguo/mobile/TerrainSurface.java; app/src/main/java/game/sanguo/mobile/SceneMesh.java; app/src/main/java/game/sanguo/mobile/FilamentMapView.java; app/src/main/java/game/sanguo/mobile/SiteGlb.java; app/src/main/java/game/sanguo/mobile/FieldAssets.java; app/src/main/java/game/sanguo/mobile/SceneAssetQueue.java; app/src/main/java/game/sanguo/mobile/SiteVisual.java; core/src/main/java/game/sanguo/core/SiteFootprint.java; app/src/main/java/game/sanguo/mobile/Vegetation.java; app/src/main/java/game/sanguo/mobile/LandscapeProfile.java; app/src/main/java/game/sanguo/mobile/UnitVisual.java; app/src/main/java/game/sanguo/mobile/UnitMotion.java; app/src/main/java/game/sanguo/mobile/UnitAnimation.java; app/src/main/java/game/sanguo/mobile/UnitLod.java,bash scripts/test-architecture.sh; python3 scripts/check-native-protected-assets.py,17bd3376508499f2681d3e296939452383506a1e,98edd7f758d41b89826d03e6fd1be3366bbea173d679a58bdd5f157b8e9479f4,该行以注明的host/source/CI为证；设备专项见runtime-cases.json,NOT_RUN,EVIDENCE,当前轮只把明确原始日志范围作为支持证据；该复合契约完整验收未执行，不继承旧PASS或历史设备结果。,evidence/host/logs/test-architecture.log; evidence/host/logs/check-native-protected-assets-fetched.log; docs/native-pc-visual/evidence/firebase-20260928/SOURCE-REVIEW.md
X05.L041,GLOBAL,已有刚体分部件动画可以保留并提高资产/轨迹质量，不强制为“高级”改成完整骨骼系统。确需骨骼时再扩展导出/加载/测试支持；每个阶段明确实际技术。,05_ASSET_PIPELINE.md:41,ORIGINAL_ZIP,app/src/main/java/game/sanguo/mobile/TerrainMaterialField.java; app/src/main/java/game/sanguo/mobile/TerrainMaterialLod.java; app/src/main/java/game/sanguo/mobile/TerrainSurface.java; app/src/main/java/game/sanguo/mobile/SceneMesh.java; app/src/main/java/game/sanguo/mobile/FilamentMapView.java; app/src/main/java/game/sanguo/mobile/SiteGlb.java; app/src/main/java/game/sanguo/mobile/FieldAssets.java; app/src/main/java/game/sanguo/mobile/SceneAssetQueue.java; app/src/main/java/game/sanguo/mobile/SiteVisual.java; core/src/main/java/game/sanguo/core/SiteFootprint.java; app/src/main/java/game/sanguo/mobile/Vegetation.java; app/src/main/java/game/sanguo/mobile/LandscapeProfile.java; app/src/main/java/game/sanguo/mobile/UnitVisual.java; app/src/main/java/game/sanguo/mobile/UnitMotion.java; app/src/main/java/game/sanguo/mobile/UnitAnimation.java; app/src/main/java/game/sanguo/mobile/UnitLod.java,bash scripts/test-architecture.sh; python3 scripts/check-native-protected-assets.py,17bd3376508499f2681d3e296939452383506a1e,98edd7f758d41b89826d03e6fd1be3366bbea173d679a58bdd5f157b8e9479f4,该行以注明的host/source/CI为证；设备专项见runtime-cases.json,NOT_RUN,EVIDENCE,当前轮只把明确原始日志范围作为支持证据；该复合契约完整验收未执行，不继承旧PASS或历史设备结果。,evidence/host/logs/test-architecture.log; evidence/host/logs/check-native-protected-assets-fetched.log; docs/native-pc-visual/evidence/firebase-20260928/SOURCE-REVIEW.md
X05.L043,GLOBAL,移动/攻击/受击/待机、骑兵腿和器械轮轴/投射、船桨等应与正式事件时序匹配。不要全屏每一名士兵都独立 draw/上传整网格。禁止把模型根运动用于玩法位移。,05_ASSET_PIPELINE.md:43,ORIGINAL_ZIP,app/src/main/java/game/sanguo/mobile/TerrainMaterialField.java; app/src/main/java/game/sanguo/mobile/TerrainMaterialLod.java; app/src/main/java/game/sanguo/mobile/TerrainSurface.java; app/src/main/java/game/sanguo/mobile/SceneMesh.java; app/src/main/java/game/sanguo/mobile/FilamentMapView.java; app/src/main/java/game/sanguo/mobile/SiteGlb.java; app/src/main/java/game/sanguo/mobile/FieldAssets.java; app/src/main/java/game/sanguo/mobile/SceneAssetQueue.java; app/src/main/java/game/sanguo/mobile/SiteVisual.java; core/src/main/java/game/sanguo/core/SiteFootprint.java; app/src/main/java/game/sanguo/mobile/Vegetation.java; app/src/main/java/game/sanguo/mobile/LandscapeProfile.java; app/src/main/java/game/sanguo/mobile/UnitVisual.java; app/src/main/java/game/sanguo/mobile/UnitMotion.java; app/src/main/java/game/sanguo/mobile/UnitAnimation.java; app/src/main/java/game/sanguo/mobile/UnitLod.java,bash scripts/test-architecture.sh; python3 scripts/check-native-protected-assets.py,17bd3376508499f2681d3e296939452383506a1e,98edd7f758d41b89826d03e6fd1be3366bbea173d679a58bdd5f157b8e9479f4,该行以注明的host/source/CI为证；设备专项见runtime-cases.json,NOT_RUN,EVIDENCE,当前轮只把明确原始日志范围作为支持证据；该复合契约完整验收未执行，不继承旧PASS或历史设备结果。,evidence/host/logs/test-architecture.log; evidence/host/logs/check-native-protected-assets-fetched.log; docs/native-pc-visual/evidence/firebase-20260928/SOURCE-REVIEW.md
X05.L047,GLOBAL,优先延续当前加载器支持的受控子集；必要时离线转为经过版本化的运行时格式。写明支持的 accessor 类型、index 宽度、stride/offset、node transform、normal/UV、alpha 和动画/扩展范围。,05_ASSET_PIPELINE.md:47,ORIGINAL_ZIP,app/src/main/java/game/sanguo/mobile/TerrainMaterialField.java; app/src/main/java/game/sanguo/mobile/TerrainMaterialLod.java; app/src/main/java/game/sanguo/mobile/TerrainSurface.java; app/src/main/java/game/sanguo/mobile/SceneMesh.java; app/src/main/java/game/sanguo/mobile/FilamentMapView.java; app/src/main/java/game/sanguo/mobile/SiteGlb.java; app/src/main/java/game/sanguo/mobile/FieldAssets.java; app/src/main/java/game/sanguo/mobile/SceneAssetQueue.java; app/src/main/java/game/sanguo/mobile/SiteVisual.java; core/src/main/java/game/sanguo/core/SiteFootprint.java; app/src/main/java/game/sanguo/mobile/Vegetation.java; app/src/main/java/game/sanguo/mobile/LandscapeProfile.java; app/src/main/java/game/sanguo/mobile/UnitVisual.java; app/src/main/java/game/sanguo/mobile/UnitMotion.java; app/src/main/java/game/sanguo/mobile/UnitAnimation.java; app/src/main/java/game/sanguo/mobile/UnitLod.java,bash scripts/test-architecture.sh; python3 scripts/check-native-protected-assets.py,17bd3376508499f2681d3e296939452383506a1e,98edd7f758d41b89826d03e6fd1be3366bbea173d679a58bdd5f157b8e9479f4,该行以注明的host/source/CI为证；设备专项见runtime-cases.json,NOT_RUN,EVIDENCE,当前轮只把明确原始日志范围作为支持证据；该复合契约完整验收未执行，不继承旧PASS或历史设备结果。,evidence/host/logs/test-architecture.log; evidence/host/logs/check-native-protected-assets-fetched.log; docs/native-pc-visual/evidence/firebase-20260928/SOURCE-REVIEW.md
X05.L049,GLOBAL,输入先验证大小/数量/索引/数值有界；不支持的 required extension 必须明确报错或离线转换，不能“尽量读”后静默丢部件。防止外部 URI/path traversal；导入资源不能无条件访问网络。,05_ASSET_PIPELINE.md:49,ORIGINAL_ZIP,app/src/main/java/game/sanguo/mobile/TerrainMaterialField.java; app/src/main/java/game/sanguo/mobile/TerrainMaterialLod.java; app/src/main/java/game/sanguo/mobile/TerrainSurface.java; app/src/main/java/game/sanguo/mobile/SceneMesh.java; app/src/main/java/game/sanguo/mobile/FilamentMapView.java; app/src/main/java/game/sanguo/mobile/SiteGlb.java; app/src/main/java/game/sanguo/mobile/FieldAssets.java; app/src/main/java/game/sanguo/mobile/SceneAssetQueue.java; app/src/main/java/game/sanguo/mobile/SiteVisual.java; core/src/main/java/game/sanguo/core/SiteFootprint.java; app/src/main/java/game/sanguo/mobile/Vegetation.java; app/src/main/java/game/sanguo/mobile/LandscapeProfile.java; app/src/main/java/game/sanguo/mobile/UnitVisual.java; app/src/main/java/game/sanguo/mobile/UnitMotion.java; app/src/main/java/game/sanguo/mobile/UnitAnimation.java; app/src/main/java/game/sanguo/mobile/UnitLod.java,bash scripts/test-architecture.sh; python3 scripts/check-native-protected-assets.py,17bd3376508499f2681d3e296939452383506a1e,98edd7f758d41b89826d03e6fd1be3366bbea173d679a58bdd5f157b8e9479f4,该行以注明的host/source/CI为证；设备专项见runtime-cases.json,NOT_RUN,EVIDENCE,当前轮只把明确原始日志范围作为支持证据；该复合契约完整验收未执行，不继承旧PASS或历史设备结果。,evidence/host/logs/test-architecture.log; evidence/host/logs/check-native-protected-assets-fetched.log; docs/native-pc-visual/evidence/firebase-20260928/SOURCE-REVIEW.md
X05.L051,GLOBAL,Khronos Validator 检查格式合规；项目检查器再验证受控子集和预算。两者不能替代美术检查。上传 GPU 前资产应通过可复现检查；不可把索引越界留到 native crash 才发现。,05_ASSET_PIPELINE.md:51,ORIGINAL_ZIP,app/src/main/java/game/sanguo/mobile/TerrainMaterialField.java; app/src/main/java/game/sanguo/mobile/TerrainMaterialLod.java; app/src/main/java/game/sanguo/mobile/TerrainSurface.java; app/src/main/java/game/sanguo/mobile/SceneMesh.java; app/src/main/java/game/sanguo/mobile/FilamentMapView.java; app/src/main/java/game/sanguo/mobile/SiteGlb.java; app/src/main/java/game/sanguo/mobile/FieldAssets.java; app/src/main/java/game/sanguo/mobile/SceneAssetQueue.java; app/src/main/java/game/sanguo/mobile/SiteVisual.java; core/src/main/java/game/sanguo/core/SiteFootprint.java; app/src/main/java/game/sanguo/mobile/Vegetation.java; app/src/main/java/game/sanguo/mobile/LandscapeProfile.java; app/src/main/java/game/sanguo/mobile/UnitVisual.java; app/src/main/java/game/sanguo/mobile/UnitMotion.java; app/src/main/java/game/sanguo/mobile/UnitAnimation.java; app/src/main/java/game/sanguo/mobile/UnitLod.java,bash scripts/test-architecture.sh; python3 scripts/check-native-protected-assets.py,17bd3376508499f2681d3e296939452383506a1e,98edd7f758d41b89826d03e6fd1be3366bbea173d679a58bdd5f157b8e9479f4,该行以注明的host/source/CI为证；设备专项见runtime-cases.json,NOT_RUN,EVIDENCE,当前轮只把明确原始日志范围作为支持证据；该复合契约完整验收未执行，不继承旧PASS或历史设备结果。,evidence/host/logs/test-architecture.log; evidence/host/logs/check-native-protected-assets-fetched.log; docs/native-pc-visual/evidence/firebase-20260928/SOURCE-REVIEW.md
X05.L055,GLOBAL,优先用屏幕占比和场景总预算定资源，而不是单模型一味精细。R06 建立清单，R16 用实际设备调节并解释。,05_ASSET_PIPELINE.md:55,ORIGINAL_ZIP,app/src/main/java/game/sanguo/mobile/TerrainMaterialField.java; app/src/main/java/game/sanguo/mobile/TerrainMaterialLod.java; app/src/main/java/game/sanguo/mobile/TerrainSurface.java; app/src/main/java/game/sanguo/mobile/SceneMesh.java; app/src/main/java/game/sanguo/mobile/FilamentMapView.java; app/src/main/java/game/sanguo/mobile/SiteGlb.java; app/src/main/java/game/sanguo/mobile/FieldAssets.java; app/src/main/java/game/sanguo/mobile/SceneAssetQueue.java; app/src/main/java/game/sanguo/mobile/SiteVisual.java; core/src/main/java/game/sanguo/core/SiteFootprint.java; app/src/main/java/game/sanguo/mobile/Vegetation.java; app/src/main/java/game/sanguo/mobile/LandscapeProfile.java; app/src/main/java/game/sanguo/mobile/UnitVisual.java; app/src/main/java/game/sanguo/mobile/UnitMotion.java; app/src/main/java/game/sanguo/mobile/UnitAnimation.java; app/src/main/java/game/sanguo/mobile/UnitLod.java,bash scripts/test-architecture.sh; python3 scripts/check-native-protected-assets.py,17bd3376508499f2681d3e296939452383506a1e,98edd7f758d41b89826d03e6fd1be3366bbea173d679a58bdd5f157b8e9479f4,该行以注明的host/source/CI为证；设备专项见runtime-cases.json,NOT_RUN,EVIDENCE,当前轮只把明确原始日志范围作为支持证据；该复合契约完整验收未执行，不继承旧PASS或历史设备结果。,evidence/host/logs/test-architecture.log; evidence/host/logs/check-native-protected-assets-fetched.log; docs/native-pc-visual/evidence/firebase-20260928/SOURCE-REVIEW.md
X05.L057,GLOBAL,- 代表性城池 LOD0 起始目标不超过 15k 三角形；LOD1 约 30%–50%，LOD2 约 5%–15%；少量焦点城市可例外但必须有预算依据。,05_ASSET_PIPELINE.md:57,ORIGINAL_ZIP,app/src/main/java/game/sanguo/mobile/TerrainMaterialField.java; app/src/main/java/game/sanguo/mobile/TerrainMaterialLod.java; app/src/main/java/game/sanguo/mobile/TerrainSurface.java; app/src/main/java/game/sanguo/mobile/SceneMesh.java; app/src/main/java/game/sanguo/mobile/FilamentMapView.java; app/src/main/java/game/sanguo/mobile/SiteGlb.java; app/src/main/java/game/sanguo/mobile/FieldAssets.java; app/src/main/java/game/sanguo/mobile/SceneAssetQueue.java; app/src/main/java/game/sanguo/mobile/SiteVisual.java; core/src/main/java/game/sanguo/core/SiteFootprint.java; app/src/main/java/game/sanguo/mobile/Vegetation.java; app/src/main/java/game/sanguo/mobile/LandscapeProfile.java; app/src/main/java/game/sanguo/mobile/UnitVisual.java; app/src/main/java/game/sanguo/mobile/UnitMotion.java; app/src/main/java/game/sanguo/mobile/UnitAnimation.java; app/src/main/java/game/sanguo/mobile/UnitLod.java,bash scripts/test-architecture.sh; python3 scripts/check-native-protected-assets.py,17bd3376508499f2681d3e296939452383506a1e,98edd7f758d41b89826d03e6fd1be3366bbea173d679a58bdd5f157b8e9479f4,该行以注明的host/source/CI为证；设备专项见runtime-cases.json,NOT_RUN,EVIDENCE,当前轮只把明确原始日志范围作为支持证据；该复合契约完整验收未执行，不继承旧PASS或历史设备结果。,evidence/host/logs/test-architecture.log; evidence/host/logs/check-native-protected-assets-fetched.log; docs/native-pc-visual/evidence/firebase-20260928/SOURCE-REVIEW.md
X05.L058,GLOBAL,- 每个静态资产族优先 1–3 个实际渲染 primitive；不能只看文件数量声称 draw call 少。,05_ASSET_PIPELINE.md:58,ORIGINAL_ZIP,app/src/main/java/game/sanguo/mobile/TerrainMaterialField.java; app/src/main/java/game/sanguo/mobile/TerrainMaterialLod.java; app/src/main/java/game/sanguo/mobile/TerrainSurface.java; app/src/main/java/game/sanguo/mobile/SceneMesh.java; app/src/main/java/game/sanguo/mobile/FilamentMapView.java; app/src/main/java/game/sanguo/mobile/SiteGlb.java; app/src/main/java/game/sanguo/mobile/FieldAssets.java; app/src/main/java/game/sanguo/mobile/SceneAssetQueue.java; app/src/main/java/game/sanguo/mobile/SiteVisual.java; core/src/main/java/game/sanguo/core/SiteFootprint.java; app/src/main/java/game/sanguo/mobile/Vegetation.java; app/src/main/java/game/sanguo/mobile/LandscapeProfile.java; app/src/main/java/game/sanguo/mobile/UnitVisual.java; app/src/main/java/game/sanguo/mobile/UnitMotion.java; app/src/main/java/game/sanguo/mobile/UnitAnimation.java; app/src/main/java/game/sanguo/mobile/UnitLod.java,bash scripts/test-architecture.sh; python3 scripts/check-native-protected-assets.py,17bd3376508499f2681d3e296939452383506a1e,98edd7f758d41b89826d03e6fd1be3366bbea173d679a58bdd5f157b8e9479f4,该行以注明的host/source/CI为证；设备专项见runtime-cases.json,NOT_RUN,EVIDENCE,当前轮只把明确原始日志范围作为支持证据；该复合契约完整验收未执行，不继承旧PASS或历史设备结果。,evidence/host/logs/test-architecture.log; evidence/host/logs/check-native-protected-assets-fetched.log; docs/native-pc-visual/evidence/firebase-20260928/SOURCE-REVIEW.md
X05.L059,GLOBAL,- 常规树族采用数百三角形量级起步、集群/远景代理；实际透明过绘比三角形更值得监控。,05_ASSET_PIPELINE.md:59,ORIGINAL_ZIP,app/src/main/java/game/sanguo/mobile/TerrainMaterialField.java; app/src/main/java/game/sanguo/mobile/TerrainMaterialLod.java; app/src/main/java/game/sanguo/mobile/TerrainSurface.java; app/src/main/java/game/sanguo/mobile/SceneMesh.java; app/src/main/java/game/sanguo/mobile/FilamentMapView.java; app/src/main/java/game/sanguo/mobile/SiteGlb.java; app/src/main/java/game/sanguo/mobile/FieldAssets.java; app/src/main/java/game/sanguo/mobile/SceneAssetQueue.java; app/src/main/java/game/sanguo/mobile/SiteVisual.java; core/src/main/java/game/sanguo/core/SiteFootprint.java; app/src/main/java/game/sanguo/mobile/Vegetation.java; app/src/main/java/game/sanguo/mobile/LandscapeProfile.java; app/src/main/java/game/sanguo/mobile/UnitVisual.java; app/src/main/java/game/sanguo/mobile/UnitMotion.java; app/src/main/java/game/sanguo/mobile/UnitAnimation.java; app/src/main/java/game/sanguo/mobile/UnitLod.java,bash scripts/test-architecture.sh; python3 scripts/check-native-protected-assets.py,17bd3376508499f2681d3e296939452383506a1e,98edd7f758d41b89826d03e6fd1be3366bbea173d679a58bdd5f157b8e9479f4,该行以注明的host/source/CI为证；设备专项见runtime-cases.json,NOT_RUN,EVIDENCE,当前轮只把明确原始日志范围作为支持证据；该复合契约完整验收未执行，不继承旧PASS或历史设备结果。,evidence/host/logs/test-architecture.log; evidence/host/logs/check-native-protected-assets-fetched.log; docs/native-pc-visual/evidence/firebase-20260928/SOURCE-REVIEW.md
X05.L060,GLOBAL,- 贴图 512–1024 起步；英雄资产必要时 2048，必须有 mip、合理压缩/回退。ETC2 为 GLES3 基线可用格式；ASTC 只能在检测支持后用。,05_ASSET_PIPELINE.md:60,ORIGINAL_ZIP,app/src/main/java/game/sanguo/mobile/TerrainMaterialField.java; app/src/main/java/game/sanguo/mobile/TerrainMaterialLod.java; app/src/main/java/game/sanguo/mobile/TerrainSurface.java; app/src/main/java/game/sanguo/mobile/SceneMesh.java; app/src/main/java/game/sanguo/mobile/FilamentMapView.java; app/src/main/java/game/sanguo/mobile/SiteGlb.java; app/src/main/java/game/sanguo/mobile/FieldAssets.java; app/src/main/java/game/sanguo/mobile/SceneAssetQueue.java; app/src/main/java/game/sanguo/mobile/SiteVisual.java; core/src/main/java/game/sanguo/core/SiteFootprint.java; app/src/main/java/game/sanguo/mobile/Vegetation.java; app/src/main/java/game/sanguo/mobile/LandscapeProfile.java; app/src/main/java/game/sanguo/mobile/UnitVisual.java; app/src/main/java/game/sanguo/mobile/UnitMotion.java; app/src/main/java/game/sanguo/mobile/UnitAnimation.java; app/src/main/java/game/sanguo/mobile/UnitLod.java,bash scripts/test-architecture.sh; python3 scripts/check-native-protected-assets.py,17bd3376508499f2681d3e296939452383506a1e,98edd7f758d41b89826d03e6fd1be3366bbea173d679a58bdd5f157b8e9479f4,该行以注明的host/source/CI为证；设备专项见runtime-cases.json,NOT_RUN,EVIDENCE,当前轮只把明确原始日志范围作为支持证据；该复合契约完整验收未执行，不继承旧PASS或历史设备结果。,evidence/host/logs/test-architecture.log; evidence/host/logs/check-native-protected-assets-fetched.log; docs/native-pc-visual/evidence/firebase-20260928/SOURCE-REVIEW.md
X05.L062,GLOBAL,预算可有理由调整，但不能通过把所有城市简化成方块过性能关；必须同时过视觉门槛。,05_ASSET_PIPELINE.md:62,ORIGINAL_ZIP,app/src/main/java/game/sanguo/mobile/TerrainMaterialField.java; app/src/main/java/game/sanguo/mobile/TerrainMaterialLod.java; app/src/main/java/game/sanguo/mobile/TerrainSurface.java; app/src/main/java/game/sanguo/mobile/SceneMesh.java; app/src/main/java/game/sanguo/mobile/FilamentMapView.java; app/src/main/java/game/sanguo/mobile/SiteGlb.java; app/src/main/java/game/sanguo/mobile/FieldAssets.java; app/src/main/java/game/sanguo/mobile/SceneAssetQueue.java; app/src/main/java/game/sanguo/mobile/SiteVisual.java; core/src/main/java/game/sanguo/core/SiteFootprint.java; app/src/main/java/game/sanguo/mobile/Vegetation.java; app/src/main/java/game/sanguo/mobile/LandscapeProfile.java; app/src/main/java/game/sanguo/mobile/UnitVisual.java; app/src/main/java/game/sanguo/mobile/UnitMotion.java; app/src/main/java/game/sanguo/mobile/UnitAnimation.java; app/src/main/java/game/sanguo/mobile/UnitLod.java,bash scripts/test-architecture.sh; python3 scripts/check-native-protected-assets.py,17bd3376508499f2681d3e296939452383506a1e,98edd7f758d41b89826d03e6fd1be3366bbea173d679a58bdd5f157b8e9479f4,该行以注明的host/source/CI为证；设备专项见runtime-cases.json,NOT_RUN,EVIDENCE,当前轮只把明确原始日志范围作为支持证据；该复合契约完整验收未执行，不继承旧PASS或历史设备结果。,evidence/host/logs/test-architecture.log; evidence/host/logs/check-native-protected-assets-fetched.log; docs/native-pc-visual/evidence/firebase-20260928/SOURCE-REVIEW.md
X06.L005,GLOBAL,1. **主机契约/回归**：规则状态对等、坐标/边界、连续场、LOD 接缝、网格/水陆约束、资产校验、缓存失效、命令/播放分离。,06_TEST_AND_PERF.md:5,ORIGINAL_ZIP,app/src/main/java/game/sanguo/mobile/MapHost.java; app/src/main/java/game/sanguo/mobile/SceneRenderGate.java; app/src/main/java/game/sanguo/mobile/SceneWorkQueue.java; app/src/main/java/game/sanguo/mobile/SceneAssetQueue.java; app/src/main/java/game/sanguo/mobile/FilamentMapView.java; app/src/main/java/game/sanguo/mobile/SceneCamera.java; app/src/main/java/game/sanguo/mobile/ScenePicking.java; app/src/main/java/game/sanguo/mobile/GridWorldTransform.java; app/src/main/java/game/sanguo/mobile/MainActivity.java; app/src/main/java/game/sanguo/mobile/ScenarioFactionPicker.java; app/src/main/java/game/sanguo/mobile/presentation/MapLayerData.java; app/src/main/java/game/sanguo/mobile/MapEditorActivity.java; app/src/main/java/game/sanguo/mobile/MapLibrary.java; core/src/main/java/game/sanguo/core/MapPatch.java,bash scripts/test-architecture.sh; python3 scripts/check-native-protected-assets.py,17bd3376508499f2681d3e296939452383506a1e,98edd7f758d41b89826d03e6fd1be3366bbea173d679a58bdd5f157b8e9479f4,该行以注明的host/source/CI为证；设备专项见runtime-cases.json,NOT_RUN,EVIDENCE,当前轮只把明确原始日志范围作为支持证据；该复合契约完整验收未执行，不继承旧PASS或历史设备结果。,evidence/host/logs/test-architecture.log; evidence/host/logs/check-native-protected-assets-fetched.log; docs/native-pc-visual/evidence/firebase-20260928/SOURCE-REVIEW.md
X06.L006,GLOBAL,2. **实际 Android 构建**：app + instrumentation + lint，沿用仓库 map release 和架构边界检查。任务名先用 Gradle tasks 核实，旧 main-style 测试需真实进入执行链。,06_TEST_AND_PERF.md:6,ORIGINAL_ZIP,app/src/main/java/game/sanguo/mobile/MapHost.java; app/src/main/java/game/sanguo/mobile/SceneRenderGate.java; app/src/main/java/game/sanguo/mobile/SceneWorkQueue.java; app/src/main/java/game/sanguo/mobile/SceneAssetQueue.java; app/src/main/java/game/sanguo/mobile/FilamentMapView.java; app/src/main/java/game/sanguo/mobile/SceneCamera.java; app/src/main/java/game/sanguo/mobile/ScenePicking.java; app/src/main/java/game/sanguo/mobile/GridWorldTransform.java; app/src/main/java/game/sanguo/mobile/MainActivity.java; app/src/main/java/game/sanguo/mobile/ScenarioFactionPicker.java; app/src/main/java/game/sanguo/mobile/presentation/MapLayerData.java; app/src/main/java/game/sanguo/mobile/MapEditorActivity.java; app/src/main/java/game/sanguo/mobile/MapLibrary.java; core/src/main/java/game/sanguo/core/MapPatch.java,bash scripts/test-architecture.sh; python3 scripts/check-native-protected-assets.py,17bd3376508499f2681d3e296939452383506a1e,98edd7f758d41b89826d03e6fd1be3366bbea173d679a58bdd5f157b8e9479f4,该行以注明的host/source/CI为证；设备专项见runtime-cases.json,NOT_RUN,EVIDENCE,当前轮只把明确原始日志范围作为支持证据；该复合契约完整验收未执行，不继承旧PASS或历史设备结果。,evidence/host/logs/test-architecture.log; evidence/host/logs/check-native-protected-assets-fetched.log; docs/native-pc-visual/evidence/firebase-20260928/SOURCE-REVIEW.md
X06.L007,GLOBAL,3. **模拟器实际渲染**：明确 API、ABI、图形驱动（硬件/ANGLE/SwiftShader 等）、画质和内部尺寸，正常启动、剧本、3D Surface、手势、回合、存读档、编辑。,06_TEST_AND_PERF.md:7,ORIGINAL_ZIP,app/src/main/java/game/sanguo/mobile/MapHost.java; app/src/main/java/game/sanguo/mobile/SceneRenderGate.java; app/src/main/java/game/sanguo/mobile/SceneWorkQueue.java; app/src/main/java/game/sanguo/mobile/SceneAssetQueue.java; app/src/main/java/game/sanguo/mobile/FilamentMapView.java; app/src/main/java/game/sanguo/mobile/SceneCamera.java; app/src/main/java/game/sanguo/mobile/ScenePicking.java; app/src/main/java/game/sanguo/mobile/GridWorldTransform.java; app/src/main/java/game/sanguo/mobile/MainActivity.java; app/src/main/java/game/sanguo/mobile/ScenarioFactionPicker.java; app/src/main/java/game/sanguo/mobile/presentation/MapLayerData.java; app/src/main/java/game/sanguo/mobile/MapEditorActivity.java; app/src/main/java/game/sanguo/mobile/MapLibrary.java; core/src/main/java/game/sanguo/core/MapPatch.java,bash scripts/test-architecture.sh; python3 scripts/check-native-protected-assets.py,17bd3376508499f2681d3e296939452383506a1e,98edd7f758d41b89826d03e6fd1be3366bbea173d679a58bdd5f157b8e9479f4,该行以注明的host/source/CI为证；设备专项见runtime-cases.json,NOT_RUN,EVIDENCE,当前轮只把明确原始日志范围作为支持证据；该复合契约完整验收未执行，不继承旧PASS或历史设备结果。,evidence/host/logs/test-architecture.log; evidence/host/logs/check-native-protected-assets-fetched.log; docs/native-pc-visual/evidence/firebase-20260928/SOURCE-REVIEW.md
X06.L008,GLOBAL,4. **ARM64 真机**：至少一台明确型号做全流程和长稳；正式兼容验收目标覆盖 Adreno 与 Mali 两个实际驱动家族，做不到就标覆盖缺失。模拟器的计时不替代手机数据。,06_TEST_AND_PERF.md:8,ORIGINAL_ZIP,app/src/main/java/game/sanguo/mobile/MapHost.java; app/src/main/java/game/sanguo/mobile/SceneRenderGate.java; app/src/main/java/game/sanguo/mobile/SceneWorkQueue.java; app/src/main/java/game/sanguo/mobile/SceneAssetQueue.java; app/src/main/java/game/sanguo/mobile/FilamentMapView.java; app/src/main/java/game/sanguo/mobile/SceneCamera.java; app/src/main/java/game/sanguo/mobile/ScenePicking.java; app/src/main/java/game/sanguo/mobile/GridWorldTransform.java; app/src/main/java/game/sanguo/mobile/MainActivity.java; app/src/main/java/game/sanguo/mobile/ScenarioFactionPicker.java; app/src/main/java/game/sanguo/mobile/presentation/MapLayerData.java; app/src/main/java/game/sanguo/mobile/MapEditorActivity.java; app/src/main/java/game/sanguo/mobile/MapLibrary.java; core/src/main/java/game/sanguo/core/MapPatch.java,bash scripts/test-architecture.sh; python3 scripts/check-native-protected-assets.py,17bd3376508499f2681d3e296939452383506a1e,98edd7f758d41b89826d03e6fd1be3366bbea173d679a58bdd5f157b8e9479f4,该行以注明的host/source/CI为证；设备专项见runtime-cases.json,NOT_RUN,EVIDENCE,当前轮只把明确原始日志范围作为支持证据；该复合契约完整验收未执行，不继承旧PASS或历史设备结果。,evidence/host/logs/test-architecture.log; evidence/host/logs/check-native-protected-assets-fetched.log; docs/native-pc-visual/evidence/firebase-20260928/SOURCE-REVIEW.md
X06.L010,GLOBAL,基线比较使用同一命令、同一场景和相同配置；新失败不能与旧失败混在“总计很多错误”里。复现旧失败不等于允许引入新的错误。,06_TEST_AND_PERF.md:10,ORIGINAL_ZIP,app/src/main/java/game/sanguo/mobile/MapHost.java; app/src/main/java/game/sanguo/mobile/SceneRenderGate.java; app/src/main/java/game/sanguo/mobile/SceneWorkQueue.java; app/src/main/java/game/sanguo/mobile/SceneAssetQueue.java; app/src/main/java/game/sanguo/mobile/FilamentMapView.java; app/src/main/java/game/sanguo/mobile/SceneCamera.java; app/src/main/java/game/sanguo/mobile/ScenePicking.java; app/src/main/java/game/sanguo/mobile/GridWorldTransform.java; app/src/main/java/game/sanguo/mobile/MainActivity.java; app/src/main/java/game/sanguo/mobile/ScenarioFactionPicker.java; app/src/main/java/game/sanguo/mobile/presentation/MapLayerData.java; app/src/main/java/game/sanguo/mobile/MapEditorActivity.java; app/src/main/java/game/sanguo/mobile/MapLibrary.java; core/src/main/java/game/sanguo/core/MapPatch.java,bash scripts/test-architecture.sh; python3 scripts/check-native-protected-assets.py,17bd3376508499f2681d3e296939452383506a1e,98edd7f758d41b89826d03e6fd1be3366bbea173d679a58bdd5f157b8e9479f4,该行以注明的host/source/CI为证；设备专项见runtime-cases.json,NOT_RUN,EVIDENCE,当前轮只把明确原始日志范围作为支持证据；该复合契约完整验收未执行，不继承旧PASS或历史设备结果。,evidence/host/logs/test-architecture.log; evidence/host/logs/check-native-protected-assets-fetched.log; docs/native-pc-visual/evidence/firebase-20260928/SOURCE-REVIEW.md
X06.L014,GLOBAL,同一场景/存档及固定命令序列，在 2D/3D/关闭动画/跳过动画下比较权威状态。根据既有 SaveCodec 或规范化投影计算哈希，含规则 RNG，不包括相机与纯视觉配置。,06_TEST_AND_PERF.md:14,ORIGINAL_ZIP,app/src/main/java/game/sanguo/mobile/MapHost.java; app/src/main/java/game/sanguo/mobile/SceneRenderGate.java; app/src/main/java/game/sanguo/mobile/SceneWorkQueue.java; app/src/main/java/game/sanguo/mobile/SceneAssetQueue.java; app/src/main/java/game/sanguo/mobile/FilamentMapView.java; app/src/main/java/game/sanguo/mobile/SceneCamera.java; app/src/main/java/game/sanguo/mobile/ScenePicking.java; app/src/main/java/game/sanguo/mobile/GridWorldTransform.java; app/src/main/java/game/sanguo/mobile/MainActivity.java; app/src/main/java/game/sanguo/mobile/ScenarioFactionPicker.java; app/src/main/java/game/sanguo/mobile/presentation/MapLayerData.java; app/src/main/java/game/sanguo/mobile/MapEditorActivity.java; app/src/main/java/game/sanguo/mobile/MapLibrary.java; core/src/main/java/game/sanguo/core/MapPatch.java,bash scripts/test-architecture.sh; python3 scripts/check-native-protected-assets.py,17bd3376508499f2681d3e296939452383506a1e,98edd7f758d41b89826d03e6fd1be3366bbea173d679a58bdd5f157b8e9479f4,该行以注明的host/source/CI为证；设备专项见runtime-cases.json,NOT_RUN,EVIDENCE,当前轮只把明确原始日志范围作为支持证据；该复合契约完整验收未执行，不继承旧PASS或历史设备结果。,evidence/host/logs/test-architecture.log; evidence/host/logs/check-native-protected-assets-fetched.log; docs/native-pc-visual/evidence/firebase-20260928/SOURCE-REVIEW.md
X06.L016,GLOBAL,必含：新剧本与自定义剧本、七格城市六向出入、港口上下水、关卡瓶颈、出征/自动行军/攻击、攻陷进驻、军团、征兵/巡察/生产、下一旬、战报、势力/武将列表、地图/武将编辑及导入导出、普通/旧版/自定义存档。,06_TEST_AND_PERF.md:16,ORIGINAL_ZIP,app/src/main/java/game/sanguo/mobile/MapHost.java; app/src/main/java/game/sanguo/mobile/SceneRenderGate.java; app/src/main/java/game/sanguo/mobile/SceneWorkQueue.java; app/src/main/java/game/sanguo/mobile/SceneAssetQueue.java; app/src/main/java/game/sanguo/mobile/FilamentMapView.java; app/src/main/java/game/sanguo/mobile/SceneCamera.java; app/src/main/java/game/sanguo/mobile/ScenePicking.java; app/src/main/java/game/sanguo/mobile/GridWorldTransform.java; app/src/main/java/game/sanguo/mobile/MainActivity.java; app/src/main/java/game/sanguo/mobile/ScenarioFactionPicker.java; app/src/main/java/game/sanguo/mobile/presentation/MapLayerData.java; app/src/main/java/game/sanguo/mobile/MapEditorActivity.java; app/src/main/java/game/sanguo/mobile/MapLibrary.java; core/src/main/java/game/sanguo/core/MapPatch.java,bash scripts/test-architecture.sh; python3 scripts/check-native-protected-assets.py,17bd3376508499f2681d3e296939452383506a1e,98edd7f758d41b89826d03e6fd1be3366bbea173d679a58bdd5f157b8e9479f4,该行以注明的host/source/CI为证；设备专项见runtime-cases.json,NOT_RUN,EVIDENCE,当前轮只把明确原始日志范围作为支持证据；该复合契约完整验收未执行，不继承旧PASS或历史设备结果。,evidence/host/logs/test-architecture.log; evidence/host/logs/check-native-protected-assets-fetched.log; docs/native-pc-visual/evidence/firebase-20260928/SOURCE-REVIEW.md
X06.L018,GLOBAL,渲染开关、低帧率、动画倍速、暂停/跳过、Activity 重建与 Surface 重建不得改变权威结果，也不能多发一次攻击/征兵。,06_TEST_AND_PERF.md:18,ORIGINAL_ZIP,app/src/main/java/game/sanguo/mobile/MapHost.java; app/src/main/java/game/sanguo/mobile/SceneRenderGate.java; app/src/main/java/game/sanguo/mobile/SceneWorkQueue.java; app/src/main/java/game/sanguo/mobile/SceneAssetQueue.java; app/src/main/java/game/sanguo/mobile/FilamentMapView.java; app/src/main/java/game/sanguo/mobile/SceneCamera.java; app/src/main/java/game/sanguo/mobile/ScenePicking.java; app/src/main/java/game/sanguo/mobile/GridWorldTransform.java; app/src/main/java/game/sanguo/mobile/MainActivity.java; app/src/main/java/game/sanguo/mobile/ScenarioFactionPicker.java; app/src/main/java/game/sanguo/mobile/presentation/MapLayerData.java; app/src/main/java/game/sanguo/mobile/MapEditorActivity.java; app/src/main/java/game/sanguo/mobile/MapLibrary.java; core/src/main/java/game/sanguo/core/MapPatch.java,bash scripts/test-architecture.sh; python3 scripts/check-native-protected-assets.py,17bd3376508499f2681d3e296939452383506a1e,98edd7f758d41b89826d03e6fd1be3366bbea173d679a58bdd5f157b8e9479f4,该行以注明的host/source/CI为证；设备专项见runtime-cases.json,NOT_RUN,EVIDENCE,当前轮只把明确原始日志范围作为支持证据；该复合契约完整验收未执行，不继承旧PASS或历史设备结果。,evidence/host/logs/test-architecture.log; evidence/host/logs/check-native-protected-assets-fetched.log; docs/native-pc-visual/evidence/firebase-20260928/SOURCE-REVIEW.md
X06.L022,GLOBAL,每个代表区固定 seed、相机、时刻、季节、画质，采样 mesh 和真实帧。自动查 NaN、无效索引、边界裂缝、水陆违规、缺资源、帧输出长时间纯背景、内存/资源句柄趋势。,06_TEST_AND_PERF.md:22,ORIGINAL_ZIP,app/src/main/java/game/sanguo/mobile/MapHost.java; app/src/main/java/game/sanguo/mobile/SceneRenderGate.java; app/src/main/java/game/sanguo/mobile/SceneWorkQueue.java; app/src/main/java/game/sanguo/mobile/SceneAssetQueue.java; app/src/main/java/game/sanguo/mobile/FilamentMapView.java; app/src/main/java/game/sanguo/mobile/SceneCamera.java; app/src/main/java/game/sanguo/mobile/ScenePicking.java; app/src/main/java/game/sanguo/mobile/GridWorldTransform.java; app/src/main/java/game/sanguo/mobile/MainActivity.java; app/src/main/java/game/sanguo/mobile/ScenarioFactionPicker.java; app/src/main/java/game/sanguo/mobile/presentation/MapLayerData.java; app/src/main/java/game/sanguo/mobile/MapEditorActivity.java; app/src/main/java/game/sanguo/mobile/MapLibrary.java; core/src/main/java/game/sanguo/core/MapPatch.java,bash scripts/test-architecture.sh; python3 scripts/check-native-protected-assets.py,17bd3376508499f2681d3e296939452383506a1e,98edd7f758d41b89826d03e6fd1be3366bbea173d679a58bdd5f157b8e9479f4,该行以注明的host/source/CI为证；设备专项见runtime-cases.json,NOT_RUN,EVIDENCE,当前轮只把明确原始日志范围作为支持证据；该复合契约完整验收未执行，不继承旧PASS或历史设备结果。,evidence/host/logs/test-architecture.log; evidence/host/logs/check-native-protected-assets-fetched.log; docs/native-pc-visual/evidence/firebase-20260928/SOURCE-REVIEW.md
X06.L024,GLOBAL,先确保图像是实际 render surface：SurfaceView 截图可按设备能力使用屏幕 capture/PixelCopy/引擎回读，必须等待实际完成。正常 UI 截图没有捕获 Surface 时不能用它判 3D 成功。,06_TEST_AND_PERF.md:24,ORIGINAL_ZIP,app/src/main/java/game/sanguo/mobile/MapHost.java; app/src/main/java/game/sanguo/mobile/SceneRenderGate.java; app/src/main/java/game/sanguo/mobile/SceneWorkQueue.java; app/src/main/java/game/sanguo/mobile/SceneAssetQueue.java; app/src/main/java/game/sanguo/mobile/FilamentMapView.java; app/src/main/java/game/sanguo/mobile/SceneCamera.java; app/src/main/java/game/sanguo/mobile/ScenePicking.java; app/src/main/java/game/sanguo/mobile/GridWorldTransform.java; app/src/main/java/game/sanguo/mobile/MainActivity.java; app/src/main/java/game/sanguo/mobile/ScenarioFactionPicker.java; app/src/main/java/game/sanguo/mobile/presentation/MapLayerData.java; app/src/main/java/game/sanguo/mobile/MapEditorActivity.java; app/src/main/java/game/sanguo/mobile/MapLibrary.java; core/src/main/java/game/sanguo/core/MapPatch.java,bash scripts/test-architecture.sh; python3 scripts/check-native-protected-assets.py,17bd3376508499f2681d3e296939452383506a1e,98edd7f758d41b89826d03e6fd1be3366bbea173d679a58bdd5f157b8e9479f4,该行以注明的host/source/CI为证；设备专项见runtime-cases.json,NOT_RUN,EVIDENCE,当前轮只把明确原始日志范围作为支持证据；该复合契约完整验收未执行，不继承旧PASS或历史设备结果。,evidence/host/logs/test-architecture.log; evidence/host/logs/check-native-protected-assets-fetched.log; docs/native-pc-visual/evidence/firebase-20260928/SOURCE-REVIEW.md
X06.L026,GLOBAL,SSIM 等允许辅助，但不得把 GPU 不同导致的像素差简单当回归，也不得把色彩变化误当质量提升。保留人工目视结论、图号与缺陷记录。,06_TEST_AND_PERF.md:26,ORIGINAL_ZIP,app/src/main/java/game/sanguo/mobile/MapHost.java; app/src/main/java/game/sanguo/mobile/SceneRenderGate.java; app/src/main/java/game/sanguo/mobile/SceneWorkQueue.java; app/src/main/java/game/sanguo/mobile/SceneAssetQueue.java; app/src/main/java/game/sanguo/mobile/FilamentMapView.java; app/src/main/java/game/sanguo/mobile/SceneCamera.java; app/src/main/java/game/sanguo/mobile/ScenePicking.java; app/src/main/java/game/sanguo/mobile/GridWorldTransform.java; app/src/main/java/game/sanguo/mobile/MainActivity.java; app/src/main/java/game/sanguo/mobile/ScenarioFactionPicker.java; app/src/main/java/game/sanguo/mobile/presentation/MapLayerData.java; app/src/main/java/game/sanguo/mobile/MapEditorActivity.java; app/src/main/java/game/sanguo/mobile/MapLibrary.java; core/src/main/java/game/sanguo/core/MapPatch.java,bash scripts/test-architecture.sh; python3 scripts/check-native-protected-assets.py,17bd3376508499f2681d3e296939452383506a1e,98edd7f758d41b89826d03e6fd1be3366bbea173d679a58bdd5f157b8e9479f4,该行以注明的host/source/CI为证；设备专项见runtime-cases.json,NOT_RUN,EVIDENCE,当前轮只把明确原始日志范围作为支持证据；该复合契约完整验收未执行，不继承旧PASS或历史设备结果。,evidence/host/logs/test-architecture.log; evidence/host/logs/check-native-protected-assets-fetched.log; docs/native-pc-visual/evidence/firebase-20260928/SOURCE-REVIEW.md
X06.L030,GLOBAL,应用前后台 20 次、2D/3D 切换 20 次、支持的方向/布局变化、低内存回调、读档/换剧本/编辑导入、用户退出重进、进程被系统杀后恢复。测试只有一条帧循环、Surface/engine 不泄漏、旧 worker 不回灌。,06_TEST_AND_PERF.md:30,ORIGINAL_ZIP,app/src/main/java/game/sanguo/mobile/MapHost.java; app/src/main/java/game/sanguo/mobile/SceneRenderGate.java; app/src/main/java/game/sanguo/mobile/SceneWorkQueue.java; app/src/main/java/game/sanguo/mobile/SceneAssetQueue.java; app/src/main/java/game/sanguo/mobile/FilamentMapView.java; app/src/main/java/game/sanguo/mobile/SceneCamera.java; app/src/main/java/game/sanguo/mobile/ScenePicking.java; app/src/main/java/game/sanguo/mobile/GridWorldTransform.java; app/src/main/java/game/sanguo/mobile/MainActivity.java; app/src/main/java/game/sanguo/mobile/ScenarioFactionPicker.java; app/src/main/java/game/sanguo/mobile/presentation/MapLayerData.java; app/src/main/java/game/sanguo/mobile/MapEditorActivity.java; app/src/main/java/game/sanguo/mobile/MapLibrary.java; core/src/main/java/game/sanguo/core/MapPatch.java,bash scripts/test-architecture.sh; python3 scripts/check-native-protected-assets.py,17bd3376508499f2681d3e296939452383506a1e,98edd7f758d41b89826d03e6fd1be3366bbea173d679a58bdd5f157b8e9479f4,该行以注明的host/source/CI为证；设备专项见runtime-cases.json,NOT_RUN,EVIDENCE,当前轮只把明确原始日志范围作为支持证据；该复合契约完整验收未执行，不继承旧PASS或历史设备结果。,evidence/host/logs/test-architecture.log; evidence/host/logs/check-native-protected-assets-fetched.log; docs/native-pc-visual/evidence/firebase-20260928/SOURCE-REVIEW.md
X06.L032,GLOBAL,资源缺失/损坏、着色器不兼容、上传失败、能力不足的降级必须能退回可玩界面。native abort 不能靠 Java try/catch 保证恢复；使用下次启动保护、持久化健康标记和诊断，不能反复启动崩溃循环。,06_TEST_AND_PERF.md:32,ORIGINAL_ZIP,app/src/main/java/game/sanguo/mobile/MapHost.java; app/src/main/java/game/sanguo/mobile/SceneRenderGate.java; app/src/main/java/game/sanguo/mobile/SceneWorkQueue.java; app/src/main/java/game/sanguo/mobile/SceneAssetQueue.java; app/src/main/java/game/sanguo/mobile/FilamentMapView.java; app/src/main/java/game/sanguo/mobile/SceneCamera.java; app/src/main/java/game/sanguo/mobile/ScenePicking.java; app/src/main/java/game/sanguo/mobile/GridWorldTransform.java; app/src/main/java/game/sanguo/mobile/MainActivity.java; app/src/main/java/game/sanguo/mobile/ScenarioFactionPicker.java; app/src/main/java/game/sanguo/mobile/presentation/MapLayerData.java; app/src/main/java/game/sanguo/mobile/MapEditorActivity.java; app/src/main/java/game/sanguo/mobile/MapLibrary.java; core/src/main/java/game/sanguo/core/MapPatch.java,bash scripts/test-architecture.sh; python3 scripts/check-native-protected-assets.py,17bd3376508499f2681d3e296939452383506a1e,98edd7f758d41b89826d03e6fd1be3366bbea173d679a58bdd5f157b8e9479f4,该行以注明的host/source/CI为证；设备专项见runtime-cases.json,NOT_RUN,EVIDENCE,当前轮只把明确原始日志范围作为支持证据；该复合契约完整验收未执行，不继承旧PASS或历史设备结果。,evidence/host/logs/test-architecture.log; evidence/host/logs/check-native-protected-assets-fetched.log; docs/native-pc-visual/evidence/firebase-20260928/SOURCE-REVIEW.md
X06.L036,GLOBAL,这些是设计目标，**不是当前游戏实测，也不是所有手机保证**。R00 记录基线；R16 根据可用目标机、API 和驱动冻结正式测试条件；任何预算调整必须保留旧目标和原因。,06_TEST_AND_PERF.md:36,ORIGINAL_ZIP,app/src/main/java/game/sanguo/mobile/MapHost.java; app/src/main/java/game/sanguo/mobile/SceneRenderGate.java; app/src/main/java/game/sanguo/mobile/SceneWorkQueue.java; app/src/main/java/game/sanguo/mobile/SceneAssetQueue.java; app/src/main/java/game/sanguo/mobile/FilamentMapView.java; app/src/main/java/game/sanguo/mobile/SceneCamera.java; app/src/main/java/game/sanguo/mobile/ScenePicking.java; app/src/main/java/game/sanguo/mobile/GridWorldTransform.java; app/src/main/java/game/sanguo/mobile/MainActivity.java; app/src/main/java/game/sanguo/mobile/ScenarioFactionPicker.java; app/src/main/java/game/sanguo/mobile/presentation/MapLayerData.java; app/src/main/java/game/sanguo/mobile/MapEditorActivity.java; app/src/main/java/game/sanguo/mobile/MapLibrary.java; core/src/main/java/game/sanguo/core/MapPatch.java,bash scripts/test-architecture.sh; python3 scripts/check-native-protected-assets.py,17bd3376508499f2681d3e296939452383506a1e,98edd7f758d41b89826d03e6fd1be3366bbea173d679a58bdd5f157b8e9479f4,该行以注明的host/source/CI为证；设备专项见runtime-cases.json,NOT_RUN,EVIDENCE,当前轮只把明确原始日志范围作为支持证据；该复合契约完整验收未执行，不继承旧PASS或历史设备结果。,evidence/host/logs/test-architecture.log; evidence/host/logs/check-native-protected-assets-fetched.log; docs/native-pc-visual/evidence/firebase-20260928/SOURCE-REVIEW.md
X06.L040,GLOBAL,| 标准档 | 30 fps 节奏，真实呈现间隔 p95 ≤ 40 ms，p99 ≤ 67 ms；正式地图正常操作 |,06_TEST_AND_PERF.md:40,ORIGINAL_ZIP,app/src/main/java/game/sanguo/mobile/MapHost.java; app/src/main/java/game/sanguo/mobile/SceneRenderGate.java; app/src/main/java/game/sanguo/mobile/SceneWorkQueue.java; app/src/main/java/game/sanguo/mobile/SceneAssetQueue.java; app/src/main/java/game/sanguo/mobile/FilamentMapView.java; app/src/main/java/game/sanguo/mobile/SceneCamera.java; app/src/main/java/game/sanguo/mobile/ScenePicking.java; app/src/main/java/game/sanguo/mobile/GridWorldTransform.java; app/src/main/java/game/sanguo/mobile/MainActivity.java; app/src/main/java/game/sanguo/mobile/ScenarioFactionPicker.java; app/src/main/java/game/sanguo/mobile/presentation/MapLayerData.java; app/src/main/java/game/sanguo/mobile/MapEditorActivity.java; app/src/main/java/game/sanguo/mobile/MapLibrary.java; core/src/main/java/game/sanguo/core/MapPatch.java,bash scripts/test-architecture.sh; python3 scripts/check-native-protected-assets.py,17bd3376508499f2681d3e296939452383506a1e,98edd7f758d41b89826d03e6fd1be3366bbea173d679a58bdd5f157b8e9479f4,该行以注明的host/source/CI为证；设备专项见runtime-cases.json,NOT_RUN,EVIDENCE,当前轮只把明确原始日志范围作为支持证据；该复合契约完整验收未执行，不继承旧PASS或历史设备结果。,evidence/host/logs/test-architecture.log; evidence/host/logs/check-native-protected-assets-fetched.log; docs/native-pc-visual/evidence/firebase-20260928/SOURCE-REVIEW.md
X06.L041,GLOBAL,| 高档 | 60 fps 作为选配目标，不保证所有机型；不得牺牲正常档可读性 |,06_TEST_AND_PERF.md:41,ORIGINAL_ZIP,app/src/main/java/game/sanguo/mobile/MapHost.java; app/src/main/java/game/sanguo/mobile/SceneRenderGate.java; app/src/main/java/game/sanguo/mobile/SceneWorkQueue.java; app/src/main/java/game/sanguo/mobile/SceneAssetQueue.java; app/src/main/java/game/sanguo/mobile/FilamentMapView.java; app/src/main/java/game/sanguo/mobile/SceneCamera.java; app/src/main/java/game/sanguo/mobile/ScenePicking.java; app/src/main/java/game/sanguo/mobile/GridWorldTransform.java; app/src/main/java/game/sanguo/mobile/MainActivity.java; app/src/main/java/game/sanguo/mobile/ScenarioFactionPicker.java; app/src/main/java/game/sanguo/mobile/presentation/MapLayerData.java; app/src/main/java/game/sanguo/mobile/MapEditorActivity.java; app/src/main/java/game/sanguo/mobile/MapLibrary.java; core/src/main/java/game/sanguo/core/MapPatch.java,bash scripts/test-architecture.sh; python3 scripts/check-native-protected-assets.py,17bd3376508499f2681d3e296939452383506a1e,98edd7f758d41b89826d03e6fd1be3366bbea173d679a58bdd5f157b8e9479f4,该行以注明的host/source/CI为证；设备专项见runtime-cases.json,NOT_RUN,EVIDENCE,当前轮只把明确原始日志范围作为支持证据；该复合契约完整验收未执行，不继承旧PASS或历史设备结果。,evidence/host/logs/test-architecture.log; evidence/host/logs/check-native-protected-assets-fetched.log; docs/native-pc-visual/evidence/firebase-20260928/SOURCE-REVIEW.md
X06.L042,GLOBAL,| 卡顿 | 稳定巡航排除加载后，不出现可复现的 >200 ms UI/呈现停顿 |,06_TEST_AND_PERF.md:42,ORIGINAL_ZIP,app/src/main/java/game/sanguo/mobile/MapHost.java; app/src/main/java/game/sanguo/mobile/SceneRenderGate.java; app/src/main/java/game/sanguo/mobile/SceneWorkQueue.java; app/src/main/java/game/sanguo/mobile/SceneAssetQueue.java; app/src/main/java/game/sanguo/mobile/FilamentMapView.java; app/src/main/java/game/sanguo/mobile/SceneCamera.java; app/src/main/java/game/sanguo/mobile/ScenePicking.java; app/src/main/java/game/sanguo/mobile/GridWorldTransform.java; app/src/main/java/game/sanguo/mobile/MainActivity.java; app/src/main/java/game/sanguo/mobile/ScenarioFactionPicker.java; app/src/main/java/game/sanguo/mobile/presentation/MapLayerData.java; app/src/main/java/game/sanguo/mobile/MapEditorActivity.java; app/src/main/java/game/sanguo/mobile/MapLibrary.java; core/src/main/java/game/sanguo/core/MapPatch.java,bash scripts/test-architecture.sh; python3 scripts/check-native-protected-assets.py,17bd3376508499f2681d3e296939452383506a1e,98edd7f758d41b89826d03e6fd1be3366bbea173d679a58bdd5f157b8e9479f4,该行以注明的host/source/CI为证；设备专项见runtime-cases.json,NOT_RUN,EVIDENCE,当前轮只把明确原始日志范围作为支持证据；该复合契约完整验收未执行，不继承旧PASS或历史设备结果。,evidence/host/logs/test-architecture.log; evidence/host/logs/check-native-protected-assets-fetched.log; docs/native-pc-visual/evidence/firebase-20260928/SOURCE-REVIEW.md
X06.L043,GLOBAL,| CPU 资源生成 | 不占主线程，增量/有界队列；渲染每帧上传起始预算 ≤ 2 ms，实测调整 |,06_TEST_AND_PERF.md:43,ORIGINAL_ZIP,app/src/main/java/game/sanguo/mobile/MapHost.java; app/src/main/java/game/sanguo/mobile/SceneRenderGate.java; app/src/main/java/game/sanguo/mobile/SceneWorkQueue.java; app/src/main/java/game/sanguo/mobile/SceneAssetQueue.java; app/src/main/java/game/sanguo/mobile/FilamentMapView.java; app/src/main/java/game/sanguo/mobile/SceneCamera.java; app/src/main/java/game/sanguo/mobile/ScenePicking.java; app/src/main/java/game/sanguo/mobile/GridWorldTransform.java; app/src/main/java/game/sanguo/mobile/MainActivity.java; app/src/main/java/game/sanguo/mobile/ScenarioFactionPicker.java; app/src/main/java/game/sanguo/mobile/presentation/MapLayerData.java; app/src/main/java/game/sanguo/mobile/MapEditorActivity.java; app/src/main/java/game/sanguo/mobile/MapLibrary.java; core/src/main/java/game/sanguo/core/MapPatch.java,bash scripts/test-architecture.sh; python3 scripts/check-native-protected-assets.py,17bd3376508499f2681d3e296939452383506a1e,98edd7f758d41b89826d03e6fd1be3366bbea173d679a58bdd5f157b8e9479f4,该行以注明的host/source/CI为证；设备专项见runtime-cases.json,NOT_RUN,EVIDENCE,当前轮只把明确原始日志范围作为支持证据；该复合契约完整验收未执行，不继承旧PASS或历史设备结果。,evidence/host/logs/test-architecture.log; evidence/host/logs/check-native-protected-assets-fetched.log; docs/native-pc-visual/evidence/firebase-20260928/SOURCE-REVIEW.md
X06.L044,GLOBAL,| 进程峰值 | 标准档目标 PSS ≤ 384 MiB；同时报告 Java/native/GPU 估计口径，不相互冒充 |,06_TEST_AND_PERF.md:44,ORIGINAL_ZIP,app/src/main/java/game/sanguo/mobile/MapHost.java; app/src/main/java/game/sanguo/mobile/SceneRenderGate.java; app/src/main/java/game/sanguo/mobile/SceneWorkQueue.java; app/src/main/java/game/sanguo/mobile/SceneAssetQueue.java; app/src/main/java/game/sanguo/mobile/FilamentMapView.java; app/src/main/java/game/sanguo/mobile/SceneCamera.java; app/src/main/java/game/sanguo/mobile/ScenePicking.java; app/src/main/java/game/sanguo/mobile/GridWorldTransform.java; app/src/main/java/game/sanguo/mobile/MainActivity.java; app/src/main/java/game/sanguo/mobile/ScenarioFactionPicker.java; app/src/main/java/game/sanguo/mobile/presentation/MapLayerData.java; app/src/main/java/game/sanguo/mobile/MapEditorActivity.java; app/src/main/java/game/sanguo/mobile/MapLibrary.java; core/src/main/java/game/sanguo/core/MapPatch.java,bash scripts/test-architecture.sh; python3 scripts/check-native-protected-assets.py,17bd3376508499f2681d3e296939452383506a1e,98edd7f758d41b89826d03e6fd1be3366bbea173d679a58bdd5f157b8e9479f4,该行以注明的host/source/CI为证；设备专项见runtime-cases.json,NOT_RUN,EVIDENCE,当前轮只把明确原始日志范围作为支持证据；该复合契约完整验收未执行，不继承旧PASS或历史设备结果。,evidence/host/logs/test-architecture.log; evidence/host/logs/check-native-protected-assets-fetched.log; docs/native-pc-visual/evidence/firebase-20260928/SOURCE-REVIEW.md
X06.L045,GLOBAL,| GPU 资源 | 起始估算预算 ≤ 128 MiB；纹理/mip/几何/深度/帧缓冲均计入，实际驱动分配可能不同 |,06_TEST_AND_PERF.md:45,ORIGINAL_ZIP,app/src/main/java/game/sanguo/mobile/MapHost.java; app/src/main/java/game/sanguo/mobile/SceneRenderGate.java; app/src/main/java/game/sanguo/mobile/SceneWorkQueue.java; app/src/main/java/game/sanguo/mobile/SceneAssetQueue.java; app/src/main/java/game/sanguo/mobile/FilamentMapView.java; app/src/main/java/game/sanguo/mobile/SceneCamera.java; app/src/main/java/game/sanguo/mobile/ScenePicking.java; app/src/main/java/game/sanguo/mobile/GridWorldTransform.java; app/src/main/java/game/sanguo/mobile/MainActivity.java; app/src/main/java/game/sanguo/mobile/ScenarioFactionPicker.java; app/src/main/java/game/sanguo/mobile/presentation/MapLayerData.java; app/src/main/java/game/sanguo/mobile/MapEditorActivity.java; app/src/main/java/game/sanguo/mobile/MapLibrary.java; core/src/main/java/game/sanguo/core/MapPatch.java,bash scripts/test-architecture.sh; python3 scripts/check-native-protected-assets.py,17bd3376508499f2681d3e296939452383506a1e,98edd7f758d41b89826d03e6fd1be3366bbea173d679a58bdd5f157b8e9479f4,该行以注明的host/source/CI为证；设备专项见runtime-cases.json,NOT_RUN,EVIDENCE,当前轮只把明确原始日志范围作为支持证据；该复合契约完整验收未执行，不继承旧PASS或历史设备结果。,evidence/host/logs/test-architecture.log; evidence/host/logs/check-native-protected-assets-fetched.log; docs/native-pc-visual/evidence/firebase-20260928/SOURCE-REVIEW.md
X06.L046,GLOBAL,| 包体 | 常规可安装单独 APK 起始目标 ≤ 100 MiB；报告 universal 和 ARM64 实际大小，不混比 |,06_TEST_AND_PERF.md:46,ORIGINAL_ZIP,app/src/main/java/game/sanguo/mobile/MapHost.java; app/src/main/java/game/sanguo/mobile/SceneRenderGate.java; app/src/main/java/game/sanguo/mobile/SceneWorkQueue.java; app/src/main/java/game/sanguo/mobile/SceneAssetQueue.java; app/src/main/java/game/sanguo/mobile/FilamentMapView.java; app/src/main/java/game/sanguo/mobile/SceneCamera.java; app/src/main/java/game/sanguo/mobile/ScenePicking.java; app/src/main/java/game/sanguo/mobile/GridWorldTransform.java; app/src/main/java/game/sanguo/mobile/MainActivity.java; app/src/main/java/game/sanguo/mobile/ScenarioFactionPicker.java; app/src/main/java/game/sanguo/mobile/presentation/MapLayerData.java; app/src/main/java/game/sanguo/mobile/MapEditorActivity.java; app/src/main/java/game/sanguo/mobile/MapLibrary.java; core/src/main/java/game/sanguo/core/MapPatch.java,bash scripts/test-architecture.sh; python3 scripts/check-native-protected-assets.py,17bd3376508499f2681d3e296939452383506a1e,98edd7f758d41b89826d03e6fd1be3366bbea173d679a58bdd5f157b8e9479f4,该行以注明的host/source/CI为证；设备专项见runtime-cases.json,NOT_RUN,EVIDENCE,当前轮只把明确原始日志范围作为支持证据；该复合契约完整验收未执行，不继承旧PASS或历史设备结果。,evidence/host/logs/test-architecture.log; evidence/host/logs/check-native-protected-assets-fetched.log; docs/native-pc-visual/evidence/firebase-20260928/SOURCE-REVIEW.md
X06.L047,GLOBAL,| 首次可玩 | 代表机冷启动进入地图起始目标 ≤ 10 秒，拆分启动/存档/资源/首次呈现 |,06_TEST_AND_PERF.md:47,ORIGINAL_ZIP,app/src/main/java/game/sanguo/mobile/MapHost.java; app/src/main/java/game/sanguo/mobile/SceneRenderGate.java; app/src/main/java/game/sanguo/mobile/SceneWorkQueue.java; app/src/main/java/game/sanguo/mobile/SceneAssetQueue.java; app/src/main/java/game/sanguo/mobile/FilamentMapView.java; app/src/main/java/game/sanguo/mobile/SceneCamera.java; app/src/main/java/game/sanguo/mobile/ScenePicking.java; app/src/main/java/game/sanguo/mobile/GridWorldTransform.java; app/src/main/java/game/sanguo/mobile/MainActivity.java; app/src/main/java/game/sanguo/mobile/ScenarioFactionPicker.java; app/src/main/java/game/sanguo/mobile/presentation/MapLayerData.java; app/src/main/java/game/sanguo/mobile/MapEditorActivity.java; app/src/main/java/game/sanguo/mobile/MapLibrary.java; core/src/main/java/game/sanguo/core/MapPatch.java,bash scripts/test-architecture.sh; python3 scripts/check-native-protected-assets.py,17bd3376508499f2681d3e296939452383506a1e,98edd7f758d41b89826d03e6fd1be3366bbea173d679a58bdd5f157b8e9479f4,该行以注明的host/source/CI为证；设备专项见runtime-cases.json,NOT_RUN,EVIDENCE,当前轮只把明确原始日志范围作为支持证据；该复合契约完整验收未执行，不继承旧PASS或历史设备结果。,evidence/host/logs/test-architecture.log; evidence/host/logs/check-native-protected-assets-fetched.log; docs/native-pc-visual/evidence/firebase-20260928/SOURCE-REVIEW.md
X06.L048,GLOBAL,| 长稳 | 30 分钟真实游戏混合操作/回合/视角巡航；PSS 热身后无持续增长趋势 |,06_TEST_AND_PERF.md:48,ORIGINAL_ZIP,app/src/main/java/game/sanguo/mobile/MapHost.java; app/src/main/java/game/sanguo/mobile/SceneRenderGate.java; app/src/main/java/game/sanguo/mobile/SceneWorkQueue.java; app/src/main/java/game/sanguo/mobile/SceneAssetQueue.java; app/src/main/java/game/sanguo/mobile/FilamentMapView.java; app/src/main/java/game/sanguo/mobile/SceneCamera.java; app/src/main/java/game/sanguo/mobile/ScenePicking.java; app/src/main/java/game/sanguo/mobile/GridWorldTransform.java; app/src/main/java/game/sanguo/mobile/MainActivity.java; app/src/main/java/game/sanguo/mobile/ScenarioFactionPicker.java; app/src/main/java/game/sanguo/mobile/presentation/MapLayerData.java; app/src/main/java/game/sanguo/mobile/MapEditorActivity.java; app/src/main/java/game/sanguo/mobile/MapLibrary.java; core/src/main/java/game/sanguo/core/MapPatch.java,bash scripts/test-architecture.sh; python3 scripts/check-native-protected-assets.py,17bd3376508499f2681d3e296939452383506a1e,98edd7f758d41b89826d03e6fd1be3366bbea173d679a58bdd5f157b8e9479f4,该行以注明的host/source/CI为证；设备专项见runtime-cases.json,NOT_RUN,EVIDENCE,当前轮只把明确原始日志范围作为支持证据；该复合契约完整验收未执行，不继承旧PASS或历史设备结果。,evidence/host/logs/test-architecture.log; evidence/host/logs/check-native-protected-assets-fetched.log; docs/native-pc-visual/evidence/firebase-20260928/SOURCE-REVIEW.md
X06.L049,GLOBAL,| 温控 | 记录 thermal 状态和降级恢复；降级不丢玩法对象，不把 UI 一同降成模糊图 |,06_TEST_AND_PERF.md:49,ORIGINAL_ZIP,app/src/main/java/game/sanguo/mobile/MapHost.java; app/src/main/java/game/sanguo/mobile/SceneRenderGate.java; app/src/main/java/game/sanguo/mobile/SceneWorkQueue.java; app/src/main/java/game/sanguo/mobile/SceneAssetQueue.java; app/src/main/java/game/sanguo/mobile/FilamentMapView.java; app/src/main/java/game/sanguo/mobile/SceneCamera.java; app/src/main/java/game/sanguo/mobile/ScenePicking.java; app/src/main/java/game/sanguo/mobile/GridWorldTransform.java; app/src/main/java/game/sanguo/mobile/MainActivity.java; app/src/main/java/game/sanguo/mobile/ScenarioFactionPicker.java; app/src/main/java/game/sanguo/mobile/presentation/MapLayerData.java; app/src/main/java/game/sanguo/mobile/MapEditorActivity.java; app/src/main/java/game/sanguo/mobile/MapLibrary.java; core/src/main/java/game/sanguo/core/MapPatch.java,bash scripts/test-architecture.sh; python3 scripts/check-native-protected-assets.py,17bd3376508499f2681d3e296939452383506a1e,98edd7f758d41b89826d03e6fd1be3366bbea173d679a58bdd5f157b8e9479f4,该行以注明的host/source/CI为证；设备专项见runtime-cases.json,NOT_RUN,EVIDENCE,当前轮只把明确原始日志范围作为支持证据；该复合契约完整验收未执行，不继承旧PASS或历史设备结果。,evidence/host/logs/test-architecture.log; evidence/host/logs/check-native-protected-assets-fetched.log; docs/native-pc-visual/evidence/firebase-20260928/SOURCE-REVIEW.md
X06.L051,GLOBAL,计时来源要准确：Choreographer 回调间隔不是呈现 FPS；提交耗时不是 GPU duration；Java heap 不是总进程内存；计算 mesh bytes 不是实测 GPU 内存。平台无可靠数据时标 ESTIMATED/NOT_AVAILABLE，不能用另一个数偷换。,06_TEST_AND_PERF.md:51,ORIGINAL_ZIP,app/src/main/java/game/sanguo/mobile/MapHost.java; app/src/main/java/game/sanguo/mobile/SceneRenderGate.java; app/src/main/java/game/sanguo/mobile/SceneWorkQueue.java; app/src/main/java/game/sanguo/mobile/SceneAssetQueue.java; app/src/main/java/game/sanguo/mobile/FilamentMapView.java; app/src/main/java/game/sanguo/mobile/SceneCamera.java; app/src/main/java/game/sanguo/mobile/ScenePicking.java; app/src/main/java/game/sanguo/mobile/GridWorldTransform.java; app/src/main/java/game/sanguo/mobile/MainActivity.java; app/src/main/java/game/sanguo/mobile/ScenarioFactionPicker.java; app/src/main/java/game/sanguo/mobile/presentation/MapLayerData.java; app/src/main/java/game/sanguo/mobile/MapEditorActivity.java; app/src/main/java/game/sanguo/mobile/MapLibrary.java; core/src/main/java/game/sanguo/core/MapPatch.java,bash scripts/test-architecture.sh; python3 scripts/check-native-protected-assets.py,17bd3376508499f2681d3e296939452383506a1e,98edd7f758d41b89826d03e6fd1be3366bbea173d679a58bdd5f157b8e9479f4,该行以注明的host/source/CI为证；设备专项见runtime-cases.json,NOT_RUN,EVIDENCE,当前轮只把明确原始日志范围作为支持证据；该复合契约完整验收未执行，不继承旧PASS或历史设备结果。,evidence/host/logs/test-architecture.log; evidence/host/logs/check-native-protected-assets-fetched.log; docs/native-pc-visual/evidence/firebase-20260928/SOURCE-REVIEW.md
X06.L055,GLOBAL,用现有实际全国剧本制造可复现压力：密集城市/林区、水港、山口、大量真实部队、战斗特效、镜头连续缩放/旋转、边播放边拖图、跨区域 streaming、编辑大型 patch。压力输入可自动构造，但要标出与真实剧本的差异，不能只测一个三角形。,06_TEST_AND_PERF.md:55,ORIGINAL_ZIP,app/src/main/java/game/sanguo/mobile/MapHost.java; app/src/main/java/game/sanguo/mobile/SceneRenderGate.java; app/src/main/java/game/sanguo/mobile/SceneWorkQueue.java; app/src/main/java/game/sanguo/mobile/SceneAssetQueue.java; app/src/main/java/game/sanguo/mobile/FilamentMapView.java; app/src/main/java/game/sanguo/mobile/SceneCamera.java; app/src/main/java/game/sanguo/mobile/ScenePicking.java; app/src/main/java/game/sanguo/mobile/GridWorldTransform.java; app/src/main/java/game/sanguo/mobile/MainActivity.java; app/src/main/java/game/sanguo/mobile/ScenarioFactionPicker.java; app/src/main/java/game/sanguo/mobile/presentation/MapLayerData.java; app/src/main/java/game/sanguo/mobile/MapEditorActivity.java; app/src/main/java/game/sanguo/mobile/MapLibrary.java; core/src/main/java/game/sanguo/core/MapPatch.java,bash scripts/test-architecture.sh; python3 scripts/check-native-protected-assets.py,17bd3376508499f2681d3e296939452383506a1e,98edd7f758d41b89826d03e6fd1be3366bbea173d679a58bdd5f157b8e9479f4,该行以注明的host/source/CI为证；设备专项见runtime-cases.json,NOT_RUN,EVIDENCE,当前轮只把明确原始日志范围作为支持证据；该复合契约完整验收未执行，不继承旧PASS或历史设备结果。,evidence/host/logs/test-architecture.log; evidence/host/logs/check-native-protected-assets-fetched.log; docs/native-pc-visual/evidence/firebase-20260928/SOURCE-REVIEW.md
X06.L057,GLOBAL,全国地图要分块、视锥裁剪、LOD、上传限流、引用计数和预算驱逐。不要一次性缓存全图所有 LOD 的数组，也不要每帧扫描全图。变更一格应只重建有界依赖邻域。,06_TEST_AND_PERF.md:57,ORIGINAL_ZIP,app/src/main/java/game/sanguo/mobile/MapHost.java; app/src/main/java/game/sanguo/mobile/SceneRenderGate.java; app/src/main/java/game/sanguo/mobile/SceneWorkQueue.java; app/src/main/java/game/sanguo/mobile/SceneAssetQueue.java; app/src/main/java/game/sanguo/mobile/FilamentMapView.java; app/src/main/java/game/sanguo/mobile/SceneCamera.java; app/src/main/java/game/sanguo/mobile/ScenePicking.java; app/src/main/java/game/sanguo/mobile/GridWorldTransform.java; app/src/main/java/game/sanguo/mobile/MainActivity.java; app/src/main/java/game/sanguo/mobile/ScenarioFactionPicker.java; app/src/main/java/game/sanguo/mobile/presentation/MapLayerData.java; app/src/main/java/game/sanguo/mobile/MapEditorActivity.java; app/src/main/java/game/sanguo/mobile/MapLibrary.java; core/src/main/java/game/sanguo/core/MapPatch.java,bash scripts/test-architecture.sh; python3 scripts/check-native-protected-assets.py,17bd3376508499f2681d3e296939452383506a1e,98edd7f758d41b89826d03e6fd1be3366bbea173d679a58bdd5f157b8e9479f4,该行以注明的host/source/CI为证；设备专项见runtime-cases.json,NOT_RUN,EVIDENCE,当前轮只把明确原始日志范围作为支持证据；该复合契约完整验收未执行，不继承旧PASS或历史设备结果。,evidence/host/logs/test-architecture.log; evidence/host/logs/check-native-protected-assets-fetched.log; docs/native-pc-visual/evidence/firebase-20260928/SOURCE-REVIEW.md
X06.L061,GLOBAL,沿用 `./gradlew` 和现有 JDK/SDK；常见目标 `:app:assembleDebug`、`:app:assembleDebugAndroidTest`、`:app:lintDebug`，但以真实 tasks 为准。PR/CI 权限审批不通过必须明确，不通过跳过必需检查绕过。,06_TEST_AND_PERF.md:61,ORIGINAL_ZIP,app/src/main/java/game/sanguo/mobile/MapHost.java; app/src/main/java/game/sanguo/mobile/SceneRenderGate.java; app/src/main/java/game/sanguo/mobile/SceneWorkQueue.java; app/src/main/java/game/sanguo/mobile/SceneAssetQueue.java; app/src/main/java/game/sanguo/mobile/FilamentMapView.java; app/src/main/java/game/sanguo/mobile/SceneCamera.java; app/src/main/java/game/sanguo/mobile/ScenePicking.java; app/src/main/java/game/sanguo/mobile/GridWorldTransform.java; app/src/main/java/game/sanguo/mobile/MainActivity.java; app/src/main/java/game/sanguo/mobile/ScenarioFactionPicker.java; app/src/main/java/game/sanguo/mobile/presentation/MapLayerData.java; app/src/main/java/game/sanguo/mobile/MapEditorActivity.java; app/src/main/java/game/sanguo/mobile/MapLibrary.java; core/src/main/java/game/sanguo/core/MapPatch.java,bash scripts/test-architecture.sh; python3 scripts/check-native-protected-assets.py,17bd3376508499f2681d3e296939452383506a1e,98edd7f758d41b89826d03e6fd1be3366bbea173d679a58bdd5f157b8e9479f4,该行以注明的host/source/CI为证；设备专项见runtime-cases.json,NOT_RUN,EVIDENCE,当前轮只把明确原始日志范围作为支持证据；该复合契约完整验收未执行，不继承旧PASS或历史设备结果。,evidence/host/logs/test-architecture.log; evidence/host/logs/check-native-protected-assets-fetched.log; docs/native-pc-visual/evidence/firebase-20260928/SOURCE-REVIEW.md
X06.L063,GLOBAL,每次证据都含命令和退出码。制品 manifest 模板见 templates。未执行的项留 NOT_RUN，不能用前阶段证据替代本阶段受影响的验收。无关历史证据可引用但写明 SHA/范围。,06_TEST_AND_PERF.md:63,ORIGINAL_ZIP,app/src/main/java/game/sanguo/mobile/MapHost.java; app/src/main/java/game/sanguo/mobile/SceneRenderGate.java; app/src/main/java/game/sanguo/mobile/SceneWorkQueue.java; app/src/main/java/game/sanguo/mobile/SceneAssetQueue.java; app/src/main/java/game/sanguo/mobile/FilamentMapView.java; app/src/main/java/game/sanguo/mobile/SceneCamera.java; app/src/main/java/game/sanguo/mobile/ScenePicking.java; app/src/main/java/game/sanguo/mobile/GridWorldTransform.java; app/src/main/java/game/sanguo/mobile/MainActivity.java; app/src/main/java/game/sanguo/mobile/ScenarioFactionPicker.java; app/src/main/java/game/sanguo/mobile/presentation/MapLayerData.java; app/src/main/java/game/sanguo/mobile/MapEditorActivity.java; app/src/main/java/game/sanguo/mobile/MapLibrary.java; core/src/main/java/game/sanguo/core/MapPatch.java,bash scripts/test-architecture.sh; python3 scripts/check-native-protected-assets.py,17bd3376508499f2681d3e296939452383506a1e,98edd7f758d41b89826d03e6fd1be3366bbea173d679a58bdd5f157b8e9479f4,该行以注明的host/source/CI为证；设备专项见runtime-cases.json,NOT_RUN,EVIDENCE,当前轮只把明确原始日志范围作为支持证据；该复合契约完整验收未执行，不继承旧PASS或历史设备结果。,evidence/host/logs/test-architecture.log; evidence/host/logs/check-native-protected-assets-fetched.log; docs/native-pc-visual/evidence/firebase-20260928/SOURCE-REVIEW.md
X07.L005,GLOBAL,R00 确认当前目录/工作树、remote URL、最新 main、已知基线的祖先关系、现有 `agent/native-pc-visual` 和对应 PR。不要把缓存 README 的版本当最新状态。,07_GIT_DELIVERY.md:5,ORIGINAL_ZIP,app/src/main/java/game/sanguo/mobile/MainActivity.java; app/src/main/java/game/sanguo/mobile/ScenarioFactionPicker.java; app/src/main/java/game/sanguo/mobile/MapHost.java; app/src/main/java/game/sanguo/mobile/FilamentMapView.java,bash scripts/test-architecture.sh; python3 scripts/check-native-protected-assets.py,17bd3376508499f2681d3e296939452383506a1e,98edd7f758d41b89826d03e6fd1be3366bbea173d679a58bdd5f157b8e9479f4,该行以注明的host/source/CI为证；设备专项见runtime-cases.json,NOT_RUN,EVIDENCE,当前轮只把明确原始日志范围作为支持证据；该复合契约完整验收未执行，不继承旧PASS或历史设备结果。,evidence/host/logs/test-architecture.log; evidence/host/logs/check-native-protected-assets-fetched.log; docs/native-pc-visual/evidence/firebase-20260928/SOURCE-REVIEW.md
X07.L007,GLOBAL,存在本地未提交修改先识别来源，不能 `reset --hard`、清理掉用户文件或跨分支覆盖。多个 Agent 用隔离 clone；本路线只允许一位串行 Agent 写目标分支。,07_GIT_DELIVERY.md:7,ORIGINAL_ZIP,app/src/main/java/game/sanguo/mobile/MainActivity.java; app/src/main/java/game/sanguo/mobile/ScenarioFactionPicker.java; app/src/main/java/game/sanguo/mobile/MapHost.java; app/src/main/java/game/sanguo/mobile/FilamentMapView.java,bash scripts/test-architecture.sh; python3 scripts/check-native-protected-assets.py,17bd3376508499f2681d3e296939452383506a1e,98edd7f758d41b89826d03e6fd1be3366bbea173d679a58bdd5f157b8e9479f4,该行以注明的host/source/CI为证；设备专项见runtime-cases.json,NOT_RUN,EVIDENCE,当前轮只把明确原始日志范围作为支持证据；该复合契约完整验收未执行，不继承旧PASS或历史设备结果。,evidence/host/logs/test-architecture.log; evidence/host/logs/check-native-protected-assets-fetched.log; docs/native-pc-visual/evidence/firebase-20260928/SOURCE-REVIEW.md
X07.L009,GLOBAL,本包默认不合并任何旧 PR、不改 main、不删分支。历史提示词曾要求合并不代表当前阶段仍授权；本包是新串行路线。,07_GIT_DELIVERY.md:9,ORIGINAL_ZIP,app/src/main/java/game/sanguo/mobile/MainActivity.java; app/src/main/java/game/sanguo/mobile/ScenarioFactionPicker.java; app/src/main/java/game/sanguo/mobile/MapHost.java; app/src/main/java/game/sanguo/mobile/FilamentMapView.java,bash scripts/test-architecture.sh; python3 scripts/check-native-protected-assets.py,17bd3376508499f2681d3e296939452383506a1e,98edd7f758d41b89826d03e6fd1be3366bbea173d679a58bdd5f157b8e9479f4,该行以注明的host/source/CI为证；设备专项见runtime-cases.json,NOT_RUN,EVIDENCE,当前轮只把明确原始日志范围作为支持证据；该复合契约完整验收未执行，不继承旧PASS或历史设备结果。,evidence/host/logs/test-architecture.log; evidence/host/logs/check-native-protected-assets-fetched.log; docs/native-pc-visual/evidence/firebase-20260928/SOURCE-REVIEW.md
X07.L013,GLOBAL,R00 有真实源码/资源修复后立即 commit/push 并创建一个指向 main 的 Draft PR。不要用只加 progress.md 的空壳 PR 冒充代码交付。后续 R01–R18 更新相同 PR 并按阶段补交付记录。,07_GIT_DELIVERY.md:13,ORIGINAL_ZIP,app/src/main/java/game/sanguo/mobile/MainActivity.java; app/src/main/java/game/sanguo/mobile/ScenarioFactionPicker.java; app/src/main/java/game/sanguo/mobile/MapHost.java; app/src/main/java/game/sanguo/mobile/FilamentMapView.java,bash scripts/test-architecture.sh; python3 scripts/check-native-protected-assets.py,17bd3376508499f2681d3e296939452383506a1e,98edd7f758d41b89826d03e6fd1be3366bbea173d679a58bdd5f157b8e9479f4,该行以注明的host/source/CI为证；设备专项见runtime-cases.json,NOT_RUN,EVIDENCE,当前轮只把明确原始日志范围作为支持证据；该复合契约完整验收未执行，不继承旧PASS或历史设备结果。,evidence/host/logs/test-architecture.log; evidence/host/logs/check-native-protected-assets-fetched.log; docs/native-pc-visual/evidence/firebase-20260928/SOURCE-REVIEW.md
X07.L015,GLOBAL,提交信息建议 `native-pc/Rxx: <实际变更>`。一个阶段可有多个聚焦提交，但最终回复前必须将本阶段全部必要源码、资源和验证工具推到远端。不要把 APK、SDK、私钥、缓存、巨量重复截图直接提交仓库。,07_GIT_DELIVERY.md:15,ORIGINAL_ZIP,app/src/main/java/game/sanguo/mobile/MainActivity.java; app/src/main/java/game/sanguo/mobile/ScenarioFactionPicker.java; app/src/main/java/game/sanguo/mobile/MapHost.java; app/src/main/java/game/sanguo/mobile/FilamentMapView.java,bash scripts/test-architecture.sh; python3 scripts/check-native-protected-assets.py,17bd3376508499f2681d3e296939452383506a1e,98edd7f758d41b89826d03e6fd1be3366bbea173d679a58bdd5f157b8e9479f4,该行以注明的host/source/CI为证；设备专项见runtime-cases.json,NOT_RUN,EVIDENCE,当前轮只把明确原始日志范围作为支持证据；该复合契约完整验收未执行，不继承旧PASS或历史设备结果。,evidence/host/logs/test-architecture.log; evidence/host/logs/check-native-protected-assets-fetched.log; docs/native-pc-visual/evidence/firebase-20260928/SOURCE-REVIEW.md
X07.L017,GLOBAL,PR 已意外关闭/合并时先读实际状态。用户已授权的 main 新进展可以在保留串行成果的前提下整合并回归；不自行把串行分支重建成旧 main。需要新 PR 时保留祖先与交接原因，不能偷偷回退。,07_GIT_DELIVERY.md:17,ORIGINAL_ZIP,app/src/main/java/game/sanguo/mobile/MainActivity.java; app/src/main/java/game/sanguo/mobile/ScenarioFactionPicker.java; app/src/main/java/game/sanguo/mobile/MapHost.java; app/src/main/java/game/sanguo/mobile/FilamentMapView.java,bash scripts/test-architecture.sh; python3 scripts/check-native-protected-assets.py,17bd3376508499f2681d3e296939452383506a1e,98edd7f758d41b89826d03e6fd1be3366bbea173d679a58bdd5f157b8e9479f4,该行以注明的host/source/CI为证；设备专项见runtime-cases.json,NOT_RUN,EVIDENCE,当前轮只把明确原始日志范围作为支持证据；该复合契约完整验收未执行，不继承旧PASS或历史设备结果。,evidence/host/logs/test-architecture.log; evidence/host/logs/check-native-protected-assets-fetched.log; docs/native-pc-visual/evidence/firebase-20260928/SOURCE-REVIEW.md
X07.L021,GLOBAL,任何 connector 写入超时/报错，先读取远端验证实际结果。已出现目标 SHA/PR/运行，不重复创建。网络瞬时失败最多做合理的有限重试；权限问题不要无限刷请求。,07_GIT_DELIVERY.md:21,ORIGINAL_ZIP,app/src/main/java/game/sanguo/mobile/MainActivity.java; app/src/main/java/game/sanguo/mobile/ScenarioFactionPicker.java; app/src/main/java/game/sanguo/mobile/MapHost.java; app/src/main/java/game/sanguo/mobile/FilamentMapView.java,bash scripts/test-architecture.sh; python3 scripts/check-native-protected-assets.py,17bd3376508499f2681d3e296939452383506a1e,98edd7f758d41b89826d03e6fd1be3366bbea173d679a58bdd5f157b8e9479f4,该行以注明的host/source/CI为证；设备专项见runtime-cases.json,NOT_RUN,EVIDENCE,当前轮只把明确原始日志范围作为支持证据；该复合契约完整验收未执行，不继承旧PASS或历史设备结果。,evidence/host/logs/test-architecture.log; evidence/host/logs/check-native-protected-assets-fetched.log; docs/native-pc-visual/evidence/firebase-20260928/SOURCE-REVIEW.md
X07.L023,GLOBAL,`git ls-remote` 或连接器分支读取应确认最终 HEAD；本地 clean 并不能证明远端已更新。不能只贴本地 commit hash 就说 push 成功。,07_GIT_DELIVERY.md:23,ORIGINAL_ZIP,app/src/main/java/game/sanguo/mobile/MainActivity.java; app/src/main/java/game/sanguo/mobile/ScenarioFactionPicker.java; app/src/main/java/game/sanguo/mobile/MapHost.java; app/src/main/java/game/sanguo/mobile/FilamentMapView.java,bash scripts/test-architecture.sh; python3 scripts/check-native-protected-assets.py,17bd3376508499f2681d3e296939452383506a1e,98edd7f758d41b89826d03e6fd1be3366bbea173d679a58bdd5f157b8e9479f4,该行以注明的host/source/CI为证；设备专项见runtime-cases.json,NOT_RUN,EVIDENCE,当前轮只把明确原始日志范围作为支持证据；该复合契约完整验收未执行，不继承旧PASS或历史设备结果。,evidence/host/logs/test-architecture.log; evidence/host/logs/check-native-protected-assets-fetched.log; docs/native-pc-visual/evidence/firebase-20260928/SOURCE-REVIEW.md
X07.L029,GLOBAL,1. 修改源码/资源/测试，完成本地受影响验证，提交到分支。,07_GIT_DELIVERY.md:29,ORIGINAL_ZIP,app/src/main/java/game/sanguo/mobile/MainActivity.java; app/src/main/java/game/sanguo/mobile/ScenarioFactionPicker.java; app/src/main/java/game/sanguo/mobile/MapHost.java; app/src/main/java/game/sanguo/mobile/FilamentMapView.java,bash scripts/test-architecture.sh; python3 scripts/check-native-protected-assets.py,17bd3376508499f2681d3e296939452383506a1e,98edd7f758d41b89826d03e6fd1be3366bbea173d679a58bdd5f157b8e9479f4,该行以注明的host/source/CI为证；设备专项见runtime-cases.json,NOT_RUN,EVIDENCE,当前轮只把明确原始日志范围作为支持证据；该复合契约完整验收未执行，不继承旧PASS或历史设备结果。,evidence/host/logs/test-architecture.log; evidence/host/logs/check-native-protected-assets-fetched.log; docs/native-pc-visual/evidence/firebase-20260928/SOURCE-REVIEW.md
X07.L030,GLOBAL,2. 以明确的完整 source SHA 构建/运行；CI 必须 checkout 这个 SHA，并验证 HEAD，而非拉取易变的 latest。,07_GIT_DELIVERY.md:30,ORIGINAL_ZIP,app/src/main/java/game/sanguo/mobile/MainActivity.java; app/src/main/java/game/sanguo/mobile/ScenarioFactionPicker.java; app/src/main/java/game/sanguo/mobile/MapHost.java; app/src/main/java/game/sanguo/mobile/FilamentMapView.java,bash scripts/test-architecture.sh; python3 scripts/check-native-protected-assets.py,17bd3376508499f2681d3e296939452383506a1e,98edd7f758d41b89826d03e6fd1be3366bbea173d679a58bdd5f157b8e9479f4,该行以注明的host/source/CI为证；设备专项见runtime-cases.json,NOT_RUN,EVIDENCE,当前轮只把明确原始日志范围作为支持证据；该复合契约完整验收未执行，不继承旧PASS或历史设备结果。,evidence/host/logs/test-architecture.log; evidence/host/logs/check-native-protected-assets-fetched.log; docs/native-pc-visual/evidence/firebase-20260928/SOURCE-REVIEW.md
X07.L031,GLOBAL,3. 检查 APK 内 BuildConfig SOURCE_REVISION 与该源码一致；无 .git 的构建不得只写 `source-archive` 而不另附可靠完整 SHA。,07_GIT_DELIVERY.md:31,ORIGINAL_ZIP,app/src/main/java/game/sanguo/mobile/MainActivity.java; app/src/main/java/game/sanguo/mobile/ScenarioFactionPicker.java; app/src/main/java/game/sanguo/mobile/MapHost.java; app/src/main/java/game/sanguo/mobile/FilamentMapView.java,bash scripts/test-architecture.sh; python3 scripts/check-native-protected-assets.py,17bd3376508499f2681d3e296939452383506a1e,98edd7f758d41b89826d03e6fd1be3366bbea173d679a58bdd5f157b8e9479f4,该行以注明的host/source/CI为证；设备专项见runtime-cases.json,NOT_RUN,EVIDENCE,当前轮只把明确原始日志范围作为支持证据；该复合契约完整验收未执行，不继承旧PASS或历史设备结果。,evidence/host/logs/test-architecture.log; evidence/host/logs/check-native-protected-assets-fetched.log; docs/native-pc-visual/evidence/firebase-20260928/SOURCE-REVIEW.md
X07.L032,GLOBAL,4. 记录 APK SHA-256、应用 ID、versionCode/versionName、ABI、开发签名证书指纹、实际后端、构建命令、CI job 和测试证据。,07_GIT_DELIVERY.md:32,ORIGINAL_ZIP,app/src/main/java/game/sanguo/mobile/MainActivity.java; app/src/main/java/game/sanguo/mobile/ScenarioFactionPicker.java; app/src/main/java/game/sanguo/mobile/MapHost.java; app/src/main/java/game/sanguo/mobile/FilamentMapView.java,bash scripts/test-architecture.sh; python3 scripts/check-native-protected-assets.py,17bd3376508499f2681d3e296939452383506a1e,98edd7f758d41b89826d03e6fd1be3366bbea173d679a58bdd5f157b8e9479f4,该行以注明的host/source/CI为证；设备专项见runtime-cases.json,NOT_RUN,EVIDENCE,当前轮只把明确原始日志范围作为支持证据；该复合契约完整验收未执行，不继承旧PASS或历史设备结果。,evidence/host/logs/test-architecture.log; evidence/host/logs/check-native-protected-assets-fetched.log; docs/native-pc-visual/evidence/firebase-20260928/SOURCE-REVIEW.md
X07.L033,GLOBAL,5. 若最后仅追加报告，记录 evidence-only HEAD；证明它相对 source SHA 不改变运行源码/资产。任何生产改动都必须重新构建。,07_GIT_DELIVERY.md:33,ORIGINAL_ZIP,app/src/main/java/game/sanguo/mobile/MainActivity.java; app/src/main/java/game/sanguo/mobile/ScenarioFactionPicker.java; app/src/main/java/game/sanguo/mobile/MapHost.java; app/src/main/java/game/sanguo/mobile/FilamentMapView.java,bash scripts/test-architecture.sh; python3 scripts/check-native-protected-assets.py,17bd3376508499f2681d3e296939452383506a1e,98edd7f758d41b89826d03e6fd1be3366bbea173d679a58bdd5f157b8e9479f4,该行以注明的host/source/CI为证；设备专项见runtime-cases.json,NOT_RUN,EVIDENCE,当前轮只把明确原始日志范围作为支持证据；该复合契约完整验收未执行，不继承旧PASS或历史设备结果。,evidence/host/logs/test-architecture.log; evidence/host/logs/check-native-protected-assets-fetched.log; docs/native-pc-visual/evidence/firebase-20260928/SOURCE-REVIEW.md
X07.L034,GLOBAL,6. 复读远端及 PR，确认最新提交与报告相符。,07_GIT_DELIVERY.md:34,ORIGINAL_ZIP,app/src/main/java/game/sanguo/mobile/MainActivity.java; app/src/main/java/game/sanguo/mobile/ScenarioFactionPicker.java; app/src/main/java/game/sanguo/mobile/MapHost.java; app/src/main/java/game/sanguo/mobile/FilamentMapView.java,bash scripts/test-architecture.sh; python3 scripts/check-native-protected-assets.py,17bd3376508499f2681d3e296939452383506a1e,98edd7f758d41b89826d03e6fd1be3366bbea173d679a58bdd5f157b8e9479f4,该行以注明的host/source/CI为证；设备专项见runtime-cases.json,NOT_RUN,EVIDENCE,当前轮只把明确原始日志范围作为支持证据；该复合契约完整验收未执行，不继承旧PASS或历史设备结果。,evidence/host/logs/test-architecture.log; evidence/host/logs/check-native-protected-assets-fetched.log; docs/native-pc-visual/evidence/firebase-20260928/SOURCE-REVIEW.md
X07.L036,GLOBAL,保持现有 applicationId 和开发签名，以支持覆盖安装；versionCode 随交付递增，不硬编码本包日期或旧版本号。开发密钥不是生产签名；不能泄露/生成伪称生产签名的证书。,07_GIT_DELIVERY.md:36,ORIGINAL_ZIP,app/src/main/java/game/sanguo/mobile/MainActivity.java; app/src/main/java/game/sanguo/mobile/ScenarioFactionPicker.java; app/src/main/java/game/sanguo/mobile/MapHost.java; app/src/main/java/game/sanguo/mobile/FilamentMapView.java,bash scripts/test-architecture.sh; python3 scripts/check-native-protected-assets.py,17bd3376508499f2681d3e296939452383506a1e,98edd7f758d41b89826d03e6fd1be3366bbea173d679a58bdd5f157b8e9479f4,该行以注明的host/source/CI为证；设备专项见runtime-cases.json,NOT_RUN,EVIDENCE,当前轮只把明确原始日志范围作为支持证据；该复合契约完整验收未执行，不继承旧PASS或历史设备结果。,evidence/host/logs/test-architecture.log; evidence/host/logs/check-native-protected-assets-fetched.log; docs/native-pc-visual/evidence/firebase-20260928/SOURCE-REVIEW.md
X07.L038,GLOBAL,提供适合手机安装的 ARM64 或 universal **独立 .apk**；x86_64 模拟器 APK 应另外标注。原生包里存在 Filament 的 .so 是正常的，不要为了声称“纯 Java”删除 JNI。不得包含 libunity.so 却称已去掉 Unity，反之也不能拿无 Player 的包冒称 Unity。,07_GIT_DELIVERY.md:38,ORIGINAL_ZIP,app/src/main/java/game/sanguo/mobile/MainActivity.java; app/src/main/java/game/sanguo/mobile/ScenarioFactionPicker.java; app/src/main/java/game/sanguo/mobile/MapHost.java; app/src/main/java/game/sanguo/mobile/FilamentMapView.java,bash scripts/test-architecture.sh; python3 scripts/check-native-protected-assets.py,17bd3376508499f2681d3e296939452383506a1e,98edd7f758d41b89826d03e6fd1be3366bbea173d679a58bdd5f157b8e9479f4,该行以注明的host/source/CI为证；设备专项见runtime-cases.json,NOT_RUN,EVIDENCE,当前轮只把明确原始日志范围作为支持证据；该复合契约完整验收未执行，不继承旧PASS或历史设备结果。,evidence/host/logs/test-architecture.log; evidence/host/logs/check-native-protected-assets-fetched.log; docs/native-pc-visual/evidence/firebase-20260928/SOURCE-REVIEW.md
X07.L042,GLOBAL,交付独立 APK + evidence.zip；优先使用可访问的 CI artifact/用户可取的附件。仅存在本地路径不算可下载。给出真实文件路径/链接并验证文件存在；标注链接是否需要 GitHub 登录以及制品保留策略/有效期（能确认时）。,07_GIT_DELIVERY.md:42,ORIGINAL_ZIP,app/src/main/java/game/sanguo/mobile/MainActivity.java; app/src/main/java/game/sanguo/mobile/ScenarioFactionPicker.java; app/src/main/java/game/sanguo/mobile/MapHost.java; app/src/main/java/game/sanguo/mobile/FilamentMapView.java,bash scripts/test-architecture.sh; python3 scripts/check-native-protected-assets.py,17bd3376508499f2681d3e296939452383506a1e,98edd7f758d41b89826d03e6fd1be3366bbea173d679a58bdd5f157b8e9479f4,该行以注明的host/source/CI为证；设备专项见runtime-cases.json,NOT_RUN,EVIDENCE,当前轮只把明确原始日志范围作为支持证据；该复合契约完整验收未执行，不继承旧PASS或历史设备结果。,evidence/host/logs/test-architecture.log; evidence/host/logs/check-native-protected-assets-fetched.log; docs/native-pc-visual/evidence/firebase-20260928/SOURCE-REVIEW.md
X07.L044,GLOBAL,不使用 `latest` 的旧 Release 代替当前构建。证据包中的 manifest 要能关联截图、日志、设备、源码与 APK。没有可用云发布权限就提供本会话真实可下载文件，不能编造 release URL。,07_GIT_DELIVERY.md:44,ORIGINAL_ZIP,app/src/main/java/game/sanguo/mobile/MainActivity.java; app/src/main/java/game/sanguo/mobile/ScenarioFactionPicker.java; app/src/main/java/game/sanguo/mobile/MapHost.java; app/src/main/java/game/sanguo/mobile/FilamentMapView.java,bash scripts/test-architecture.sh; python3 scripts/check-native-protected-assets.py,17bd3376508499f2681d3e296939452383506a1e,98edd7f758d41b89826d03e6fd1be3366bbea173d679a58bdd5f157b8e9479f4,该行以注明的host/source/CI为证；设备专项见runtime-cases.json,NOT_RUN,EVIDENCE,当前轮只把明确原始日志范围作为支持证据；该复合契约完整验收未执行，不继承旧PASS或历史设备结果。,evidence/host/logs/test-architecture.log; evidence/host/logs/check-native-protected-assets-fetched.log; docs/native-pc-visual/evidence/firebase-20260928/SOURCE-REVIEW.md
X07.L048,GLOBAL,阶段：Rxx，状态：PASS/PARTIAL/BLOCKED。,07_GIT_DELIVERY.md:48,ORIGINAL_ZIP,app/src/main/java/game/sanguo/mobile/MainActivity.java; app/src/main/java/game/sanguo/mobile/ScenarioFactionPicker.java; app/src/main/java/game/sanguo/mobile/MapHost.java; app/src/main/java/game/sanguo/mobile/FilamentMapView.java,bash scripts/test-architecture.sh; python3 scripts/check-native-protected-assets.py,17bd3376508499f2681d3e296939452383506a1e,98edd7f758d41b89826d03e6fd1be3366bbea173d679a58bdd5f157b8e9479f4,该行以注明的host/source/CI为证；设备专项见runtime-cases.json,NOT_RUN,EVIDENCE,当前轮只把明确原始日志范围作为支持证据；该复合契约完整验收未执行，不继承旧PASS或历史设备结果。,evidence/host/logs/test-architecture.log; evidence/host/logs/check-native-protected-assets-fetched.log; docs/native-pc-visual/evidence/firebase-20260928/SOURCE-REVIEW.md
X07.L049,GLOBAL,源码：完整 source SHA；远端：最终 HEAD；PR：实际链接，保持未合并。,07_GIT_DELIVERY.md:49,ORIGINAL_ZIP,app/src/main/java/game/sanguo/mobile/MainActivity.java; app/src/main/java/game/sanguo/mobile/ScenarioFactionPicker.java; app/src/main/java/game/sanguo/mobile/MapHost.java; app/src/main/java/game/sanguo/mobile/FilamentMapView.java,bash scripts/test-architecture.sh; python3 scripts/check-native-protected-assets.py,17bd3376508499f2681d3e296939452383506a1e,98edd7f758d41b89826d03e6fd1be3366bbea173d679a58bdd5f157b8e9479f4,该行以注明的host/source/CI为证；设备专项见runtime-cases.json,NOT_RUN,EVIDENCE,当前轮只把明确原始日志范围作为支持证据；该复合契约完整验收未执行，不继承旧PASS或历史设备结果。,evidence/host/logs/test-architecture.log; evidence/host/logs/check-native-protected-assets-fetched.log; docs/native-pc-visual/evidence/firebase-20260928/SOURCE-REVIEW.md
X07.L050,GLOBAL,结果：实际完成的功能与画面改善、运行入口。,07_GIT_DELIVERY.md:50,ORIGINAL_ZIP,app/src/main/java/game/sanguo/mobile/MainActivity.java; app/src/main/java/game/sanguo/mobile/ScenarioFactionPicker.java; app/src/main/java/game/sanguo/mobile/MapHost.java; app/src/main/java/game/sanguo/mobile/FilamentMapView.java,bash scripts/test-architecture.sh; python3 scripts/check-native-protected-assets.py,17bd3376508499f2681d3e296939452383506a1e,98edd7f758d41b89826d03e6fd1be3366bbea173d679a58bdd5f157b8e9479f4,该行以注明的host/source/CI为证；设备专项见runtime-cases.json,NOT_RUN,EVIDENCE,当前轮只把明确原始日志范围作为支持证据；该复合契约完整验收未执行，不继承旧PASS或历史设备结果。,evidence/host/logs/test-architecture.log; evidence/host/logs/check-native-protected-assets-fetched.log; docs/native-pc-visual/evidence/firebase-20260928/SOURCE-REVIEW.md
X07.L051,GLOBAL,验证：主机、构建、模拟器、ARM64、视觉、性能逐项，列新增/继承失败。,07_GIT_DELIVERY.md:51,ORIGINAL_ZIP,app/src/main/java/game/sanguo/mobile/MainActivity.java; app/src/main/java/game/sanguo/mobile/ScenarioFactionPicker.java; app/src/main/java/game/sanguo/mobile/MapHost.java; app/src/main/java/game/sanguo/mobile/FilamentMapView.java,bash scripts/test-architecture.sh; python3 scripts/check-native-protected-assets.py,17bd3376508499f2681d3e296939452383506a1e,98edd7f758d41b89826d03e6fd1be3366bbea173d679a58bdd5f157b8e9479f4,该行以注明的host/source/CI为证；设备专项见runtime-cases.json,NOT_RUN,EVIDENCE,当前轮只把明确原始日志范围作为支持证据；该复合契约完整验收未执行，不继承旧PASS或历史设备结果。,evidence/host/logs/test-architecture.log; evidence/host/logs/check-native-protected-assets-fetched.log; docs/native-pc-visual/evidence/firebase-20260928/SOURCE-REVIEW.md
X07.L052,GLOBAL,制品：独立 APK、hash、应用/版本/ABI；证据包。,07_GIT_DELIVERY.md:52,ORIGINAL_ZIP,app/src/main/java/game/sanguo/mobile/MainActivity.java; app/src/main/java/game/sanguo/mobile/ScenarioFactionPicker.java; app/src/main/java/game/sanguo/mobile/MapHost.java; app/src/main/java/game/sanguo/mobile/FilamentMapView.java,bash scripts/test-architecture.sh; python3 scripts/check-native-protected-assets.py,17bd3376508499f2681d3e296939452383506a1e,98edd7f758d41b89826d03e6fd1be3366bbea173d679a58bdd5f157b8e9479f4,该行以注明的host/source/CI为证；设备专项见runtime-cases.json,NOT_RUN,EVIDENCE,当前轮只把明确原始日志范围作为支持证据；该复合契约完整验收未执行，不继承旧PASS或历史设备结果。,evidence/host/logs/test-architecture.log; evidence/host/logs/check-native-protected-assets-fetched.log; docs/native-pc-visual/evidence/firebase-20260928/SOURCE-REVIEW.md
X07.L053,GLOBAL,未完成：具体缺陷、需要补的验收与下一阶段必须先修的阻塞。,07_GIT_DELIVERY.md:53,ORIGINAL_ZIP,app/src/main/java/game/sanguo/mobile/MainActivity.java; app/src/main/java/game/sanguo/mobile/ScenarioFactionPicker.java; app/src/main/java/game/sanguo/mobile/MapHost.java; app/src/main/java/game/sanguo/mobile/FilamentMapView.java,bash scripts/test-architecture.sh; python3 scripts/check-native-protected-assets.py,17bd3376508499f2681d3e296939452383506a1e,98edd7f758d41b89826d03e6fd1be3366bbea173d679a58bdd5f157b8e9479f4,该行以注明的host/source/CI为证；设备专项见runtime-cases.json,NOT_RUN,EVIDENCE,当前轮只把明确原始日志范围作为支持证据；该复合契约完整验收未执行，不继承旧PASS或历史设备结果。,evidence/host/logs/test-architecture.log; evidence/host/logs/check-native-protected-assets-fetched.log; docs/native-pc-visual/evidence/firebase-20260928/SOURCE-REVIEW.md
X07.L055,GLOBAL,此模板不允许将“已写出脚本”改写成“已运行脚本通过”。,07_GIT_DELIVERY.md:55,ORIGINAL_ZIP,app/src/main/java/game/sanguo/mobile/MainActivity.java; app/src/main/java/game/sanguo/mobile/ScenarioFactionPicker.java; app/src/main/java/game/sanguo/mobile/MapHost.java; app/src/main/java/game/sanguo/mobile/FilamentMapView.java,bash scripts/test-architecture.sh; python3 scripts/check-native-protected-assets.py,17bd3376508499f2681d3e296939452383506a1e,98edd7f758d41b89826d03e6fd1be3366bbea173d679a58bdd5f157b8e9479f4,该行以注明的host/source/CI为证；设备专项见runtime-cases.json,NOT_RUN,EVIDENCE,当前轮只把明确原始日志范围作为支持证据；该复合契约完整验收未执行，不继承旧PASS或历史设备结果。,evidence/host/logs/test-architecture.log; evidence/host/logs/check-native-protected-assets-fetched.log; docs/native-pc-visual/evidence/firebase-20260928/SOURCE-REVIEW.md
X09.L005,GLOBAL,正式原生地图渲染、连续地形、约束岸线、水体、模型/贴图生产与加载、城市/港口/关卡/设施、植被/道路/山石、部队编队/动画、既有战斗展示、相机拾取、网格与势力开关、原生 UI 协调、编辑器/存档接入、四季/彩墨光照、全图覆盖、性能/兼容、APK 与代码交付。,09_SCOPE_AND_DECISIONS.md:5,ORIGINAL_ZIP,app/src/main/java/game/sanguo/mobile/MainActivity.java; app/src/main/java/game/sanguo/mobile/ScenarioFactionPicker.java; app/src/main/java/game/sanguo/mobile/MapHost.java; app/src/main/java/game/sanguo/mobile/FilamentMapView.java; app/src/main/java/game/sanguo/mobile/SceneRenderGate.java; app/src/main/java/game/sanguo/mobile/SceneWorkQueue.java; app/src/main/java/game/sanguo/mobile/SceneAssetQueue.java,bash scripts/test-architecture.sh; python3 scripts/check-native-protected-assets.py,17bd3376508499f2681d3e296939452383506a1e,98edd7f758d41b89826d03e6fd1be3366bbea173d679a58bdd5f157b8e9479f4,该行以注明的host/source/CI为证；设备专项见runtime-cases.json,NOT_RUN,EVIDENCE,当前轮只把明确原始日志范围作为支持证据；该复合契约完整验收未执行，不继承旧PASS或历史设备结果。,evidence/host/logs/test-architecture.log; evidence/host/logs/check-native-protected-assets-fetched.log; docs/native-pc-visual/evidence/firebase-20260928/SOURCE-REVIEW.md
X09.L009,GLOBAL,新增/重写规则、全国地形数据考据重制、官方剧本数据补全、改 AI 或精确公式、单挑/舌战高精人物动画、音频系统大改、多人联机、PC/浏览器移植、Unity/Godot/UE 工程重启、复制未获授权的商业游戏资源。,09_SCOPE_AND_DECISIONS.md:9,ORIGINAL_ZIP,app/src/main/java/game/sanguo/mobile/MainActivity.java; app/src/main/java/game/sanguo/mobile/ScenarioFactionPicker.java; app/src/main/java/game/sanguo/mobile/MapHost.java; app/src/main/java/game/sanguo/mobile/FilamentMapView.java; app/src/main/java/game/sanguo/mobile/SceneRenderGate.java; app/src/main/java/game/sanguo/mobile/SceneWorkQueue.java; app/src/main/java/game/sanguo/mobile/SceneAssetQueue.java,bash scripts/test-architecture.sh; python3 scripts/check-native-protected-assets.py,17bd3376508499f2681d3e296939452383506a1e,98edd7f758d41b89826d03e6fd1be3366bbea173d679a58bdd5f157b8e9479f4,该行以注明的host/source/CI为证；设备专项见runtime-cases.json,NOT_RUN,EVIDENCE,当前轮只把明确原始日志范围作为支持证据；该复合契约完整验收未执行，不继承旧PASS或历史设备结果。,evidence/host/logs/test-architecture.log; evidence/host/logs/check-native-protected-assets-fetched.log; docs/native-pc-visual/evidence/firebase-20260928/SOURCE-REVIEW.md
X09.L011,GLOBAL,若发现玩法缺陷，记录并复现；只有本阶段改动引入的回归应在本阶段修复。渲染任务不能以“顺便修规则”改变平衡或地图。,09_SCOPE_AND_DECISIONS.md:11,ORIGINAL_ZIP,app/src/main/java/game/sanguo/mobile/MainActivity.java; app/src/main/java/game/sanguo/mobile/ScenarioFactionPicker.java; app/src/main/java/game/sanguo/mobile/MapHost.java; app/src/main/java/game/sanguo/mobile/FilamentMapView.java; app/src/main/java/game/sanguo/mobile/SceneRenderGate.java; app/src/main/java/game/sanguo/mobile/SceneWorkQueue.java; app/src/main/java/game/sanguo/mobile/SceneAssetQueue.java,bash scripts/test-architecture.sh; python3 scripts/check-native-protected-assets.py,17bd3376508499f2681d3e296939452383506a1e,98edd7f758d41b89826d03e6fd1be3366bbea173d679a58bdd5f157b8e9479f4,该行以注明的host/source/CI为证；设备专项见runtime-cases.json,NOT_RUN,EVIDENCE,当前轮只把明确原始日志范围作为支持证据；该复合契约完整验收未执行，不继承旧PASS或历史设备结果。,evidence/host/logs/test-architecture.log; evidence/host/logs/check-native-protected-assets-fetched.log; docs/native-pc-visual/evidence/firebase-20260928/SOURCE-REVIEW.md
X09.L015,GLOBAL,- 基于最新 main 的既有架构，不回退旧 main。,09_SCOPE_AND_DECISIONS.md:15,ORIGINAL_ZIP,app/src/main/java/game/sanguo/mobile/MainActivity.java; app/src/main/java/game/sanguo/mobile/ScenarioFactionPicker.java; app/src/main/java/game/sanguo/mobile/MapHost.java; app/src/main/java/game/sanguo/mobile/FilamentMapView.java; app/src/main/java/game/sanguo/mobile/SceneRenderGate.java; app/src/main/java/game/sanguo/mobile/SceneWorkQueue.java; app/src/main/java/game/sanguo/mobile/SceneAssetQueue.java,bash scripts/test-architecture.sh; python3 scripts/check-native-protected-assets.py,17bd3376508499f2681d3e296939452383506a1e,98edd7f758d41b89826d03e6fd1be3366bbea173d679a58bdd5f157b8e9479f4,该行以注明的host/source/CI为证；设备专项见runtime-cases.json,NOT_RUN,EVIDENCE,当前轮只把明确原始日志范围作为支持证据；该复合契约完整验收未执行，不继承旧PASS或历史设备结果。,evidence/host/logs/test-architecture.log; evidence/host/logs/check-native-protected-assets-fetched.log; docs/native-pc-visual/evidence/firebase-20260928/SOURCE-REVIEW.md
X09.L016,GLOBAL,- 分支 `agent/native-pc-visual`，串行推进；默认同一 Draft PR，不自动合并。,09_SCOPE_AND_DECISIONS.md:16,ORIGINAL_ZIP,app/src/main/java/game/sanguo/mobile/MainActivity.java; app/src/main/java/game/sanguo/mobile/ScenarioFactionPicker.java; app/src/main/java/game/sanguo/mobile/MapHost.java; app/src/main/java/game/sanguo/mobile/FilamentMapView.java; app/src/main/java/game/sanguo/mobile/SceneRenderGate.java; app/src/main/java/game/sanguo/mobile/SceneWorkQueue.java; app/src/main/java/game/sanguo/mobile/SceneAssetQueue.java,bash scripts/test-architecture.sh; python3 scripts/check-native-protected-assets.py,17bd3376508499f2681d3e296939452383506a1e,98edd7f758d41b89826d03e6fd1be3366bbea173d679a58bdd5f157b8e9479f4,该行以注明的host/source/CI为证；设备专项见runtime-cases.json,NOT_RUN,EVIDENCE,当前轮只把明确原始日志范围作为支持证据；该复合契约完整验收未执行，不继承旧PASS或历史设备结果。,evidence/host/logs/test-architecture.log; evidence/host/logs/check-native-protected-assets-fetched.log; docs/native-pc-visual/evidence/firebase-20260928/SOURCE-REVIEW.md
X09.L017,GLOBAL,- 默认复用现有 Filament/OpenGL；不是另写一套通用引擎。纯 GLES 替代仅由 R00 的实测阻塞触发。,09_SCOPE_AND_DECISIONS.md:17,ORIGINAL_ZIP,app/src/main/java/game/sanguo/mobile/MainActivity.java; app/src/main/java/game/sanguo/mobile/ScenarioFactionPicker.java; app/src/main/java/game/sanguo/mobile/MapHost.java; app/src/main/java/game/sanguo/mobile/FilamentMapView.java; app/src/main/java/game/sanguo/mobile/SceneRenderGate.java; app/src/main/java/game/sanguo/mobile/SceneWorkQueue.java; app/src/main/java/game/sanguo/mobile/SceneAssetQueue.java,bash scripts/test-architecture.sh; python3 scripts/check-native-protected-assets.py,17bd3376508499f2681d3e296939452383506a1e,98edd7f758d41b89826d03e6fd1be3366bbea173d679a58bdd5f157b8e9479f4,该行以注明的host/source/CI为证；设备专项见runtime-cases.json,NOT_RUN,EVIDENCE,当前轮只把明确原始日志范围作为支持证据；该复合契约完整验收未执行，不继承旧PASS或历史设备结果。,evidence/host/logs/test-architecture.log; evidence/host/logs/check-native-protected-assets-fetched.log; docs/native-pc-visual/evidence/firebase-20260928/SOURCE-REVIEW.md
X09.L018,GLOBAL,- 存在 2D 回退，但不能把自动回退当成 3D 已通过。R18 前不强行默认 3D；切换策略按验收结果决定。,09_SCOPE_AND_DECISIONS.md:18,ORIGINAL_ZIP,app/src/main/java/game/sanguo/mobile/MainActivity.java; app/src/main/java/game/sanguo/mobile/ScenarioFactionPicker.java; app/src/main/java/game/sanguo/mobile/MapHost.java; app/src/main/java/game/sanguo/mobile/FilamentMapView.java; app/src/main/java/game/sanguo/mobile/SceneRenderGate.java; app/src/main/java/game/sanguo/mobile/SceneWorkQueue.java; app/src/main/java/game/sanguo/mobile/SceneAssetQueue.java,bash scripts/test-architecture.sh; python3 scripts/check-native-protected-assets.py,17bd3376508499f2681d3e296939452383506a1e,98edd7f758d41b89826d03e6fd1be3366bbea173d679a58bdd5f157b8e9479f4,该行以注明的host/source/CI为证；设备专项见runtime-cases.json,NOT_RUN,EVIDENCE,当前轮只把明确原始日志范围作为支持证据；该复合契约完整验收未执行，不继承旧PASS或历史设备结果。,evidence/host/logs/test-architecture.log; evidence/host/logs/check-native-protected-assets-fetched.log; docs/native-pc-visual/evidence/firebase-20260928/SOURCE-REVIEW.md
X09.L019,GLOBAL,- 不保证“普通手机随便几千棵树无压力”“换 API 就能达到原版”。性能、美术和可操作性分别有门槛。,09_SCOPE_AND_DECISIONS.md:19,ORIGINAL_ZIP,app/src/main/java/game/sanguo/mobile/MainActivity.java; app/src/main/java/game/sanguo/mobile/ScenarioFactionPicker.java; app/src/main/java/game/sanguo/mobile/MapHost.java; app/src/main/java/game/sanguo/mobile/FilamentMapView.java; app/src/main/java/game/sanguo/mobile/SceneRenderGate.java; app/src/main/java/game/sanguo/mobile/SceneWorkQueue.java; app/src/main/java/game/sanguo/mobile/SceneAssetQueue.java,bash scripts/test-architecture.sh; python3 scripts/check-native-protected-assets.py,17bd3376508499f2681d3e296939452383506a1e,98edd7f758d41b89826d03e6fd1be3366bbea173d679a58bdd5f157b8e9479f4,该行以注明的host/source/CI为证；设备专项见runtime-cases.json,NOT_RUN,EVIDENCE,当前轮只把明确原始日志范围作为支持证据；该复合契约完整验收未执行，不继承旧PASS或历史设备结果。,evidence/host/logs/test-architecture.log; evidence/host/logs/check-native-protected-assets-fetched.log; docs/native-pc-visual/evidence/firebase-20260928/SOURCE-REVIEW.md
X09.L020,GLOBAL,- 没有资产/参考/真机就明确缺项，不因阶段编号推进自动清债。,09_SCOPE_AND_DECISIONS.md:20,ORIGINAL_ZIP,app/src/main/java/game/sanguo/mobile/MainActivity.java; app/src/main/java/game/sanguo/mobile/ScenarioFactionPicker.java; app/src/main/java/game/sanguo/mobile/MapHost.java; app/src/main/java/game/sanguo/mobile/FilamentMapView.java; app/src/main/java/game/sanguo/mobile/SceneRenderGate.java; app/src/main/java/game/sanguo/mobile/SceneWorkQueue.java; app/src/main/java/game/sanguo/mobile/SceneAssetQueue.java,bash scripts/test-architecture.sh; python3 scripts/check-native-protected-assets.py,17bd3376508499f2681d3e296939452383506a1e,98edd7f758d41b89826d03e6fd1be3366bbea173d679a58bdd5f157b8e9479f4,该行以注明的host/source/CI为证；设备专项见runtime-cases.json,NOT_RUN,EVIDENCE,当前轮只把明确原始日志范围作为支持证据；该复合契约完整验收未执行，不继承旧PASS或历史设备结果。,evidence/host/logs/test-architecture.log; evidence/host/logs/check-native-protected-assets-fetched.log; docs/native-pc-visual/evidence/firebase-20260928/SOURCE-REVIEW.md
X09.L024,GLOBAL,实现写完、构建可用、模拟器通过、ARM64 通过、视觉通过、性能通过、远端可取是独立字段。阶段范围不涉及某一门槛可以说明不适用；涉及但没做只能 NOT_RUN/PARTIAL。,09_SCOPE_AND_DECISIONS.md:24,ORIGINAL_ZIP,app/src/main/java/game/sanguo/mobile/MainActivity.java; app/src/main/java/game/sanguo/mobile/ScenarioFactionPicker.java; app/src/main/java/game/sanguo/mobile/MapHost.java; app/src/main/java/game/sanguo/mobile/FilamentMapView.java; app/src/main/java/game/sanguo/mobile/SceneRenderGate.java; app/src/main/java/game/sanguo/mobile/SceneWorkQueue.java; app/src/main/java/game/sanguo/mobile/SceneAssetQueue.java,bash scripts/test-architecture.sh; python3 scripts/check-native-protected-assets.py,17bd3376508499f2681d3e296939452383506a1e,98edd7f758d41b89826d03e6fd1be3366bbea173d679a58bdd5f157b8e9479f4,该行以注明的host/source/CI为证；设备专项见runtime-cases.json,NOT_RUN,EVIDENCE,当前轮只把明确原始日志范围作为支持证据；该复合契约完整验收未执行，不继承旧PASS或历史设备结果。,evidence/host/logs/test-architecture.log; evidence/host/logs/check-native-protected-assets-fetched.log; docs/native-pc-visual/evidence/firebase-20260928/SOURCE-REVIEW.md
XR00.L004,R00,这不是方案讨论、目录规划、素材提示词或独立演示任务。必须真正修改正式源码/资源，接入现有游戏运行路径，验证、构建本阶段 APK、commit、push 并创建/更新真实代码 PR。,prompts/R00_PROMPT.md:4,ORIGINAL_ZIP,app/src/main/java/game/sanguo/mobile/MainActivity.java; app/src/main/java/game/sanguo/mobile/ScenarioFactionPicker.java; app/src/main/java/game/sanguo/mobile/MapHost.java; app/src/main/java/game/sanguo/mobile/FilamentMapView.java,bash scripts/test-native-r00-r14-audit.sh; python3 scripts/check-native-protected-assets.py,17bd3376508499f2681d3e296939452383506a1e,98edd7f758d41b89826d03e6fd1be3366bbea173d679a58bdd5f157b8e9479f4,该行以注明的host/source/CI为证；设备专项见runtime-cases.json,NOT_RUN,EVIDENCE,正常冷启动、全国preview、势力触点和开局实际执行；完整既有档/手势/全部环境门槛未全部闭合。,evidence/host/logs/test-native-r00-r14-audit-jdk17.log; evidence/host/logs/check-native-protected-assets-fetched.log; docs/native-pc-visual/evidence/firebase-20260928/SOURCE-REVIEW.md
XR00.L008,R00,完整读取本包 `00_GLOBAL_RULES.md`、`01_ROADMAP.md`、`02_BASELINE_AUDIT.md`、`03_RENDER_CONTRACTS.md`、`04_VISUAL_ACCEPTANCE.md`、`05_ASSET_PIPELINE.md`、`06_TEST_AND_PERF.md`、`07_GIT_DELIVERY.md` 和本阶段全文。,prompts/R00_PROMPT.md:8,ORIGINAL_ZIP,app/src/main/java/game/sanguo/mobile/MainActivity.java; app/src/main/java/game/sanguo/mobile/ScenarioFactionPicker.java; app/src/main/java/game/sanguo/mobile/MapHost.java; app/src/main/java/game/sanguo/mobile/FilamentMapView.java,bash scripts/test-native-r00-r14-audit.sh; python3 scripts/check-native-protected-assets.py,17bd3376508499f2681d3e296939452383506a1e,98edd7f758d41b89826d03e6fd1be3366bbea173d679a58bdd5f157b8e9479f4,该行以注明的host/source/CI为证；设备专项见runtime-cases.json,NOT_RUN,EVIDENCE,正常冷启动、全国preview、势力触点和开局实际执行；完整既有档/手势/全部环境门槛未全部闭合。,evidence/host/logs/test-native-r00-r14-audit-jdk17.log; evidence/host/logs/check-native-protected-assets-fetched.log; docs/native-pc-visual/evidence/firebase-20260928/SOURCE-REVIEW.md
XR00.L010,R00,读取远端 `agent/native-pc-visual` 最新提交与对应 PR；首次 R00 才从包含架构优化的最新 main 建分支。已知检查点 `ac29b458325b52d6e302ca44270d16552de4ed7f` 不是强制回退点。不要从旧 main/Unity 分支重启，不覆盖 S01–S13 和 game-api/game-runtime 成果，不重做已可用底层。,prompts/R00_PROMPT.md:10,ORIGINAL_ZIP,app/src/main/java/game/sanguo/mobile/MainActivity.java; app/src/main/java/game/sanguo/mobile/ScenarioFactionPicker.java; app/src/main/java/game/sanguo/mobile/MapHost.java; app/src/main/java/game/sanguo/mobile/FilamentMapView.java,bash scripts/test-native-r00-r14-audit.sh; python3 scripts/check-native-protected-assets.py,17bd3376508499f2681d3e296939452383506a1e,98edd7f758d41b89826d03e6fd1be3366bbea173d679a58bdd5f157b8e9479f4,该行以注明的host/source/CI为证；设备专项见runtime-cases.json,NOT_RUN,EVIDENCE,正常冷启动、全国preview、势力触点和开局实际执行；完整既有档/手势/全部环境门槛未全部闭合。,evidence/host/logs/test-native-r00-r14-audit-jdk17.log; evidence/host/logs/check-native-protected-assets-fetched.log; docs/native-pc-visual/evidence/firebase-20260928/SOURCE-REVIEW.md
XR00.L012,R00,默认保留现有 Filament/OpenGL 原生后端；遵守 R00 的唯一后端决定。不要重启 Unity/Godot/Unreal，不无依据另写完整 GLES 引擎。保留 Java 唯一规则权威、现有地图拓扑/坐标/占地/数据与存档。,prompts/R00_PROMPT.md:12,ORIGINAL_ZIP,app/src/main/java/game/sanguo/mobile/MainActivity.java; app/src/main/java/game/sanguo/mobile/ScenarioFactionPicker.java; app/src/main/java/game/sanguo/mobile/MapHost.java; app/src/main/java/game/sanguo/mobile/FilamentMapView.java,bash scripts/test-native-r00-r14-audit.sh; python3 scripts/check-native-protected-assets.py,17bd3376508499f2681d3e296939452383506a1e,98edd7f758d41b89826d03e6fd1be3366bbea173d679a58bdd5f157b8e9479f4,该行以注明的host/source/CI为证；设备专项见runtime-cases.json,NOT_RUN,EVIDENCE,正常冷启动、全国preview、势力触点和开局实际执行；完整既有档/手势/全部环境门槛未全部闭合。,evidence/host/logs/test-native-r00-r14-audit-jdk17.log; evidence/host/logs/check-native-protected-assets-fetched.log; docs/native-pc-visual/evidence/firebase-20260928/SOURCE-REVIEW.md
XR00.L014,R00,全程使用 `agent/native-pc-visual` 与同一个指向 main 的 PR。**暂不合并 main，不处理其他 PR，不删分支、不 force push。** GitHub 瞬时失败先读远端确认结果，再有限重试。,prompts/R00_PROMPT.md:14,ORIGINAL_ZIP,app/src/main/java/game/sanguo/mobile/MainActivity.java; app/src/main/java/game/sanguo/mobile/ScenarioFactionPicker.java; app/src/main/java/game/sanguo/mobile/MapHost.java; app/src/main/java/game/sanguo/mobile/FilamentMapView.java,bash scripts/test-native-r00-r14-audit.sh; python3 scripts/check-native-protected-assets.py,17bd3376508499f2681d3e296939452383506a1e,98edd7f758d41b89826d03e6fd1be3366bbea173d679a58bdd5f157b8e9479f4,该行以注明的host/source/CI为证；设备专项见runtime-cases.json,NOT_RUN,EVIDENCE,正常冷启动、全国preview、势力触点和开局实际执行；完整既有档/手势/全部环境门槛未全部闭合。,evidence/host/logs/test-native-r00-r14-audit-jdk17.log; evidence/host/logs/check-native-protected-assets-fetched.log; docs/native-pc-visual/evidence/firebase-20260928/SOURCE-REVIEW.md
XR00.L016,R00,读取 `docs/native-pc-visual/PROGRESS.md`、`DEFECTS.md`、前阶段报告/交接和现有架构/原生美术报告。无前阶段；先完成本阶段基线核查。,prompts/R00_PROMPT.md:16,ORIGINAL_ZIP,app/src/main/java/game/sanguo/mobile/MainActivity.java; app/src/main/java/game/sanguo/mobile/ScenarioFactionPicker.java; app/src/main/java/game/sanguo/mobile/MapHost.java; app/src/main/java/game/sanguo/mobile/FilamentMapView.java,bash scripts/test-native-r00-r14-audit.sh; python3 scripts/check-native-protected-assets.py,17bd3376508499f2681d3e296939452383506a1e,98edd7f758d41b89826d03e6fd1be3366bbea173d679a58bdd5f157b8e9479f4,该行以注明的host/source/CI为证；设备专项见runtime-cases.json,NOT_RUN,EVIDENCE,正常冷启动、全国preview、势力触点和开局实际执行；完整既有档/手势/全部环境门槛未全部闭合。,evidence/host/logs/test-native-r00-r14-audit-jdk17.log; evidence/host/logs/check-native-protected-assets-fetched.log; docs/native-pc-visual/evidence/firebase-20260928/SOURCE-REVIEW.md
XR00.L024,R00,先读 02_BASELINE_AUDIT.md；实际读取最新 main/本路线分支、PR #66 的实时状态、app/build.gradle、settings.gradle、version.properties、FilamentMapView、MapHost、GameSession、架构边界/交付报告、旧 S13 报告。用 git ls-files 定位，不把旧文档当当前代码。,prompts/R00_PROMPT.md:24,ORIGINAL_ZIP,app/src/main/java/game/sanguo/mobile/MainActivity.java; app/src/main/java/game/sanguo/mobile/ScenarioFactionPicker.java; app/src/main/java/game/sanguo/mobile/MapHost.java; app/src/main/java/game/sanguo/mobile/FilamentMapView.java,bash scripts/test-native-r00-r14-audit.sh; python3 scripts/check-native-protected-assets.py,17bd3376508499f2681d3e296939452383506a1e,98edd7f758d41b89826d03e6fd1be3366bbea173d679a58bdd5f157b8e9479f4,该行以注明的host/source/CI为证；设备专项见runtime-cases.json,NOT_RUN,EVIDENCE,正常冷启动、全国preview、势力触点和开局实际执行；完整既有档/手势/全部环境门槛未全部闭合。,evidence/host/logs/test-native-r00-r14-audit-jdk17.log; evidence/host/logs/check-native-protected-assets-fetched.log; docs/native-pc-visual/evidence/firebase-20260928/SOURCE-REVIEW.md
XR00.L047,R00,仍需执行全局要求的受影响玩法/架构回归、实际 Android 构建与本阶段图形运行。继承失败和新失败分开，不能删除断言、跳过受影响用例或把 NOT_RUN 写为 PASS。,prompts/R00_PROMPT.md:47,ORIGINAL_ZIP,app/src/main/java/game/sanguo/mobile/MainActivity.java; app/src/main/java/game/sanguo/mobile/ScenarioFactionPicker.java; app/src/main/java/game/sanguo/mobile/MapHost.java; app/src/main/java/game/sanguo/mobile/FilamentMapView.java,bash scripts/test-native-r00-r14-audit.sh; python3 scripts/check-native-protected-assets.py,17bd3376508499f2681d3e296939452383506a1e,98edd7f758d41b89826d03e6fd1be3366bbea173d679a58bdd5f157b8e9479f4,该行以注明的host/source/CI为证；设备专项见runtime-cases.json,NOT_RUN,EVIDENCE,正常冷启动、全国preview、势力触点和开局实际执行；完整既有档/手势/全部环境门槛未全部闭合。,evidence/host/logs/test-native-r00-r14-audit-jdk17.log; evidence/host/logs/check-native-protected-assets-fetched.log; docs/native-pc-visual/evidence/firebase-20260928/SOURCE-REVIEW.md
XR00.L053,R00,构建成功≠运行成功；模拟器通过≠真机通过；有模型≠美术达标；截图有颜色≠PC 对照通过。缺实际参考/资产/设备时继续完成可做工作，但状态诚实保留 PARTIAL/BLOCKED，不把计划当完成。,prompts/R00_PROMPT.md:53,ORIGINAL_ZIP,app/src/main/java/game/sanguo/mobile/MainActivity.java; app/src/main/java/game/sanguo/mobile/ScenarioFactionPicker.java; app/src/main/java/game/sanguo/mobile/MapHost.java; app/src/main/java/game/sanguo/mobile/FilamentMapView.java,bash scripts/test-native-r00-r14-audit.sh; python3 scripts/check-native-protected-assets.py,17bd3376508499f2681d3e296939452383506a1e,98edd7f758d41b89826d03e6fd1be3366bbea173d679a58bdd5f157b8e9479f4,该行以注明的host/source/CI为证；设备专项见runtime-cases.json,BLOCKED,REFERENCE_EVIDENCE,正常冷启动、全国preview、势力触点和开局实际执行；完整既有档/手势/全部环境门槛未全部闭合。 现有参考索引有图，但区域/季节/相机/版本不全，未取得此条所需可比图组。,evidence/host/logs/test-native-r00-r14-audit-jdk17.log; evidence/host/logs/check-native-protected-assets-fetched.log; docs/native-pc-visual/evidence/firebase-20260928/SOURCE-REVIEW.md
XR00.L059,R00,交接文件落在 `docs/native-pc-visual/reports/R00.md` 和 `docs/native-pc-visual/handoffs/R00.md`，同步更新 PROGRESS/DEFECTS/资产清单。大制品用 CI artifacts 或实际可下载附件，避免 Git 膨胀。,prompts/R00_PROMPT.md:59,ORIGINAL_ZIP,app/src/main/java/game/sanguo/mobile/MainActivity.java; app/src/main/java/game/sanguo/mobile/ScenarioFactionPicker.java; app/src/main/java/game/sanguo/mobile/MapHost.java; app/src/main/java/game/sanguo/mobile/FilamentMapView.java,bash scripts/test-native-r00-r14-audit.sh; python3 scripts/check-native-protected-assets.py,17bd3376508499f2681d3e296939452383506a1e,98edd7f758d41b89826d03e6fd1be3366bbea173d679a58bdd5f157b8e9479f4,该行以注明的host/source/CI为证；设备专项见runtime-cases.json,NOT_RUN,EVIDENCE,正常冷启动、全国preview、势力触点和开局实际执行；完整既有档/手势/全部环境门槛未全部闭合。,evidence/host/logs/test-native-r00-r14-audit-jdk17.log; evidence/host/logs/check-native-protected-assets-fetched.log; docs/native-pc-visual/evidence/firebase-20260928/SOURCE-REVIEW.md
XR00.L061,R00,本轮最终回复前，把全部必要生产源码/资产/测试实际 commit/push，复读远端 HEAD/PR。交付 source SHA 精确对应的独立 APK、SHA-256、应用 ID/版本/ABI、实际后端、证据包、测试与未完成项。若末尾只补报告，分别注明 source SHA 与 evidence-only HEAD；修改生产代码后必须重建。,prompts/R00_PROMPT.md:61,ORIGINAL_ZIP,app/src/main/java/game/sanguo/mobile/MainActivity.java; app/src/main/java/game/sanguo/mobile/ScenarioFactionPicker.java; app/src/main/java/game/sanguo/mobile/MapHost.java; app/src/main/java/game/sanguo/mobile/FilamentMapView.java,bash scripts/test-native-r00-r14-audit.sh; python3 scripts/check-native-protected-assets.py,17bd3376508499f2681d3e296939452383506a1e,98edd7f758d41b89826d03e6fd1be3366bbea173d679a58bdd5f157b8e9479f4,该行以注明的host/source/CI为证；设备专项见runtime-cases.json,NOT_RUN,EVIDENCE,正常冷启动、全国preview、势力触点和开局实际执行；完整既有档/手势/全部环境门槛未全部闭合。,evidence/host/logs/test-native-r00-r14-audit-jdk17.log; evidence/host/logs/check-native-protected-assets-fetched.log; docs/native-pc-visual/evidence/firebase-20260928/SOURCE-REVIEW.md
XR00.L063,R00,无法构建/安装/推送时给出原始错误和实际完成范围，不伪造 APK/链接/远端提交，不只回复一份下一步计划。,prompts/R00_PROMPT.md:63,ORIGINAL_ZIP,app/src/main/java/game/sanguo/mobile/MainActivity.java; app/src/main/java/game/sanguo/mobile/ScenarioFactionPicker.java; app/src/main/java/game/sanguo/mobile/MapHost.java; app/src/main/java/game/sanguo/mobile/FilamentMapView.java,bash scripts/test-native-r00-r14-audit.sh; python3 scripts/check-native-protected-assets.py,17bd3376508499f2681d3e296939452383506a1e,98edd7f758d41b89826d03e6fd1be3366bbea173d679a58bdd5f157b8e9479f4,该行以注明的host/source/CI为证；设备专项见runtime-cases.json,NOT_RUN,EVIDENCE,正常冷启动、全国preview、势力触点和开局实际执行；完整既有档/手势/全部环境门槛未全部闭合。,evidence/host/logs/test-native-r00-r14-audit-jdk17.log; evidence/host/logs/check-native-protected-assets-fetched.log; docs/native-pc-visual/evidence/firebase-20260928/SOURCE-REVIEW.md
XR00.L067,R00,禁止把 R00 做成纯审计文档；禁止直接从旧 Unity 分支当新基线；禁止未经实测升级 Filament/Java/SDK；禁止把旧 35 MB APK 改名作本阶段交付。,prompts/R00_PROMPT.md:67,ORIGINAL_ZIP,app/src/main/java/game/sanguo/mobile/MainActivity.java; app/src/main/java/game/sanguo/mobile/ScenarioFactionPicker.java; app/src/main/java/game/sanguo/mobile/MapHost.java; app/src/main/java/game/sanguo/mobile/FilamentMapView.java,bash scripts/test-native-r00-r14-audit.sh; python3 scripts/check-native-protected-assets.py,17bd3376508499f2681d3e296939452383506a1e,98edd7f758d41b89826d03e6fd1be3366bbea173d679a58bdd5f157b8e9479f4,该行以注明的host/source/CI为证；设备专项见runtime-cases.json,NOT_RUN,EVIDENCE,正常冷启动、全国preview、势力触点和开局实际执行；完整既有档/手势/全部环境门槛未全部闭合。,evidence/host/logs/test-native-r00-r14-audit-jdk17.log; evidence/host/logs/check-native-protected-assets-fetched.log; docs/native-pc-visual/evidence/firebase-20260928/SOURCE-REVIEW.md
XR01.L016,R01,读取 `docs/native-pc-visual/PROGRESS.md`、`DEFECTS.md`、前阶段报告/交接和现有架构/原生美术报告。读取 R00 的远端交接及所依赖门槛；先修会阻塞本阶段的前置问题，再执行本阶段。,prompts/R01_PROMPT.md:16,ORIGINAL_ZIP,app/src/main/java/game/sanguo/mobile/MapHost.java; app/src/main/java/game/sanguo/mobile/SceneRenderGate.java; app/src/main/java/game/sanguo/mobile/SceneWorkQueue.java; app/src/main/java/game/sanguo/mobile/SceneAssetQueue.java; app/src/main/java/game/sanguo/mobile/FilamentMapView.java,bash scripts/test-native-r01.sh; bash scripts/test-architecture.sh,17bd3376508499f2681d3e296939452383506a1e,98edd7f758d41b89826d03e6fd1be3366bbea173d679a58bdd5f157b8e9479f4,该行以注明的host/source/CI为证；设备专项见runtime-cases.json,NOT_RUN,EVIDENCE,API35与API29完整20切换+20 HOME/恢复已执行；故意延迟worker、坏资源/构造/进程死亡完整真机矩阵尚未执行。,evidence/host/logs/test-native-r01.log; evidence/host/logs/test-architecture.log; docs/native-pc-visual/evidence/firebase-20260928/SOURCE-REVIEW.md
XR01.L058,R01,交接文件落在 `docs/native-pc-visual/reports/R01.md` 和 `docs/native-pc-visual/handoffs/R01.md`，同步更新 PROGRESS/DEFECTS/资产清单。大制品用 CI artifacts 或实际可下载附件，避免 Git 膨胀。,prompts/R01_PROMPT.md:58,ORIGINAL_ZIP,app/src/main/java/game/sanguo/mobile/MapHost.java; app/src/main/java/game/sanguo/mobile/SceneRenderGate.java; app/src/main/java/game/sanguo/mobile/SceneWorkQueue.java; app/src/main/java/game/sanguo/mobile/SceneAssetQueue.java; app/src/main/java/game/sanguo/mobile/FilamentMapView.java,bash scripts/test-native-r01.sh; bash scripts/test-architecture.sh,17bd3376508499f2681d3e296939452383506a1e,98edd7f758d41b89826d03e6fd1be3366bbea173d679a58bdd5f157b8e9479f4,该行以注明的host/source/CI为证；设备专项见runtime-cases.json,NOT_RUN,EVIDENCE,API35与API29完整20切换+20 HOME/恢复已执行；故意延迟worker、坏资源/构造/进程死亡完整真机矩阵尚未执行。,evidence/host/logs/test-native-r01.log; evidence/host/logs/test-architecture.log; docs/native-pc-visual/evidence/firebase-20260928/SOURCE-REVIEW.md
XR01.L066,R01,禁止重做 World/GameSession；禁止只新增 wrapper 不替换生产路径；禁止给 Filament 套 GLSurfaceView 双重管理；禁止用无限队列/全量复制掩盖并发问题。,prompts/R01_PROMPT.md:66,ORIGINAL_ZIP,app/src/main/java/game/sanguo/mobile/MapHost.java; app/src/main/java/game/sanguo/mobile/SceneRenderGate.java; app/src/main/java/game/sanguo/mobile/SceneWorkQueue.java; app/src/main/java/game/sanguo/mobile/SceneAssetQueue.java; app/src/main/java/game/sanguo/mobile/FilamentMapView.java,bash scripts/test-native-r01.sh; bash scripts/test-architecture.sh,17bd3376508499f2681d3e296939452383506a1e,98edd7f758d41b89826d03e6fd1be3366bbea173d679a58bdd5f157b8e9479f4,该行以注明的host/source/CI为证；设备专项见runtime-cases.json,NOT_RUN,EVIDENCE,API35与API29完整20切换+20 HOME/恢复已执行；故意延迟worker、坏资源/构造/进程死亡完整真机矩阵尚未执行。,evidence/host/logs/test-native-r01.log; evidence/host/logs/test-architecture.log; docs/native-pc-visual/evidence/firebase-20260928/SOURCE-REVIEW.md
XR02.L016,R02,读取 `docs/native-pc-visual/PROGRESS.md`、`DEFECTS.md`、前阶段报告/交接和现有架构/原生美术报告。读取 R01 的远端交接及所依赖门槛；先修会阻塞本阶段的前置问题，再执行本阶段。,prompts/R02_PROMPT.md:16,ORIGINAL_ZIP,app/src/main/java/game/sanguo/mobile/SceneCamera.java; app/src/main/java/game/sanguo/mobile/ScenePicking.java; app/src/main/java/game/sanguo/mobile/GridWorldTransform.java; app/src/main/java/game/sanguo/mobile/FilamentMapView.java,bash scripts/test-native-r02.sh,17bd3376508499f2681d3e296939452383506a1e,98edd7f758d41b89826d03e6fd1be3366bbea173d679a58bdd5f157b8e9479f4,该行以注明的host/source/CI为证；设备专项见runtime-cases.json,NOT_RUN,EVIDENCE,主机投影/表面拾取已执行；实际设备三分辨率、全部倾角/遮挡/UI边缘完整矩阵尚未执行。,evidence/host/logs/test-native-r02.log; docs/native-pc-visual/evidence/firebase-20260928/SOURCE-REVIEW.md
XR02.L058,R02,交接文件落在 `docs/native-pc-visual/reports/R02.md` 和 `docs/native-pc-visual/handoffs/R02.md`，同步更新 PROGRESS/DEFECTS/资产清单。大制品用 CI artifacts 或实际可下载附件，避免 Git 膨胀。,prompts/R02_PROMPT.md:58,ORIGINAL_ZIP,app/src/main/java/game/sanguo/mobile/SceneCamera.java; app/src/main/java/game/sanguo/mobile/ScenePicking.java; app/src/main/java/game/sanguo/mobile/GridWorldTransform.java; app/src/main/java/game/sanguo/mobile/FilamentMapView.java,bash scripts/test-native-r02.sh,17bd3376508499f2681d3e296939452383506a1e,98edd7f758d41b89826d03e6fd1be3366bbea173d679a58bdd5f157b8e9479f4,该行以注明的host/source/CI为证；设备专项见runtime-cases.json,NOT_RUN,EVIDENCE,主机投影/表面拾取已执行；实际设备三分辨率、全部倾角/遮挡/UI边缘完整矩阵尚未执行。,evidence/host/logs/test-native-r02.log; docs/native-pc-visual/evidence/firebase-20260928/SOURCE-REVIEW.md
XR02.L066,R02,禁止改 Hex 邻接公式来匹配画面；禁止点击模型就自动攻击/进驻；禁止假定世界 Y=0；禁止把画面旋转只实现为 UI 图片旋转。,prompts/R02_PROMPT.md:66,ORIGINAL_ZIP,app/src/main/java/game/sanguo/mobile/SceneCamera.java; app/src/main/java/game/sanguo/mobile/ScenePicking.java; app/src/main/java/game/sanguo/mobile/GridWorldTransform.java; app/src/main/java/game/sanguo/mobile/FilamentMapView.java,bash scripts/test-native-r02.sh,17bd3376508499f2681d3e296939452383506a1e,98edd7f758d41b89826d03e6fd1be3366bbea173d679a58bdd5f157b8e9479f4,该行以注明的host/source/CI为证；设备专项见runtime-cases.json,NOT_RUN,EVIDENCE,主机投影/表面拾取已执行；实际设备三分辨率、全部倾角/遮挡/UI边缘完整矩阵尚未执行。,evidence/host/logs/test-native-r02.log; docs/native-pc-visual/evidence/firebase-20260928/SOURCE-REVIEW.md
XR03.L016,R03,读取 `docs/native-pc-visual/PROGRESS.md`、`DEFECTS.md`、前阶段报告/交接和现有架构/原生美术报告。读取 R02 的远端交接及所依赖门槛；先修会阻塞本阶段的前置问题，再执行本阶段。,prompts/R03_PROMPT.md:16,ORIGINAL_ZIP,app/src/main/java/game/sanguo/mobile/TerrainSurface.java; app/src/main/java/game/sanguo/mobile/SceneMesh.java; app/src/main/java/game/sanguo/mobile/SceneWorkQueue.java; app/src/main/java/game/sanguo/mobile/FilamentMapView.java,bash scripts/test-native-r03.sh; bash scripts/test-native-ground-stream.sh,17bd3376508499f2681d3e296939452383506a1e,98edd7f758d41b89826d03e6fd1be3366bbea173d679a58bdd5f157b8e9479f4,该行以注明的host/source/CI为证；设备专项见runtime-cases.json,NOT_RUN,EVIDENCE,主机共享边、LOD有限性、受限缓存、局部失效及权威不变已执行；完整实拍跨块/缩放及道路通行未闭合。,evidence/host/logs/test-native-r03.log; evidence/host/logs/test-native-ground-stream.log; docs/native-pc-visual/evidence/firebase-20260928/SOURCE-REVIEW.md
XR03.L059,R03,交接文件落在 `docs/native-pc-visual/reports/R03.md` 和 `docs/native-pc-visual/handoffs/R03.md`，同步更新 PROGRESS/DEFECTS/资产清单。大制品用 CI artifacts 或实际可下载附件，避免 Git 膨胀。,prompts/R03_PROMPT.md:59,ORIGINAL_ZIP,app/src/main/java/game/sanguo/mobile/TerrainSurface.java; app/src/main/java/game/sanguo/mobile/SceneMesh.java; app/src/main/java/game/sanguo/mobile/SceneWorkQueue.java; app/src/main/java/game/sanguo/mobile/FilamentMapView.java,bash scripts/test-native-r03.sh; bash scripts/test-native-ground-stream.sh,17bd3376508499f2681d3e296939452383506a1e,98edd7f758d41b89826d03e6fd1be3366bbea173d679a58bdd5f157b8e9479f4,该行以注明的host/source/CI为证；设备专项见runtime-cases.json,NOT_RUN,EVIDENCE,主机共享边、LOD有限性、受限缓存、局部失效及权威不变已执行；完整实拍跨块/缩放及道路通行未闭合。,evidence/host/logs/test-native-r03.log; evidence/host/logs/test-native-ground-stream.log; docs/native-pc-visual/evidence/firebase-20260928/SOURCE-REVIEW.md
XR03.L067,R03,禁止重新数字化全国地图；禁止曲线平滑吞掉港口/关卡；禁止“细分三角形更多”就称轮廓更连续；禁止全图一次巨型 Mesh。,prompts/R03_PROMPT.md:67,ORIGINAL_ZIP,app/src/main/java/game/sanguo/mobile/TerrainSurface.java; app/src/main/java/game/sanguo/mobile/SceneMesh.java; app/src/main/java/game/sanguo/mobile/SceneWorkQueue.java; app/src/main/java/game/sanguo/mobile/FilamentMapView.java,bash scripts/test-native-r03.sh; bash scripts/test-native-ground-stream.sh,17bd3376508499f2681d3e296939452383506a1e,98edd7f758d41b89826d03e6fd1be3366bbea173d679a58bdd5f157b8e9479f4,该行以注明的host/source/CI为证；设备专项见runtime-cases.json,NOT_RUN,EVIDENCE,主机共享边、LOD有限性、受限缓存、局部失效及权威不变已执行；完整实拍跨块/缩放及道路通行未闭合。,evidence/host/logs/test-native-r03.log; evidence/host/logs/test-native-ground-stream.log; docs/native-pc-visual/evidence/firebase-20260928/SOURCE-REVIEW.md
XR04.L016,R04,读取 `docs/native-pc-visual/PROGRESS.md`、`DEFECTS.md`、前阶段报告/交接和现有架构/原生美术报告。读取 R03 的远端交接及所依赖门槛；先修会阻塞本阶段的前置问题，再执行本阶段。,prompts/R04_PROMPT.md:16,ORIGINAL_ZIP,app/src/main/java/game/sanguo/mobile/TerrainMaterialField.java; app/src/main/java/game/sanguo/mobile/TerrainMaterialLod.java; app/src/main/java/game/sanguo/mobile/TerrainSurface.java; app/src/main/java/game/sanguo/mobile/SceneMesh.java; app/src/main/java/game/sanguo/mobile/FilamentMapView.java,bash scripts/test-native-r04.sh; python3 scripts/test-native-overview-material.py,17bd3376508499f2681d3e296939452383506a1e,98edd7f758d41b89826d03e6fd1be3366bbea173d679a58bdd5f157b8e9479f4,该行以注明的host/source/CI为证；设备专项见runtime-cases.json,NOT_RUN,EVIDENCE,主机材质检查已执行，真机材质有实际画面；PC匹配、全画质/方向/mip与颜色安装矩阵不足。,evidence/host/logs/test-native-r04.log; evidence/host/logs/test-native-overview-material-jdk17.log; docs/native-pc-visual/evidence/firebase-20260928/SOURCE-REVIEW.md
XR04.L058,R04,交接文件落在 `docs/native-pc-visual/reports/R04.md` 和 `docs/native-pc-visual/handoffs/R04.md`，同步更新 PROGRESS/DEFECTS/资产清单。大制品用 CI artifacts 或实际可下载附件，避免 Git 膨胀。,prompts/R04_PROMPT.md:58,ORIGINAL_ZIP,app/src/main/java/game/sanguo/mobile/TerrainMaterialField.java; app/src/main/java/game/sanguo/mobile/TerrainMaterialLod.java; app/src/main/java/game/sanguo/mobile/TerrainSurface.java; app/src/main/java/game/sanguo/mobile/SceneMesh.java; app/src/main/java/game/sanguo/mobile/FilamentMapView.java,bash scripts/test-native-r04.sh; python3 scripts/test-native-overview-material.py,17bd3376508499f2681d3e296939452383506a1e,98edd7f758d41b89826d03e6fd1be3366bbea173d679a58bdd5f157b8e9479f4,该行以注明的host/source/CI为证；设备专项见runtime-cases.json,NOT_RUN,EVIDENCE,主机材质检查已执行，真机材质有实际画面；PC匹配、全画质/方向/mip与颜色安装矩阵不足。,evidence/host/logs/test-native-r04.log; evidence/host/logs/test-native-overview-material-jdk17.log; docs/native-pc-visual/evidence/firebase-20260928/SOURCE-REVIEW.md
XR04.L066,R04,禁止只调 saturation/blur；禁止使用未取得的素材路径；禁止线性权重图被当 sRGB；禁止把低分辨率截图当“水墨风”遮盖不足。,prompts/R04_PROMPT.md:66,ORIGINAL_ZIP,app/src/main/java/game/sanguo/mobile/TerrainMaterialField.java; app/src/main/java/game/sanguo/mobile/TerrainMaterialLod.java; app/src/main/java/game/sanguo/mobile/TerrainSurface.java; app/src/main/java/game/sanguo/mobile/SceneMesh.java; app/src/main/java/game/sanguo/mobile/FilamentMapView.java,bash scripts/test-native-r04.sh; python3 scripts/test-native-overview-material.py,17bd3376508499f2681d3e296939452383506a1e,98edd7f758d41b89826d03e6fd1be3366bbea173d679a58bdd5f157b8e9479f4,该行以注明的host/source/CI为证；设备专项见runtime-cases.json,NOT_RUN,EVIDENCE,主机材质检查已执行，真机材质有实际画面；PC匹配、全画质/方向/mip与颜色安装矩阵不足。,evidence/host/logs/test-native-r04.log; evidence/host/logs/test-native-overview-material-jdk17.log; docs/native-pc-visual/evidence/firebase-20260928/SOURCE-REVIEW.md
XR05.L016,R05,读取 `docs/native-pc-visual/PROGRESS.md`、`DEFECTS.md`、前阶段报告/交接和现有架构/原生美术报告。读取 R04 的远端交接及所依赖门槛；先修会阻塞本阶段的前置问题，再执行本阶段。,prompts/R05_PROMPT.md:16,ORIGINAL_ZIP,app/src/main/java/game/sanguo/mobile/WaterVisualField.java; app/src/main/java/game/sanguo/mobile/TerrainSurface.java; app/src/main/java/game/sanguo/mobile/SceneMesh.java; app/src/main/java/game/sanguo/mobile/FilamentMapView.java,bash scripts/test-native-r05.sh,17bd3376508499f2681d3e296939452383506a1e,98edd7f758d41b89826d03e6fd1be3366bbea173d679a58bdd5f157b8e9479f4,该行以注明的host/source/CI为证；设备专项见runtime-cases.json,NOT_RUN,EVIDENCE,主机拓扑、oracle/refinement/winding、港口测试已执行；几何阶梯岸线是已证缺口，真机上下船和沿河完整录屏未执行。,evidence/host/logs/test-native-r05.log; docs/native-pc-visual/evidence/firebase-20260928/SOURCE-REVIEW.md
XR05.L058,R05,交接文件落在 `docs/native-pc-visual/reports/R05.md` 和 `docs/native-pc-visual/handoffs/R05.md`，同步更新 PROGRESS/DEFECTS/资产清单。大制品用 CI artifacts 或实际可下载附件，避免 Git 膨胀。,prompts/R05_PROMPT.md:58,ORIGINAL_ZIP,app/src/main/java/game/sanguo/mobile/WaterVisualField.java; app/src/main/java/game/sanguo/mobile/TerrainSurface.java; app/src/main/java/game/sanguo/mobile/SceneMesh.java; app/src/main/java/game/sanguo/mobile/FilamentMapView.java,bash scripts/test-native-r05.sh,17bd3376508499f2681d3e296939452383506a1e,98edd7f758d41b89826d03e6fd1be3366bbea173d679a58bdd5f157b8e9479f4,该行以注明的host/source/CI为证；设备专项见runtime-cases.json,NOT_RUN,EVIDENCE,主机拓扑、oracle/refinement/winding、港口测试已执行；几何阶梯岸线是已证缺口，真机上下船和沿河完整录屏未执行。,evidence/host/logs/test-native-r05.log; docs/native-pc-visual/evidence/firebase-20260928/SOURCE-REVIEW.md
XR05.L066,R05,禁止独立写死一份“更漂亮的全国河网”；禁止把所有水域压成同一平面破坏既有视觉约束而不处理接合；禁止看起来陆地却可航行的格中心。,prompts/R05_PROMPT.md:66,ORIGINAL_ZIP,app/src/main/java/game/sanguo/mobile/WaterVisualField.java; app/src/main/java/game/sanguo/mobile/TerrainSurface.java; app/src/main/java/game/sanguo/mobile/SceneMesh.java; app/src/main/java/game/sanguo/mobile/FilamentMapView.java,bash scripts/test-native-r05.sh,17bd3376508499f2681d3e296939452383506a1e,98edd7f758d41b89826d03e6fd1be3366bbea173d679a58bdd5f157b8e9479f4,该行以注明的host/source/CI为证；设备专项见runtime-cases.json,NOT_RUN,EVIDENCE,主机拓扑、oracle/refinement/winding、港口测试已执行；几何阶梯岸线是已证缺口，真机上下船和沿河完整录屏未执行。,evidence/host/logs/test-native-r05.log; docs/native-pc-visual/evidence/firebase-20260928/SOURCE-REVIEW.md
XR06.L016,R06,读取 `docs/native-pc-visual/PROGRESS.md`、`DEFECTS.md`、前阶段报告/交接和现有架构/原生美术报告。读取 R05 的远端交接及所依赖门槛；先修会阻塞本阶段的前置问题，再执行本阶段。,prompts/R06_PROMPT.md:16,ORIGINAL_ZIP,app/src/main/java/game/sanguo/mobile/SiteGlb.java; app/src/main/java/game/sanguo/mobile/FieldAssets.java; app/src/main/java/game/sanguo/mobile/SceneAssetQueue.java; app/src/main/java/game/sanguo/mobile/FilamentMapView.java,bash scripts/test-native-r06.sh,17bd3376508499f2681d3e296939452383506a1e,98edd7f758d41b89826d03e6fd1be3366bbea173d679a58bdd5f157b8e9479f4,该行以注明的host/source/CI为证；设备专项见runtime-cases.json,NOT_RUN,EVIDENCE,主机正式资源及恶意输入、当前CI可重复导出已执行；完整真实加载取消/释放和三示范资产各视角真机验收不足。,evidence/host/logs/test-native-r06.log; docs/native-pc-visual/evidence/firebase-20260928/SOURCE-REVIEW.md
XR06.L058,R06,交接文件落在 `docs/native-pc-visual/reports/R06.md` 和 `docs/native-pc-visual/handoffs/R06.md`，同步更新 PROGRESS/DEFECTS/资产清单。大制品用 CI artifacts 或实际可下载附件，避免 Git 膨胀。,prompts/R06_PROMPT.md:58,ORIGINAL_ZIP,app/src/main/java/game/sanguo/mobile/SiteGlb.java; app/src/main/java/game/sanguo/mobile/FieldAssets.java; app/src/main/java/game/sanguo/mobile/SceneAssetQueue.java; app/src/main/java/game/sanguo/mobile/FilamentMapView.java,bash scripts/test-native-r06.sh,17bd3376508499f2681d3e296939452383506a1e,98edd7f758d41b89826d03e6fd1be3366bbea173d679a58bdd5f157b8e9479f4,该行以注明的host/source/CI为证；设备专项见runtime-cases.json,NOT_RUN,EVIDENCE,主机正式资源及恶意输入、当前CI可重复导出已执行；完整真实加载取消/释放和三示范资产各视角真机验收不足。,evidence/host/logs/test-native-r06.log; docs/native-pc-visual/evidence/firebase-20260928/SOURCE-REVIEW.md
XR06.L066,R06,禁止编造 GLB 文件存在；禁止自己写半个 loader 却称支持完整 glTF；禁止只交图片渲染不交模型；禁止让每次 assemble 必须开人工交互 Editor。,prompts/R06_PROMPT.md:66,ORIGINAL_ZIP,app/src/main/java/game/sanguo/mobile/SiteGlb.java; app/src/main/java/game/sanguo/mobile/FieldAssets.java; app/src/main/java/game/sanguo/mobile/SceneAssetQueue.java; app/src/main/java/game/sanguo/mobile/FilamentMapView.java,bash scripts/test-native-r06.sh,17bd3376508499f2681d3e296939452383506a1e,98edd7f758d41b89826d03e6fd1be3366bbea173d679a58bdd5f157b8e9479f4,该行以注明的host/source/CI为证；设备专项见runtime-cases.json,NOT_RUN,EVIDENCE,主机正式资源及恶意输入、当前CI可重复导出已执行；完整真实加载取消/释放和三示范资产各视角真机验收不足。,evidence/host/logs/test-native-r06.log; docs/native-pc-visual/evidence/firebase-20260928/SOURCE-REVIEW.md
XR07.L016,R07,读取 `docs/native-pc-visual/PROGRESS.md`、`DEFECTS.md`、前阶段报告/交接和现有架构/原生美术报告。读取 R06 的远端交接及所依赖门槛；先修会阻塞本阶段的前置问题，再执行本阶段。,prompts/R07_PROMPT.md:16,ORIGINAL_ZIP,app/src/main/java/game/sanguo/mobile/SiteVisual.java; app/src/main/java/game/sanguo/mobile/SiteGlb.java; core/src/main/java/game/sanguo/core/SiteFootprint.java; app/src/main/java/game/sanguo/mobile/FilamentMapView.java,bash scripts/test-native-r07.sh,17bd3376508499f2681d3e296939452383506a1e,98edd7f758d41b89826d03e6fd1be3366bbea173d679a58bdd5f157b8e9479f4,该行以注明的host/source/CI为证；设备专项见runtime-cases.json,NOT_RUN,EVIDENCE,catalog全映射和设施LOD主机检查已执行；据点CRUD、受损、易主、全景别/方向的真机画面未全部执行。,evidence/host/logs/test-native-r07.log; docs/native-pc-visual/evidence/firebase-20260928/SOURCE-REVIEW.md
XR07.L059,R07,交接文件落在 `docs/native-pc-visual/reports/R07.md` 和 `docs/native-pc-visual/handoffs/R07.md`，同步更新 PROGRESS/DEFECTS/资产清单。大制品用 CI artifacts 或实际可下载附件，避免 Git 膨胀。,prompts/R07_PROMPT.md:59,ORIGINAL_ZIP,app/src/main/java/game/sanguo/mobile/SiteVisual.java; app/src/main/java/game/sanguo/mobile/SiteGlb.java; core/src/main/java/game/sanguo/core/SiteFootprint.java; app/src/main/java/game/sanguo/mobile/FilamentMapView.java,bash scripts/test-native-r07.sh,17bd3376508499f2681d3e296939452383506a1e,98edd7f758d41b89826d03e6fd1be3366bbea173d679a58bdd5f157b8e9479f4,该行以注明的host/source/CI为证；设备专项见runtime-cases.json,NOT_RUN,EVIDENCE,catalog全映射和设施LOD主机检查已执行；据点CRUD、受损、易主、全景别/方向的真机画面未全部执行。,evidence/host/logs/test-native-r07.log; docs/native-pc-visual/evidence/firebase-20260928/SOURCE-REVIEW.md
XR07.L067,R07,禁止改城池坐标/占地迁就建筑；禁止把程序方盒称原版城池；禁止只增加高分辨率贴图不改轮廓问题；禁止用模型 collider 重写通行规则。,prompts/R07_PROMPT.md:67,ORIGINAL_ZIP,app/src/main/java/game/sanguo/mobile/SiteVisual.java; app/src/main/java/game/sanguo/mobile/SiteGlb.java; core/src/main/java/game/sanguo/core/SiteFootprint.java; app/src/main/java/game/sanguo/mobile/FilamentMapView.java,bash scripts/test-native-r07.sh,17bd3376508499f2681d3e296939452383506a1e,98edd7f758d41b89826d03e6fd1be3366bbea173d679a58bdd5f157b8e9479f4,该行以注明的host/source/CI为证；设备专项见runtime-cases.json,NOT_RUN,EVIDENCE,catalog全映射和设施LOD主机检查已执行；据点CRUD、受损、易主、全景别/方向的真机画面未全部执行。,evidence/host/logs/test-native-r07.log; docs/native-pc-visual/evidence/firebase-20260928/SOURCE-REVIEW.md
XR08.L016,R08,读取 `docs/native-pc-visual/PROGRESS.md`、`DEFECTS.md`、前阶段报告/交接和现有架构/原生美术报告。读取 R07 的远端交接及所依赖门槛；先修会阻塞本阶段的前置问题，再执行本阶段。,prompts/R08_PROMPT.md:16,ORIGINAL_ZIP,app/src/main/java/game/sanguo/mobile/Vegetation.java; app/src/main/java/game/sanguo/mobile/FieldAssets.java; app/src/main/java/game/sanguo/mobile/LandscapeProfile.java; app/src/main/java/game/sanguo/mobile/SceneMesh.java; app/src/main/java/game/sanguo/mobile/FilamentMapView.java,bash scripts/test-native-r08.sh,17bd3376508499f2681d3e296939452383506a1e,98edd7f758d41b89826d03e6fd1be3366bbea173d679a58bdd5f157b8e9479f4,该行以注明的host/source/CI为证；设备专项见runtime-cases.json,NOT_RUN,EVIDENCE,散布/排除/局部更新主机检查及估算执行；森林道路、山谷关口、农田三组实际全镜头和手机性能未闭合。,evidence/host/logs/test-native-r08.log; docs/native-pc-visual/evidence/firebase-20260928/SOURCE-REVIEW.md
XR08.L058,R08,交接文件落在 `docs/native-pc-visual/reports/R08.md` 和 `docs/native-pc-visual/handoffs/R08.md`，同步更新 PROGRESS/DEFECTS/资产清单。大制品用 CI artifacts 或实际可下载附件，避免 Git 膨胀。,prompts/R08_PROMPT.md:58,ORIGINAL_ZIP,app/src/main/java/game/sanguo/mobile/Vegetation.java; app/src/main/java/game/sanguo/mobile/FieldAssets.java; app/src/main/java/game/sanguo/mobile/LandscapeProfile.java; app/src/main/java/game/sanguo/mobile/SceneMesh.java; app/src/main/java/game/sanguo/mobile/FilamentMapView.java,bash scripts/test-native-r08.sh,17bd3376508499f2681d3e296939452383506a1e,98edd7f758d41b89826d03e6fd1be3366bbea173d679a58bdd5f157b8e9479f4,该行以注明的host/source/CI为证；设备专项见runtime-cases.json,NOT_RUN,EVIDENCE,散布/排除/局部更新主机检查及估算执行；森林道路、山谷关口、农田三组实际全镜头和手机性能未闭合。,evidence/host/logs/test-native-r08.log; docs/native-pc-visual/evidence/firebase-20260928/SOURCE-REVIEW.md
XR08.L066,R08,禁止每格一棵同款树；禁止声称“一屏几千棵一定没问题”；禁止相机移动重新全图生成；禁止视觉道路绕过真实关口。,prompts/R08_PROMPT.md:66,ORIGINAL_ZIP,app/src/main/java/game/sanguo/mobile/Vegetation.java; app/src/main/java/game/sanguo/mobile/FieldAssets.java; app/src/main/java/game/sanguo/mobile/LandscapeProfile.java; app/src/main/java/game/sanguo/mobile/SceneMesh.java; app/src/main/java/game/sanguo/mobile/FilamentMapView.java,bash scripts/test-native-r08.sh,17bd3376508499f2681d3e296939452383506a1e,98edd7f758d41b89826d03e6fd1be3366bbea173d679a58bdd5f157b8e9479f4,该行以注明的host/source/CI为证；设备专项见runtime-cases.json,NOT_RUN,EVIDENCE,散布/排除/局部更新主机检查及估算执行；森林道路、山谷关口、农田三组实际全镜头和手机性能未闭合。,evidence/host/logs/test-native-r08.log; docs/native-pc-visual/evidence/firebase-20260928/SOURCE-REVIEW.md
XR09.L016,R09,读取 `docs/native-pc-visual/PROGRESS.md`、`DEFECTS.md`、前阶段报告/交接和现有架构/原生美术报告。读取 R08 的远端交接及所依赖门槛；先修会阻塞本阶段的前置问题，再执行本阶段。,prompts/R09_PROMPT.md:16,ORIGINAL_ZIP,app/src/main/java/game/sanguo/mobile/LandscapeProfile.java; app/src/main/java/game/sanguo/mobile/MapHost.java; app/src/main/java/game/sanguo/mobile/FilamentMapView.java,bash scripts/test-native-r09.sh,17bd3376508499f2681d3e296939452383506a1e,98edd7f758d41b89826d03e6fd1be3366bbea173d679a58bdd5f157b8e9479f4,该行以注明的host/source/CI为证；设备专项见runtime-cases.json,NOT_RUN,EVIDENCE,正式洛阳32x32区域主机核验执行；完整V2图组/PC相机对照和样板游戏链尚未闭合。,evidence/host/logs/test-native-r09.log; docs/native-pc-visual/evidence/firebase-20260928/SOURCE-REVIEW.md
XR09.L058,R09,交接文件落在 `docs/native-pc-visual/reports/R09.md` 和 `docs/native-pc-visual/handoffs/R09.md`，同步更新 PROGRESS/DEFECTS/资产清单。大制品用 CI artifacts 或实际可下载附件，避免 Git 膨胀。,prompts/R09_PROMPT.md:58,ORIGINAL_ZIP,app/src/main/java/game/sanguo/mobile/LandscapeProfile.java; app/src/main/java/game/sanguo/mobile/MapHost.java; app/src/main/java/game/sanguo/mobile/FilamentMapView.java,bash scripts/test-native-r09.sh,17bd3376508499f2681d3e296939452383506a1e,98edd7f758d41b89826d03e6fd1be3366bbea173d679a58bdd5f157b8e9479f4,该行以注明的host/source/CI为证；设备专项见runtime-cases.json,NOT_RUN,EVIDENCE,正式洛阳32x32区域主机核验执行；完整V2图组/PC相机对照和样板游戏链尚未闭合。,evidence/host/logs/test-native-r09.log; docs/native-pc-visual/evidence/firebase-20260928/SOURCE-REVIEW.md
XR09.L066,R09,禁止另建一张精美展示地图；禁止仅对截图镜头烘焙假效果；禁止把局部 V2 宣传成全国 PC 级完成；禁止后期修改 App 截图内容。,prompts/R09_PROMPT.md:66,ORIGINAL_ZIP,app/src/main/java/game/sanguo/mobile/LandscapeProfile.java; app/src/main/java/game/sanguo/mobile/MapHost.java; app/src/main/java/game/sanguo/mobile/FilamentMapView.java,bash scripts/test-native-r09.sh,17bd3376508499f2681d3e296939452383506a1e,98edd7f758d41b89826d03e6fd1be3366bbea173d679a58bdd5f157b8e9479f4,该行以注明的host/source/CI为证；设备专项见runtime-cases.json,NOT_RUN,EVIDENCE,正式洛阳32x32区域主机核验执行；完整V2图组/PC相机对照和样板游戏链尚未闭合。,evidence/host/logs/test-native-r09.log; docs/native-pc-visual/evidence/firebase-20260928/SOURCE-REVIEW.md
XR10.L016,R10,读取 `docs/native-pc-visual/PROGRESS.md`、`DEFECTS.md`、前阶段报告/交接和现有架构/原生美术报告。读取 R09 的远端交接及所依赖门槛；先修会阻塞本阶段的前置问题，再执行本阶段。,prompts/R10_PROMPT.md:16,ORIGINAL_ZIP,app/src/main/java/game/sanguo/mobile/UnitVisual.java; app/src/main/java/game/sanguo/mobile/UnitMotion.java; app/src/main/java/game/sanguo/mobile/UnitAnimation.java; app/src/main/java/game/sanguo/mobile/UnitLod.java; app/src/main/java/game/sanguo/mobile/FieldAssets.java; app/src/main/java/game/sanguo/mobile/FilamentMapView.java,bash scripts/test-native-r10.sh,17bd3376508499f2681d3e296939452383506a1e,98edd7f758d41b89826d03e6fd1be3366bbea173d679a58bdd5f157b8e9479f4,该行以注明的host/source/CI为证；设备专项见runtime-cases.json,NOT_RUN,EVIDENCE,13类别×8刚体clip×2mesh及LOD/接触/状态主机检查执行；所有类别/LOD/动作的物理画面和压力帧时未完成。,evidence/host/logs/test-native-r10.log; docs/native-pc-visual/evidence/firebase-20260928/SOURCE-REVIEW.md
XR10.L058,R10,交接文件落在 `docs/native-pc-visual/reports/R10.md` 和 `docs/native-pc-visual/handoffs/R10.md`，同步更新 PROGRESS/DEFECTS/资产清单。大制品用 CI artifacts 或实际可下载附件，避免 Git 膨胀。,prompts/R10_PROMPT.md:58,ORIGINAL_ZIP,app/src/main/java/game/sanguo/mobile/UnitVisual.java; app/src/main/java/game/sanguo/mobile/UnitMotion.java; app/src/main/java/game/sanguo/mobile/UnitAnimation.java; app/src/main/java/game/sanguo/mobile/UnitLod.java; app/src/main/java/game/sanguo/mobile/FieldAssets.java; app/src/main/java/game/sanguo/mobile/FilamentMapView.java,bash scripts/test-native-r10.sh,17bd3376508499f2681d3e296939452383506a1e,98edd7f758d41b89826d03e6fd1be3366bbea173d679a58bdd5f157b8e9479f4,该行以注明的host/source/CI为证；设备专项见runtime-cases.json,NOT_RUN,EVIDENCE,13类别×8刚体clip×2mesh及LOD/接触/状态主机检查执行；所有类别/LOD/动作的物理画面和压力帧时未完成。,evidence/host/logs/test-native-r10.log; docs/native-pc-visual/evidence/firebase-20260928/SOURCE-REVIEW.md
XR10.L066,R10,禁止因模型动画延长回合计算；禁止 root motion 驱动规则；禁止把 rigid-part 动画称完整 skeletal pipeline；禁止只改阵营颜色声称新增兵种模型。,prompts/R10_PROMPT.md:66,ORIGINAL_ZIP,app/src/main/java/game/sanguo/mobile/UnitVisual.java; app/src/main/java/game/sanguo/mobile/UnitMotion.java; app/src/main/java/game/sanguo/mobile/UnitAnimation.java; app/src/main/java/game/sanguo/mobile/UnitLod.java; app/src/main/java/game/sanguo/mobile/FieldAssets.java; app/src/main/java/game/sanguo/mobile/FilamentMapView.java,bash scripts/test-native-r10.sh,17bd3376508499f2681d3e296939452383506a1e,98edd7f758d41b89826d03e6fd1be3366bbea173d679a58bdd5f157b8e9479f4,该行以注明的host/source/CI为证；设备专项见runtime-cases.json,NOT_RUN,EVIDENCE,13类别×8刚体clip×2mesh及LOD/接触/状态主机检查执行；所有类别/LOD/动作的物理画面和压力帧时未完成。,evidence/host/logs/test-native-r10.log; docs/native-pc-visual/evidence/firebase-20260928/SOURCE-REVIEW.md
XR11.L016,R11,读取 `docs/native-pc-visual/PROGRESS.md`、`DEFECTS.md`、前阶段报告/交接和现有架构/原生美术报告。读取 R10 的远端交接及所依赖门槛；先修会阻塞本阶段的前置问题，再执行本阶段。,prompts/R11_PROMPT.md:16,ORIGINAL_ZIP,app/src/main/java/game/sanguo/mobile/CombatVisual.java; app/src/main/java/game/sanguo/mobile/TurnPlayback.java; app/src/main/java/game/sanguo/mobile/FilamentMapView.java,bash scripts/test-native-r11.sh,17bd3376508499f2681d3e296939452383506a1e,98edd7f758d41b89826d03e6fd1be3366bbea173d679a58bdd5f157b8e9479f4,该行以注明的host/source/CI为证；设备专项见runtime-cases.json,NOT_RUN,EVIDENCE,真实命令的独立host fixtures验证typed journals及7表现模式；完整真机事件类别、录像和收益闭环未执行。,evidence/host/logs/test-native-r11.log; docs/native-pc-visual/evidence/firebase-20260928/SOURCE-REVIEW.md
XR11.L058,R11,交接文件落在 `docs/native-pc-visual/reports/R11.md` 和 `docs/native-pc-visual/handoffs/R11.md`，同步更新 PROGRESS/DEFECTS/资产清单。大制品用 CI artifacts 或实际可下载附件，避免 Git 膨胀。,prompts/R11_PROMPT.md:58,ORIGINAL_ZIP,app/src/main/java/game/sanguo/mobile/CombatVisual.java; app/src/main/java/game/sanguo/mobile/TurnPlayback.java; app/src/main/java/game/sanguo/mobile/FilamentMapView.java,bash scripts/test-native-r11.sh,17bd3376508499f2681d3e296939452383506a1e,98edd7f758d41b89826d03e6fd1be3366bbea173d679a58bdd5f157b8e9479f4,该行以注明的host/source/CI为证；设备专项见runtime-cases.json,NOT_RUN,EVIDENCE,真实命令的独立host fixtures验证typed journals及7表现模式；完整真机事件类别、录像和收益闭环未执行。,evidence/host/logs/test-native-r11.log; docs/native-pc-visual/evidence/firebase-20260928/SOURCE-REVIEW.md
XR11.L066,R11,禁止重新计算命中/伤害；禁止效果回调调用权威攻击；禁止用假战斗循环录屏代替正式玩法；禁止无限创建粒子/材质。,prompts/R11_PROMPT.md:66,ORIGINAL_ZIP,app/src/main/java/game/sanguo/mobile/CombatVisual.java; app/src/main/java/game/sanguo/mobile/TurnPlayback.java; app/src/main/java/game/sanguo/mobile/FilamentMapView.java,bash scripts/test-native-r11.sh,17bd3376508499f2681d3e296939452383506a1e,98edd7f758d41b89826d03e6fd1be3366bbea173d679a58bdd5f157b8e9479f4,该行以注明的host/source/CI为证；设备专项见runtime-cases.json,NOT_RUN,EVIDENCE,真实命令的独立host fixtures验证typed journals及7表现模式；完整真机事件类别、录像和收益闭环未执行。,evidence/host/logs/test-native-r11.log; docs/native-pc-visual/evidence/firebase-20260928/SOURCE-REVIEW.md
XR12.L016,R12,读取 `docs/native-pc-visual/PROGRESS.md`、`DEFECTS.md`、前阶段报告/交接和现有架构/原生美术报告。读取 R11 的远端交接及所依赖门槛；先修会阻塞本阶段的前置问题，再执行本阶段。,prompts/R12_PROMPT.md:16,ORIGINAL_ZIP,app/src/main/java/game/sanguo/mobile/MainActivity.java; app/src/main/java/game/sanguo/mobile/ScenarioFactionPicker.java; app/src/main/java/game/sanguo/mobile/MapHost.java; app/src/main/java/game/sanguo/mobile/FilamentMapView.java; app/src/main/java/game/sanguo/mobile/presentation/MapLayerData.java,bash scripts/test-native-r12.sh,17bd3376508499f2681d3e296939452383506a1e,98edd7f758d41b89826d03e6fd1be3366bbea173d679a58bdd5f157b8e9479f4,该行以注明的host/source/CI为证；设备专项见runtime-cases.json,NOT_RUN,EVIDENCE,真实新局触控首段和日期专项执行，横屏出征失败；全网格/势力组合、战法/设施/围城/分辨率矩阵未闭合。,evidence/host/logs/test-native-r12.log; docs/native-pc-visual/evidence/firebase-20260928/SOURCE-REVIEW.md
XR12.L058,R12,交接文件落在 `docs/native-pc-visual/reports/R12.md` 和 `docs/native-pc-visual/handoffs/R12.md`，同步更新 PROGRESS/DEFECTS/资产清单。大制品用 CI artifacts 或实际可下载附件，避免 Git 膨胀。,prompts/R12_PROMPT.md:58,ORIGINAL_ZIP,app/src/main/java/game/sanguo/mobile/MainActivity.java; app/src/main/java/game/sanguo/mobile/ScenarioFactionPicker.java; app/src/main/java/game/sanguo/mobile/MapHost.java; app/src/main/java/game/sanguo/mobile/FilamentMapView.java; app/src/main/java/game/sanguo/mobile/presentation/MapLayerData.java,bash scripts/test-native-r12.sh,17bd3376508499f2681d3e296939452383506a1e,98edd7f758d41b89826d03e6fd1be3366bbea173d679a58bdd5f157b8e9479f4,该行以注明的host/source/CI为证；设备专项见runtime-cases.json,NOT_RUN,EVIDENCE,真实新局触控首段和日期专项执行，横屏出征失败；全网格/势力组合、战法/设施/围城/分辨率矩阵未闭合。,evidence/host/logs/test-native-r12.log; docs/native-pc-visual/evidence/firebase-20260928/SOURCE-REVIEW.md
XR12.L066,R12,禁止把格线烘进地形贴图；禁止改变围城/射程规则；禁止点军即弹阻塞详情或自动下命令；禁止仅截图显示按钮却没有真实回调。,prompts/R12_PROMPT.md:66,ORIGINAL_ZIP,app/src/main/java/game/sanguo/mobile/MainActivity.java; app/src/main/java/game/sanguo/mobile/ScenarioFactionPicker.java; app/src/main/java/game/sanguo/mobile/MapHost.java; app/src/main/java/game/sanguo/mobile/FilamentMapView.java; app/src/main/java/game/sanguo/mobile/presentation/MapLayerData.java,bash scripts/test-native-r12.sh,17bd3376508499f2681d3e296939452383506a1e,98edd7f758d41b89826d03e6fd1be3366bbea173d679a58bdd5f157b8e9479f4,该行以注明的host/source/CI为证；设备专项见runtime-cases.json,NOT_RUN,EVIDENCE,真实新局触控首段和日期专项执行，横屏出征失败；全网格/势力组合、战法/设施/围城/分辨率矩阵未闭合。,evidence/host/logs/test-native-r12.log; docs/native-pc-visual/evidence/firebase-20260928/SOURCE-REVIEW.md
XR13.L016,R13,读取 `docs/native-pc-visual/PROGRESS.md`、`DEFECTS.md`、前阶段报告/交接和现有架构/原生美术报告。读取 R12 的远端交接及所依赖门槛；先修会阻塞本阶段的前置问题，再执行本阶段。,prompts/R13_PROMPT.md:16,ORIGINAL_ZIP,app/src/main/java/game/sanguo/mobile/MapEditorActivity.java; app/src/main/java/game/sanguo/mobile/MapLibrary.java; app/src/main/java/game/sanguo/mobile/MapHost.java; core/src/main/java/game/sanguo/core/MapPatch.java,bash scripts/test-native-r13.sh,17bd3376508499f2681d3e296939452383506a1e,98edd7f758d41b89826d03e6fd1be3366bbea173d679a58bdd5f157b8e9479f4,该行以注明的host/source/CI为证；设备专项见runtime-cases.json,NOT_RUN,EVIDENCE,笔刷/地图事务/自定义角色包安全等主机检查执行；系统SAF、全部编辑CRUD/新局/头像的真机端到端未执行。,evidence/host/logs/test-native-r13-jdk17.log; docs/native-pc-visual/evidence/firebase-20260928/SOURCE-REVIEW.md
XR13.L058,R13,交接文件落在 `docs/native-pc-visual/reports/R13.md` 和 `docs/native-pc-visual/handoffs/R13.md`，同步更新 PROGRESS/DEFECTS/资产清单。大制品用 CI artifacts 或实际可下载附件，避免 Git 膨胀。,prompts/R13_PROMPT.md:58,ORIGINAL_ZIP,app/src/main/java/game/sanguo/mobile/MapEditorActivity.java; app/src/main/java/game/sanguo/mobile/MapLibrary.java; app/src/main/java/game/sanguo/mobile/MapHost.java; core/src/main/java/game/sanguo/core/MapPatch.java,bash scripts/test-native-r13.sh,17bd3376508499f2681d3e296939452383506a1e,98edd7f758d41b89826d03e6fd1be3366bbea173d679a58bdd5f157b8e9479f4,该行以注明的host/source/CI为证；设备专项见runtime-cases.json,NOT_RUN,EVIDENCE,笔刷/地图事务/自定义角色包安全等主机检查执行；系统SAF、全部编辑CRUD/新局/头像的真机端到端未执行。,evidence/host/logs/test-native-r13-jdk17.log; docs/native-pc-visual/evidence/firebase-20260928/SOURCE-REVIEW.md
XR13.L066,R13,禁止升级纯视觉就强制清档；禁止绕开 GameSession 写权威数据；禁止导入失败留下半写入状态；禁止以新增编辑器页面替代已有功能完整性。,prompts/R13_PROMPT.md:66,ORIGINAL_ZIP,app/src/main/java/game/sanguo/mobile/MapEditorActivity.java; app/src/main/java/game/sanguo/mobile/MapLibrary.java; app/src/main/java/game/sanguo/mobile/MapHost.java; core/src/main/java/game/sanguo/core/MapPatch.java,bash scripts/test-native-r13.sh,17bd3376508499f2681d3e296939452383506a1e,98edd7f758d41b89826d03e6fd1be3366bbea173d679a58bdd5f157b8e9479f4,该行以注明的host/source/CI为证；设备专项见runtime-cases.json,NOT_RUN,EVIDENCE,笔刷/地图事务/自定义角色包安全等主机检查执行；系统SAF、全部编辑CRUD/新局/头像的真机端到端未执行。,evidence/host/logs/test-native-r13-jdk17.log; docs/native-pc-visual/evidence/firebase-20260928/SOURCE-REVIEW.md
XR14.L016,R14,读取 `docs/native-pc-visual/PROGRESS.md`、`DEFECTS.md`、前阶段报告/交接和现有架构/原生美术报告。读取 R13 的远端交接及所依赖门槛；先修会阻塞本阶段的前置问题，再执行本阶段。,prompts/R14_PROMPT.md:16,ORIGINAL_ZIP,app/src/main/java/game/sanguo/mobile/SeasonStyle.java; app/src/main/java/game/sanguo/mobile/EnvironmentProfile.java; app/src/main/java/game/sanguo/mobile/FilamentMapView.java,bash scripts/test-native-r14.sh,17bd3376508499f2681d3e296939452383506a1e,98edd7f758d41b89826d03e6fd1be3366bbea173d679a58bdd5f157b8e9479f4,该行以注明的host/source/CI为证；设备专项见runtime-cases.json,NOT_RUN,EVIDENCE,日期/季节/存档/权威590条主机检查执行；两API正常跨月权威/snapshot/UI文本/整屏已核对；四季×三景别×网格和三画质实际图组未完成。,evidence/host/logs/test-native-r14.log; docs/native-pc-visual/evidence/firebase-20260928/SOURCE-REVIEW.md
XR14.L058,R14,交接文件落在 `docs/native-pc-visual/reports/R14.md` 和 `docs/native-pc-visual/handoffs/R14.md`，同步更新 PROGRESS/DEFECTS/资产清单。大制品用 CI artifacts 或实际可下载附件，避免 Git 膨胀。,prompts/R14_PROMPT.md:58,ORIGINAL_ZIP,app/src/main/java/game/sanguo/mobile/SeasonStyle.java; app/src/main/java/game/sanguo/mobile/EnvironmentProfile.java; app/src/main/java/game/sanguo/mobile/FilamentMapView.java,bash scripts/test-native-r14.sh,17bd3376508499f2681d3e296939452383506a1e,98edd7f758d41b89826d03e6fd1be3366bbea173d679a58bdd5f157b8e9479f4,该行以注明的host/source/CI为证；设备专项见runtime-cases.json,NOT_RUN,EVIDENCE,日期/季节/存档/权威590条主机检查执行；两API正常跨月权威/snapshot/UI文本/整屏已核对；四季×三景别×网格和三画质实际图组未完成。,evidence/host/logs/test-native-r14.log; docs/native-pc-visual/evidence/firebase-20260928/SOURCE-REVIEW.md
XR14.L066,R14,禁止雾遮丑；禁止全局后处理弄糊原生 UI；禁止硬编码月份写回 World；禁止把预算不允许的实时 GI/复杂反射列为强制完成项。,prompts/R14_PROMPT.md:66,ORIGINAL_ZIP,app/src/main/java/game/sanguo/mobile/SeasonStyle.java; app/src/main/java/game/sanguo/mobile/EnvironmentProfile.java; app/src/main/java/game/sanguo/mobile/FilamentMapView.java,bash scripts/test-native-r14.sh,17bd3376508499f2681d3e296939452383506a1e,98edd7f758d41b89826d03e6fd1be3366bbea173d679a58bdd5f157b8e9479f4,该行以注明的host/source/CI为证；设备专项见runtime-cases.json,NOT_RUN,EVIDENCE,日期/季节/存档/权威590条主机检查执行；两API正常跨月权威/snapshot/UI文本/整屏已核对；四季×三景别×网格和三画质实际图组未完成。,evidence/host/logs/test-native-r14.log; docs/native-pc-visual/evidence/firebase-20260928/SOURCE-REVIEW.md
Y01.L004,GLOBAL,每次把完整 ZIP 交给 Agent，只点名本轮一个阶段。不要让多个 Agent 同时写这个串行分支。,01_ROADMAP.md:4,ORIGINAL_ZIP,app/src/main/java/game/sanguo/mobile/MainActivity.java; app/src/main/java/game/sanguo/mobile/ScenarioFactionPicker.java; app/src/main/java/game/sanguo/mobile/MapHost.java; app/src/main/java/game/sanguo/mobile/FilamentMapView.java; app/src/main/java/game/sanguo/mobile/SceneRenderGate.java; app/src/main/java/game/sanguo/mobile/SceneWorkQueue.java; app/src/main/java/game/sanguo/mobile/SceneAssetQueue.java; app/src/main/java/game/sanguo/mobile/presentation/MapLayerData.java,bash scripts/test-architecture.sh; python3 scripts/check-native-protected-assets.py,17bd3376508499f2681d3e296939452383506a1e,98edd7f758d41b89826d03e6fd1be3366bbea173d679a58bdd5f157b8e9479f4,该行以注明的host/source/CI为证；设备专项见runtime-cases.json,NOT_RUN,EVIDENCE,当前轮只把明确原始日志范围作为支持证据；该复合契约完整验收未执行，不继承旧PASS或历史设备结果。,evidence/host/logs/test-architecture.log; evidence/host/logs/check-native-protected-assets-fetched.log; docs/native-pc-visual/evidence/firebase-20260928/SOURCE-REVIEW.md
Y01.L038,GLOBAL,前置门槛不是形式检查。R00 不能真实运行，不能把后续 GPU 画面任务当已验收；R09 美术不合格，不能先复制到全国宣布 R15 完成。,01_ROADMAP.md:38,ORIGINAL_ZIP,app/src/main/java/game/sanguo/mobile/MainActivity.java; app/src/main/java/game/sanguo/mobile/ScenarioFactionPicker.java; app/src/main/java/game/sanguo/mobile/MapHost.java; app/src/main/java/game/sanguo/mobile/FilamentMapView.java; app/src/main/java/game/sanguo/mobile/SceneRenderGate.java; app/src/main/java/game/sanguo/mobile/SceneWorkQueue.java; app/src/main/java/game/sanguo/mobile/SceneAssetQueue.java; app/src/main/java/game/sanguo/mobile/presentation/MapLayerData.java,bash scripts/test-architecture.sh; python3 scripts/check-native-protected-assets.py,17bd3376508499f2681d3e296939452383506a1e,98edd7f758d41b89826d03e6fd1be3366bbea173d679a58bdd5f157b8e9479f4,该行以注明的host/source/CI为证；设备专项见runtime-cases.json,NOT_RUN,EVIDENCE,当前轮只把明确原始日志范围作为支持证据；该复合契约完整验收未执行，不继承旧PASS或历史设备结果。,evidence/host/logs/test-architecture.log; evidence/host/logs/check-native-protected-assets-fetched.log; docs/native-pc-visual/evidence/firebase-20260928/SOURCE-REVIEW.md
Y01.L042,GLOBAL,缺真机不意味着必须停掉所有独立源码开发；可继续做不依赖真机结论的任务，并保留 ARM64/性能 NOT_RUN。缺 PC 参考时可以实现技术，但不能给 PC 视觉相似性 PASS。最终 R18 综合验收不允许缺关键证据。,01_ROADMAP.md:42,ORIGINAL_ZIP,app/src/main/java/game/sanguo/mobile/MainActivity.java; app/src/main/java/game/sanguo/mobile/ScenarioFactionPicker.java; app/src/main/java/game/sanguo/mobile/MapHost.java; app/src/main/java/game/sanguo/mobile/FilamentMapView.java; app/src/main/java/game/sanguo/mobile/SceneRenderGate.java; app/src/main/java/game/sanguo/mobile/SceneWorkQueue.java; app/src/main/java/game/sanguo/mobile/SceneAssetQueue.java; app/src/main/java/game/sanguo/mobile/presentation/MapLayerData.java,bash scripts/test-architecture.sh; python3 scripts/check-native-protected-assets.py,17bd3376508499f2681d3e296939452383506a1e,98edd7f758d41b89826d03e6fd1be3366bbea173d679a58bdd5f157b8e9479f4,该行以注明的host/source/CI为证；设备专项见runtime-cases.json,BLOCKED,REFERENCE_EVIDENCE,当前轮只把明确原始日志范围作为支持证据；该复合契约完整验收未执行，不继承旧PASS或历史设备结果。 现有参考索引有图，但区域/季节/相机/版本不全，未取得此条所需可比图组。,evidence/host/logs/test-architecture.log; evidence/host/logs/check-native-protected-assets-fetched.log; docs/native-pc-visual/evidence/firebase-20260928/SOURCE-REVIEW.md
Y01.L044,GLOBAL,阶段沿用旧能力时，必须在当前串行 HEAD 验证并修补差距；禁止因文件/类已存在就自动跳过，也禁止为了重新编号重做同样底层。,01_ROADMAP.md:44,ORIGINAL_ZIP,app/src/main/java/game/sanguo/mobile/MainActivity.java; app/src/main/java/game/sanguo/mobile/ScenarioFactionPicker.java; app/src/main/java/game/sanguo/mobile/MapHost.java; app/src/main/java/game/sanguo/mobile/FilamentMapView.java; app/src/main/java/game/sanguo/mobile/SceneRenderGate.java; app/src/main/java/game/sanguo/mobile/SceneWorkQueue.java; app/src/main/java/game/sanguo/mobile/SceneAssetQueue.java; app/src/main/java/game/sanguo/mobile/presentation/MapLayerData.java,bash scripts/test-architecture.sh; python3 scripts/check-native-protected-assets.py,17bd3376508499f2681d3e296939452383506a1e,98edd7f758d41b89826d03e6fd1be3366bbea173d679a58bdd5f157b8e9479f4,该行以注明的host/source/CI为证；设备专项见runtime-cases.json,NOT_RUN,EVIDENCE,当前轮只把明确原始日志范围作为支持证据；该复合契约完整验收未执行，不继承旧PASS或历史设备结果。,evidence/host/logs/test-architecture.log; evidence/host/logs/check-native-protected-assets-fetched.log; docs/native-pc-visual/evidence/firebase-20260928/SOURCE-REVIEW.md
Y01.L052,GLOBAL,旧 S01–S13 是已有实现来源；U00/U01/架构 PR 的 Java 会话是可复用基础。本包编号没有宣称它们已完成，也不要求重做。R00 会生成“旧能力 → 复用/修复 → 新验收”的对应表。,01_ROADMAP.md:52,ORIGINAL_ZIP,app/src/main/java/game/sanguo/mobile/MainActivity.java; app/src/main/java/game/sanguo/mobile/ScenarioFactionPicker.java; app/src/main/java/game/sanguo/mobile/MapHost.java; app/src/main/java/game/sanguo/mobile/FilamentMapView.java; app/src/main/java/game/sanguo/mobile/SceneRenderGate.java; app/src/main/java/game/sanguo/mobile/SceneWorkQueue.java; app/src/main/java/game/sanguo/mobile/SceneAssetQueue.java; app/src/main/java/game/sanguo/mobile/presentation/MapLayerData.java,bash scripts/test-architecture.sh; python3 scripts/check-native-protected-assets.py,17bd3376508499f2681d3e296939452383506a1e,98edd7f758d41b89826d03e6fd1be3366bbea173d679a58bdd5f157b8e9479f4,该行以注明的host/source/CI为证；设备专项见runtime-cases.json,NOT_RUN,EVIDENCE,当前轮只把明确原始日志范围作为支持证据；该复合契约完整验收未执行，不继承旧PASS或历史设备结果。,evidence/host/logs/test-architecture.log; evidence/host/logs/check-native-protected-assets-fetched.log; docs/native-pc-visual/evidence/firebase-20260928/SOURCE-REVIEW.md
Y02.L003,GLOBAL,本文件是**编包时只读核查**，不是一次新的构建/运行验收。执行 Agent 仍须拉取最新远端并复核。仓库读取得到的声明和实际源码验证在下面分开。,02_BASELINE_AUDIT.md:3,ORIGINAL_ZIP,app/src/main/java/game/sanguo/mobile/MainActivity.java; app/src/main/java/game/sanguo/mobile/ScenarioFactionPicker.java; app/src/main/java/game/sanguo/mobile/MapHost.java; app/src/main/java/game/sanguo/mobile/FilamentMapView.java; app/src/main/java/game/sanguo/mobile/SceneRenderGate.java; app/src/main/java/game/sanguo/mobile/SceneWorkQueue.java; app/src/main/java/game/sanguo/mobile/SceneAssetQueue.java; app/src/main/java/game/sanguo/mobile/presentation/MapLayerData.java,bash scripts/test-architecture.sh; python3 scripts/check-native-protected-assets.py,17bd3376508499f2681d3e296939452383506a1e,98edd7f758d41b89826d03e6fd1be3366bbea173d679a58bdd5f157b8e9479f4,该行以注明的host/source/CI为证；设备专项见runtime-cases.json,NOT_RUN,EVIDENCE,当前轮只把明确原始日志范围作为支持证据；该复合契约完整验收未执行，不继承旧PASS或历史设备结果。,evidence/host/logs/test-architecture.log; evidence/host/logs/check-native-protected-assets-fetched.log; docs/native-pc-visual/evidence/firebase-20260928/SOURCE-REVIEW.md
Y02.L010,GLOBAL,- app 使用 Java 17；compile/target SDK 35，minSdk 26；应用 ID `game.sanguo.mobile.dev`。debug 构建默认也可能 R8/minify 且 non-debuggable，不能仅凭构建名推断是调试运行时。,02_BASELINE_AUDIT.md:10,ORIGINAL_ZIP,app/src/main/java/game/sanguo/mobile/MainActivity.java; app/src/main/java/game/sanguo/mobile/ScenarioFactionPicker.java; app/src/main/java/game/sanguo/mobile/MapHost.java; app/src/main/java/game/sanguo/mobile/FilamentMapView.java; app/src/main/java/game/sanguo/mobile/SceneRenderGate.java; app/src/main/java/game/sanguo/mobile/SceneWorkQueue.java; app/src/main/java/game/sanguo/mobile/SceneAssetQueue.java; app/src/main/java/game/sanguo/mobile/presentation/MapLayerData.java,bash scripts/test-architecture.sh; python3 scripts/check-native-protected-assets.py,17bd3376508499f2681d3e296939452383506a1e,98edd7f758d41b89826d03e6fd1be3366bbea173d679a58bdd5f157b8e9479f4,该行以注明的host/source/CI为证；设备专项见runtime-cases.json,NOT_RUN,EVIDENCE,当前轮只把明确原始日志范围作为支持证据；该复合契约完整验收未执行，不继承旧PASS或历史设备结果。,evidence/host/logs/test-architecture.log; evidence/host/logs/check-native-protected-assets-fetched.log; docs/native-pc-visual/evidence/firebase-20260928/SOURCE-REVIEW.md
Y02.L019,GLOBAL,`game-api` 是纯 Java 合约；`game-runtime` 持有权威会话；`MapProjectionQuery` 输出复制的 `MapLayerData` 给原生显示。核心状态和渲染状态不要重新合并。会话换代、旧请求拒绝、保存捕获、回合提交独立于动画均是需要保护的成果。,02_BASELINE_AUDIT.md:19,ORIGINAL_ZIP,app/src/main/java/game/sanguo/mobile/MainActivity.java; app/src/main/java/game/sanguo/mobile/ScenarioFactionPicker.java; app/src/main/java/game/sanguo/mobile/MapHost.java; app/src/main/java/game/sanguo/mobile/FilamentMapView.java; app/src/main/java/game/sanguo/mobile/SceneRenderGate.java; app/src/main/java/game/sanguo/mobile/SceneWorkQueue.java; app/src/main/java/game/sanguo/mobile/SceneAssetQueue.java; app/src/main/java/game/sanguo/mobile/presentation/MapLayerData.java,bash scripts/test-architecture.sh; python3 scripts/check-native-protected-assets.py,17bd3376508499f2681d3e296939452383506a1e,98edd7f758d41b89826d03e6fd1be3366bbea173d679a58bdd5f157b8e9479f4,该行以注明的host/source/CI为证；设备专项见runtime-cases.json,NOT_RUN,EVIDENCE,当前轮只把明确原始日志范围作为支持证据；该复合契约完整验收未执行，不继承旧PASS或历史设备结果。,evidence/host/logs/test-architecture.log; evidence/host/logs/check-native-protected-assets-fetched.log; docs/native-pc-visual/evidence/firebase-20260928/SOURCE-REVIEW.md
Y02.L021,GLOBAL,`GridLayout` / `GridWorldTransform` 已处理源格到显示坐标的行列交错与原点，不能把常见 axial 公式直接套回去，不能再次加 source-origin 偏移。,02_BASELINE_AUDIT.md:21,ORIGINAL_ZIP,app/src/main/java/game/sanguo/mobile/MainActivity.java; app/src/main/java/game/sanguo/mobile/ScenarioFactionPicker.java; app/src/main/java/game/sanguo/mobile/MapHost.java; app/src/main/java/game/sanguo/mobile/FilamentMapView.java; app/src/main/java/game/sanguo/mobile/SceneRenderGate.java; app/src/main/java/game/sanguo/mobile/SceneWorkQueue.java; app/src/main/java/game/sanguo/mobile/SceneAssetQueue.java; app/src/main/java/game/sanguo/mobile/presentation/MapLayerData.java,bash scripts/test-architecture.sh; python3 scripts/check-native-protected-assets.py,17bd3376508499f2681d3e296939452383506a1e,98edd7f758d41b89826d03e6fd1be3366bbea173d679a58bdd5f157b8e9479f4,该行以注明的host/source/CI为证；设备专项见runtime-cases.json,NOT_RUN,EVIDENCE,当前轮只把明确原始日志范围作为支持证据；该复合契约完整验收未执行，不继承旧PASS或历史设备结果。,evidence/host/logs/test-architecture.log; evidence/host/logs/check-native-protected-assets-fetched.log; docs/native-pc-visual/evidence/firebase-20260928/SOURCE-REVIEW.md
Y02.L038,GLOBAL,以上类名是定位线索，不要求都位于同一包；R00 用 `git ls-files` / 搜索确认当前路径，不为了吻合本包伪造类文件。,02_BASELINE_AUDIT.md:38,ORIGINAL_ZIP,app/src/main/java/game/sanguo/mobile/MainActivity.java; app/src/main/java/game/sanguo/mobile/ScenarioFactionPicker.java; app/src/main/java/game/sanguo/mobile/MapHost.java; app/src/main/java/game/sanguo/mobile/FilamentMapView.java; app/src/main/java/game/sanguo/mobile/SceneRenderGate.java; app/src/main/java/game/sanguo/mobile/SceneWorkQueue.java; app/src/main/java/game/sanguo/mobile/SceneAssetQueue.java; app/src/main/java/game/sanguo/mobile/presentation/MapLayerData.java,bash scripts/test-architecture.sh; python3 scripts/check-native-protected-assets.py,17bd3376508499f2681d3e296939452383506a1e,98edd7f758d41b89826d03e6fd1be3366bbea173d679a58bdd5f157b8e9479f4,该行以注明的host/source/CI为证；设备专项见runtime-cases.json,NOT_RUN,EVIDENCE,当前轮只把明确原始日志范围作为支持证据；该复合契约完整验收未执行，不继承旧PASS或历史设备结果。,evidence/host/logs/test-architecture.log; evidence/host/logs/check-native-protected-assets-fetched.log; docs/native-pc-visual/evidence/firebase-20260928/SOURCE-REVIEW.md
Y02.L046,GLOBAL,将这些记录转成 R00 的待复现项。它们来自报告，不意味着当前 HEAD 必然还能复现，更不能仅凭描述定位到某一代码 bug。,02_BASELINE_AUDIT.md:46,ORIGINAL_ZIP,app/src/main/java/game/sanguo/mobile/MainActivity.java; app/src/main/java/game/sanguo/mobile/ScenarioFactionPicker.java; app/src/main/java/game/sanguo/mobile/MapHost.java; app/src/main/java/game/sanguo/mobile/FilamentMapView.java; app/src/main/java/game/sanguo/mobile/SceneRenderGate.java; app/src/main/java/game/sanguo/mobile/SceneWorkQueue.java; app/src/main/java/game/sanguo/mobile/SceneAssetQueue.java; app/src/main/java/game/sanguo/mobile/presentation/MapLayerData.java,bash scripts/test-architecture.sh; python3 scripts/check-native-protected-assets.py,17bd3376508499f2681d3e296939452383506a1e,98edd7f758d41b89826d03e6fd1be3366bbea173d679a58bdd5f157b8e9479f4,该行以注明的host/source/CI为证；设备专项见runtime-cases.json,NOT_RUN,EVIDENCE,当前轮只把明确原始日志范围作为支持证据；该复合契约完整验收未执行，不继承旧PASS或历史设备结果。,evidence/host/logs/test-architecture.log; evidence/host/logs/check-native-protected-assets-fetched.log; docs/native-pc-visual/evidence/firebase-20260928/SOURCE-REVIEW.md
Y02.L050,GLOBAL,上一轮对话的“原生 OpenGL ES Renderer”在本仓库已经有底层落点：Filament/OpenGL。画面差不自动说明底层 API 错误，重写同样不能代替建筑和地形美术。,02_BASELINE_AUDIT.md:50,ORIGINAL_ZIP,app/src/main/java/game/sanguo/mobile/MainActivity.java; app/src/main/java/game/sanguo/mobile/ScenarioFactionPicker.java; app/src/main/java/game/sanguo/mobile/MapHost.java; app/src/main/java/game/sanguo/mobile/FilamentMapView.java; app/src/main/java/game/sanguo/mobile/SceneRenderGate.java; app/src/main/java/game/sanguo/mobile/SceneWorkQueue.java; app/src/main/java/game/sanguo/mobile/SceneAssetQueue.java; app/src/main/java/game/sanguo/mobile/presentation/MapLayerData.java,bash scripts/test-architecture.sh; python3 scripts/check-native-protected-assets.py,17bd3376508499f2681d3e296939452383506a1e,98edd7f758d41b89826d03e6fd1be3366bbea173d679a58bdd5f157b8e9479f4,该行以注明的host/source/CI为证；设备专项见runtime-cases.json,NOT_RUN,EVIDENCE,当前轮只把明确原始日志范围作为支持证据；该复合契约完整验收未执行，不继承旧PASS或历史设备结果。,evidence/host/logs/test-architecture.log; evidence/host/logs/check-native-protected-assets-fetched.log; docs/native-pc-visual/evidence/firebase-20260928/SOURCE-REVIEW.md
Y02.L052,GLOBAL,因此本包固定目标与交付链，默认保留可运行 GPU 后端，在上层重做有问题的连续表现与资产；纯 GLES 只保留有证据的替换出口，不变成第二个长期项目。,02_BASELINE_AUDIT.md:52,ORIGINAL_ZIP,app/src/main/java/game/sanguo/mobile/MainActivity.java; app/src/main/java/game/sanguo/mobile/ScenarioFactionPicker.java; app/src/main/java/game/sanguo/mobile/MapHost.java; app/src/main/java/game/sanguo/mobile/FilamentMapView.java; app/src/main/java/game/sanguo/mobile/SceneRenderGate.java; app/src/main/java/game/sanguo/mobile/SceneWorkQueue.java; app/src/main/java/game/sanguo/mobile/SceneAssetQueue.java; app/src/main/java/game/sanguo/mobile/presentation/MapLayerData.java,bash scripts/test-architecture.sh; python3 scripts/check-native-protected-assets.py,17bd3376508499f2681d3e296939452383506a1e,98edd7f758d41b89826d03e6fd1be3366bbea173d679a58bdd5f157b8e9479f4,该行以注明的host/source/CI为证；设备专项见runtime-cases.json,NOT_RUN,EVIDENCE,当前轮只把明确原始日志范围作为支持证据；该复合契约完整验收未执行，不继承旧PASS或历史设备结果。,evidence/host/logs/test-architecture.log; evidence/host/logs/check-native-protected-assets-fetched.log; docs/native-pc-visual/evidence/firebase-20260928/SOURCE-REVIEW.md
Y02.L058,GLOBAL,原始核查链接见 `08_SOURCES.md`。后续运行状态不能从本文件推断。,02_BASELINE_AUDIT.md:58,ORIGINAL_ZIP,app/src/main/java/game/sanguo/mobile/MainActivity.java; app/src/main/java/game/sanguo/mobile/ScenarioFactionPicker.java; app/src/main/java/game/sanguo/mobile/MapHost.java; app/src/main/java/game/sanguo/mobile/FilamentMapView.java; app/src/main/java/game/sanguo/mobile/SceneRenderGate.java; app/src/main/java/game/sanguo/mobile/SceneWorkQueue.java; app/src/main/java/game/sanguo/mobile/SceneAssetQueue.java; app/src/main/java/game/sanguo/mobile/presentation/MapLayerData.java,bash scripts/test-architecture.sh; python3 scripts/check-native-protected-assets.py,17bd3376508499f2681d3e296939452383506a1e,98edd7f758d41b89826d03e6fd1be3366bbea173d679a58bdd5f157b8e9479f4,该行以注明的host/source/CI为证；设备专项见runtime-cases.json,NOT_RUN,EVIDENCE,当前轮只把明确原始日志范围作为支持证据；该复合契约完整验收未执行，不继承旧PASS或历史设备结果。,evidence/host/logs/test-architecture.log; evidence/host/logs/check-native-protected-assets-fetched.log; docs/native-pc-visual/evidence/firebase-20260928/SOURCE-REVIEW.md
Y08.L007,GLOBAL,以下链接固定到编包时 SHA，执行时另读远端最新版本。,08_SOURCES.md:7,ORIGINAL_ZIP,app/src/main/java/game/sanguo/mobile/MainActivity.java; app/src/main/java/game/sanguo/mobile/ScenarioFactionPicker.java; app/src/main/java/game/sanguo/mobile/MapHost.java; app/src/main/java/game/sanguo/mobile/FilamentMapView.java; app/src/main/java/game/sanguo/mobile/SceneRenderGate.java; app/src/main/java/game/sanguo/mobile/SceneWorkQueue.java; app/src/main/java/game/sanguo/mobile/SceneAssetQueue.java; app/src/main/java/game/sanguo/mobile/presentation/MapLayerData.java,bash scripts/test-architecture.sh; python3 scripts/check-native-protected-assets.py,17bd3376508499f2681d3e296939452383506a1e,98edd7f758d41b89826d03e6fd1be3366bbea173d679a58bdd5f157b8e9479f4,该行以注明的host/source/CI为证；设备专项见runtime-cases.json,NOT_RUN,EVIDENCE,当前轮只把明确原始日志范围作为支持证据；该复合契约完整验收未执行，不继承旧PASS或历史设备结果。,evidence/host/logs/test-architecture.log; evidence/host/logs/check-native-protected-assets-fetched.log; docs/native-pc-visual/evidence/firebase-20260928/SOURCE-REVIEW.md
Y08.L024,GLOBAL,支持依据：Android 框架提供 GLES 与 GLSurfaceView；设备是否具备 GLES3 需要实现/运行时检测；GLES3 的 ETC2/EAC 与可选 ASTC 不能混同。本包对画面质量、包体和性能的目标是项目设计，不是文档保证。,08_SOURCES.md:24,ORIGINAL_ZIP,app/src/main/java/game/sanguo/mobile/MainActivity.java; app/src/main/java/game/sanguo/mobile/ScenarioFactionPicker.java; app/src/main/java/game/sanguo/mobile/MapHost.java; app/src/main/java/game/sanguo/mobile/FilamentMapView.java; app/src/main/java/game/sanguo/mobile/SceneRenderGate.java; app/src/main/java/game/sanguo/mobile/SceneWorkQueue.java; app/src/main/java/game/sanguo/mobile/SceneAssetQueue.java; app/src/main/java/game/sanguo/mobile/presentation/MapLayerData.java,bash scripts/test-architecture.sh; python3 scripts/check-native-protected-assets.py,17bd3376508499f2681d3e296939452383506a1e,98edd7f758d41b89826d03e6fd1be3366bbea173d679a58bdd5f157b8e9479f4,该行以注明的host/source/CI为证；设备专项见runtime-cases.json,NOT_RUN,EVIDENCE,当前轮只把明确原始日志范围作为支持证据；该复合契约完整验收未执行，不继承旧PASS或历史设备结果。,evidence/host/logs/test-architecture.log; evidence/host/logs/check-native-protected-assets-fetched.log; docs/native-pc-visual/evidence/firebase-20260928/SOURCE-REVIEW.md
Y08.L029,GLOBAL,用于纯 GLES 候选的线程与上下文恢复核对；不意味着 Filament 现有 Surface 必须改成 GLSurfaceView。,08_SOURCES.md:29,ORIGINAL_ZIP,app/src/main/java/game/sanguo/mobile/MainActivity.java; app/src/main/java/game/sanguo/mobile/ScenarioFactionPicker.java; app/src/main/java/game/sanguo/mobile/MapHost.java; app/src/main/java/game/sanguo/mobile/FilamentMapView.java; app/src/main/java/game/sanguo/mobile/SceneRenderGate.java; app/src/main/java/game/sanguo/mobile/SceneWorkQueue.java; app/src/main/java/game/sanguo/mobile/SceneAssetQueue.java; app/src/main/java/game/sanguo/mobile/presentation/MapLayerData.java,bash scripts/test-architecture.sh; python3 scripts/check-native-protected-assets.py,17bd3376508499f2681d3e296939452383506a1e,98edd7f758d41b89826d03e6fd1be3366bbea173d679a58bdd5f157b8e9479f4,该行以注明的host/source/CI为证；设备专项见runtime-cases.json,NOT_RUN,EVIDENCE,当前轮只把明确原始日志范围作为支持证据；该复合契约完整验收未执行，不继承旧PASS或历史设备结果。,evidence/host/logs/test-architecture.log; evidence/host/logs/check-native-protected-assets-fetched.log; docs/native-pc-visual/evidence/firebase-20260928/SOURCE-REVIEW.md
Y08.L034,GLOBAL,支持依据：Android Java/JNI API、OpenGL ES 后端、Android Maven 库、自定义材质、gltfio 与离线工具；runtime 和 matc 需要匹配版本。官网最新示例不等于本项目应升级版本。,08_SOURCES.md:34,ORIGINAL_ZIP,app/src/main/java/game/sanguo/mobile/MainActivity.java; app/src/main/java/game/sanguo/mobile/ScenarioFactionPicker.java; app/src/main/java/game/sanguo/mobile/MapHost.java; app/src/main/java/game/sanguo/mobile/FilamentMapView.java; app/src/main/java/game/sanguo/mobile/SceneRenderGate.java; app/src/main/java/game/sanguo/mobile/SceneWorkQueue.java; app/src/main/java/game/sanguo/mobile/SceneAssetQueue.java; app/src/main/java/game/sanguo/mobile/presentation/MapLayerData.java,bash scripts/test-architecture.sh; python3 scripts/check-native-protected-assets.py,17bd3376508499f2681d3e296939452383506a1e,98edd7f758d41b89826d03e6fd1be3366bbea173d679a58bdd5f157b8e9479f4,该行以注明的host/source/CI为证；设备专项见runtime-cases.json,NOT_RUN,EVIDENCE,当前轮只把明确原始日志范围作为支持证据；该复合契约完整验收未执行，不继承旧PASS或历史设备结果。,evidence/host/logs/test-architecture.log; evidence/host/logs/check-native-protected-assets-fetched.log; docs/native-pc-visual/evidence/firebase-20260928/SOURCE-REVIEW.md
Y08.L039,GLOBAL,用于格式、坐标、accessor、材质与动画边界核查。项目可以支持受控子集，但应明确离线转换/拒绝策略。,08_SOURCES.md:39,ORIGINAL_ZIP,app/src/main/java/game/sanguo/mobile/MainActivity.java; app/src/main/java/game/sanguo/mobile/ScenarioFactionPicker.java; app/src/main/java/game/sanguo/mobile/MapHost.java; app/src/main/java/game/sanguo/mobile/FilamentMapView.java; app/src/main/java/game/sanguo/mobile/SceneRenderGate.java; app/src/main/java/game/sanguo/mobile/SceneWorkQueue.java; app/src/main/java/game/sanguo/mobile/SceneAssetQueue.java; app/src/main/java/game/sanguo/mobile/presentation/MapLayerData.java,bash scripts/test-architecture.sh; python3 scripts/check-native-protected-assets.py,17bd3376508499f2681d3e296939452383506a1e,98edd7f758d41b89826d03e6fd1be3366bbea173d679a58bdd5f157b8e9479f4,该行以注明的host/source/CI为证；设备专项见runtime-cases.json,NOT_RUN,EVIDENCE,当前轮只把明确原始日志范围作为支持证据；该复合契约完整验收未执行，不继承旧PASS或历史设备结果。,evidence/host/logs/test-architecture.log; evidence/host/logs/check-native-protected-assets-fetched.log; docs/native-pc-visual/evidence/firebase-20260928/SOURCE-REVIEW.md
Y08.L044,GLOBAL,用于格式验证，不证明模型外观像 PC 版，也不证明符合项目自己的运行时子集。,08_SOURCES.md:44,ORIGINAL_ZIP,app/src/main/java/game/sanguo/mobile/MainActivity.java; app/src/main/java/game/sanguo/mobile/ScenarioFactionPicker.java; app/src/main/java/game/sanguo/mobile/MapHost.java; app/src/main/java/game/sanguo/mobile/FilamentMapView.java; app/src/main/java/game/sanguo/mobile/SceneRenderGate.java; app/src/main/java/game/sanguo/mobile/SceneWorkQueue.java; app/src/main/java/game/sanguo/mobile/SceneAssetQueue.java; app/src/main/java/game/sanguo/mobile/presentation/MapLayerData.java,bash scripts/test-architecture.sh; python3 scripts/check-native-protected-assets.py,17bd3376508499f2681d3e296939452383506a1e,98edd7f758d41b89826d03e6fd1be3366bbea173d679a58bdd5f157b8e9479f4,该行以注明的host/source/CI为证；设备专项见runtime-cases.json,NOT_RUN,EVIDENCE,当前轮只把明确原始日志范围作为支持证据；该复合契约完整验收未执行，不继承旧PASS或历史设备结果。,evidence/host/logs/test-architecture.log; evidence/host/logs/check-native-protected-assets-fetched.log; docs/native-pc-visual/evidence/firebase-20260928/SOURCE-REVIEW.md
Y08.L049,GLOBAL,用于区分 CPU/GPU/帧呈现并采集真实性能；工具版本/设备支持以实际环境为准。,08_SOURCES.md:49,ORIGINAL_ZIP,app/src/main/java/game/sanguo/mobile/MainActivity.java; app/src/main/java/game/sanguo/mobile/ScenarioFactionPicker.java; app/src/main/java/game/sanguo/mobile/MapHost.java; app/src/main/java/game/sanguo/mobile/FilamentMapView.java; app/src/main/java/game/sanguo/mobile/SceneRenderGate.java; app/src/main/java/game/sanguo/mobile/SceneWorkQueue.java; app/src/main/java/game/sanguo/mobile/SceneAssetQueue.java; app/src/main/java/game/sanguo/mobile/presentation/MapLayerData.java,bash scripts/test-architecture.sh; python3 scripts/check-native-protected-assets.py,17bd3376508499f2681d3e296939452383506a1e,98edd7f758d41b89826d03e6fd1be3366bbea173d679a58bdd5f157b8e9479f4,该行以注明的host/source/CI为证；设备专项见runtime-cases.json,NOT_RUN,EVIDENCE,当前轮只把明确原始日志范围作为支持证据；该复合契约完整验收未执行，不继承旧PASS或历史设备结果。,evidence/host/logs/test-architecture.log; evidence/host/logs/check-native-protected-assets-fetched.log; docs/native-pc-visual/evidence/firebase-20260928/SOURCE-REVIEW.md
Y08.L056,GLOBAL,采访涉及 KOEI 程序持续演进、彩墨风格、Shader 与 Hex 逻辑。它不是完整渲染源代码，也不足以证明某种 terrain mesh、splat map、植被 billboard 或雾遮挡 LOD 的具体内部实现。本包选这些现代实现方法是工程设计，不写成已确认的原版内部事实。,08_SOURCES.md:56,ORIGINAL_ZIP,app/src/main/java/game/sanguo/mobile/MainActivity.java; app/src/main/java/game/sanguo/mobile/ScenarioFactionPicker.java; app/src/main/java/game/sanguo/mobile/MapHost.java; app/src/main/java/game/sanguo/mobile/FilamentMapView.java; app/src/main/java/game/sanguo/mobile/SceneRenderGate.java; app/src/main/java/game/sanguo/mobile/SceneWorkQueue.java; app/src/main/java/game/sanguo/mobile/SceneAssetQueue.java; app/src/main/java/game/sanguo/mobile/presentation/MapLayerData.java,bash scripts/test-architecture.sh; python3 scripts/check-native-protected-assets.py,17bd3376508499f2681d3e296939452383506a1e,98edd7f758d41b89826d03e6fd1be3366bbea173d679a58bdd5f157b8e9479f4,该行以注明的host/source/CI为证；设备专项见runtime-cases.json,NOT_RUN,EVIDENCE,当前轮只把明确原始日志范围作为支持证据；该复合契约完整验收未执行，不继承旧PASS或历史设备结果。,evidence/host/logs/test-architecture.log; evidence/host/logs/check-native-protected-assets-fetched.log; docs/native-pc-visual/evidence/firebase-20260928/SOURCE-REVIEW.md
Y08.L060,GLOBAL,参考图登记其具体原始页面，不只写“网上找的”。第三方博客可提供线索，关键 API/资源许可/版本要求回到官方说明核实。用实际 APK 截图来证明本项目效果，不用外部示意图代替。,08_SOURCES.md:60,ORIGINAL_ZIP,app/src/main/java/game/sanguo/mobile/MainActivity.java; app/src/main/java/game/sanguo/mobile/ScenarioFactionPicker.java; app/src/main/java/game/sanguo/mobile/MapHost.java; app/src/main/java/game/sanguo/mobile/FilamentMapView.java; app/src/main/java/game/sanguo/mobile/SceneRenderGate.java; app/src/main/java/game/sanguo/mobile/SceneWorkQueue.java; app/src/main/java/game/sanguo/mobile/SceneAssetQueue.java; app/src/main/java/game/sanguo/mobile/presentation/MapLayerData.java,bash scripts/test-architecture.sh; python3 scripts/check-native-protected-assets.py,17bd3376508499f2681d3e296939452383506a1e,98edd7f758d41b89826d03e6fd1be3366bbea173d679a58bdd5f157b8e9479f4,该行以注明的host/source/CI为证；设备专项见runtime-cases.json,NOT_RUN,EVIDENCE,当前轮只把明确原始日志范围作为支持证据；该复合契约完整验收未执行，不继承旧PASS或历史设备结果。,evidence/host/logs/test-architecture.log; evidence/host/logs/check-native-protected-assets-fetched.log; docs/native-pc-visual/evidence/firebase-20260928/SOURCE-REVIEW.md
YP.L026,GLOBAL,类名/目录仅作定位，必须查到真实文件与运行入口；不存在的路径说明并找对应职责，不能造空文件假装已有实现。,prompts/R00_PROMPT.md:26,ORIGINAL_ZIP,app/src/main/java/game/sanguo/mobile/MainActivity.java; app/src/main/java/game/sanguo/mobile/ScenarioFactionPicker.java; app/src/main/java/game/sanguo/mobile/MapHost.java; app/src/main/java/game/sanguo/mobile/FilamentMapView.java; app/src/main/java/game/sanguo/mobile/SceneRenderGate.java; app/src/main/java/game/sanguo/mobile/SceneWorkQueue.java; app/src/main/java/game/sanguo/mobile/SceneAssetQueue.java; app/src/main/java/game/sanguo/mobile/presentation/MapLayerData.java,bash scripts/test-architecture.sh; python3 scripts/check-native-protected-assets.py,17bd3376508499f2681d3e296939452383506a1e,98edd7f758d41b89826d03e6fd1be3366bbea173d679a58bdd5f157b8e9479f4,该行以注明的host/source/CI为证；设备专项见runtime-cases.json,NOT_RUN,EVIDENCE,当前轮只把明确原始日志范围作为支持证据；该复合契约完整验收未执行，不继承旧PASS或历史设备结果。,evidence/host/logs/test-architecture.log; evidence/host/logs/check-native-protected-assets-fetched.log; docs/native-pc-visual/evidence/firebase-20260928/SOURCE-REVIEW.md
H.L068,R12,正常冷启动 → 新剧本 → 全图势力预览 → 切换/选择势力 → 确认开局 → 选城/出征 → 选军/移动/攻击 → 战报 → 下一旬 → 保存/读档。,EXECUTE_PROMPT.txt:68,HISTORICAL_SUPPLEMENT,app/src/main/java/game/sanguo/mobile/MainActivity.java; app/src/main/java/game/sanguo/mobile/ScenarioFactionPicker.java; app/src/main/java/game/sanguo/mobile/MapHost.java; app/src/main/java/game/sanguo/mobile/FilamentMapView.java; app/src/main/java/game/sanguo/mobile/SceneRenderGate.java; app/src/main/java/game/sanguo/mobile/SceneWorkQueue.java; app/src/main/java/game/sanguo/mobile/SceneAssetQueue.java; app/src/main/java/game/sanguo/mobile/presentation/MapLayerData.java; app/src/main/java/game/sanguo/mobile/DeployWizard.java,bash scripts/test-native-r12.sh,17bd3376508499f2681d3e296939452383506a1e,98edd7f758d41b89826d03e6fd1be3366bbea173d679a58bdd5f157b8e9479f4,Pixel8/shiba API35; GalaxyS9/starlte API29,FAIL,EXECUTION_UI,实际执行完整链入口；横屏在出征选将失败，之后移动/攻击/战报/手动存读档不计完成。竖屏扩展独立列示。,evidence/host/logs/test-native-r12.log; docs/native-pc-visual/evidence/firebase-20260928/SOURCE-REVIEW.md; evidence/api35-second/recovered/firebase-audit/raw/36365917134-1/shiba-35-zh_CN-landscape/test_result_1.xml; evidence/api35-second/recovered/firebase-audit/raw/36365917134-1/shiba-35-zh_CN-landscape/artifacts/sdcard/Android/data/game.sanguo.mobile.dev/files/s01/acceptance-failure-1.png
H.L078,R12,用同一检查点的权威日期、控件内容、UI绘制/帧标识、3D Surface捕获、整屏原图和连续录屏交叉确认。不能仅凭 getText()、可访问性文本或 PixelCopy 的局部结果宣布屏幕正确。,EXECUTE_PROMPT.txt:78,HISTORICAL_SUPPLEMENT,app/src/main/java/game/sanguo/mobile/MainActivity.java; app/src/main/java/game/sanguo/mobile/ScenarioFactionPicker.java; app/src/main/java/game/sanguo/mobile/MapHost.java; app/src/main/java/game/sanguo/mobile/FilamentMapView.java; app/src/main/java/game/sanguo/mobile/SceneRenderGate.java; app/src/main/java/game/sanguo/mobile/SceneWorkQueue.java; app/src/main/java/game/sanguo/mobile/SceneAssetQueue.java; app/src/main/java/game/sanguo/mobile/presentation/MapLayerData.java,"bash scripts/test-native-r12.sh; FirebaseAcceptanceInstrumentation.dateStateAndPixelEvidence; four checkpoints, manual review of original pixels and continuous video; FirebaseAcceptanceInstrumentation.dateStateAndPixelEvidence; four checkpoints, manual review of original pixels and continuous video",17bd3376508499f2681d3e296939452383506a1e,98edd7f758d41b89826d03e6fd1be3366bbea173d679a58bdd5f157b8e9479f4,Pixel8/shiba API35; GalaxyS9/starlte API29,PASS,NONE,Pixel8与GalaxyS9各四个检查点的权威日期、snapshot月份、hud.date文字/可见边界、Window帧、Surface和整屏/同轮录像已交叉核对，正常跨月像素一致。异常backing恢复另列NOT_RUN。,evidence/host/logs/test-native-r12.log; docs/native-pc-visual/evidence/firebase-20260928/SOURCE-REVIEW.md; evidence/api35-second/recovered/firebase-audit/raw/36365917134-1/shiba-35-zh_CN-landscape/artifacts/sdcard/Android/data/game.sanguo.mobile.dev/files/s01/acceptance-runtime.txt; evidence/api29-second/out/firebase-audit/raw/36366893750-1/starlte-29-zh_CN-landscape/artifacts/sdcard/Android/data/game.sanguo.mobile.dev/files/s01/acceptance-runtime.txt
H.L139,R11,检查实际事件枚举及映射，补全 CALM/EXTINGUISH 等真实已有类别，测试中未产生的事件不得算覆盖。效果和数字来自正式结果，播放/跳过/倍速/暂停/出视野/重建不得重发伤害或重复事件。,EXECUTE_PROMPT.txt:139,HISTORICAL_SUPPLEMENT,app/src/main/java/game/sanguo/mobile/MainActivity.java; app/src/main/java/game/sanguo/mobile/ScenarioFactionPicker.java; app/src/main/java/game/sanguo/mobile/MapHost.java; app/src/main/java/game/sanguo/mobile/FilamentMapView.java; app/src/main/java/game/sanguo/mobile/SceneRenderGate.java; app/src/main/java/game/sanguo/mobile/SceneWorkQueue.java; app/src/main/java/game/sanguo/mobile/SceneAssetQueue.java; app/src/main/java/game/sanguo/mobile/presentation/MapLayerData.java; app/src/main/java/game/sanguo/mobile/CombatVisual.java; app/src/main/java/game/sanguo/mobile/CombatSequence.java; app/src/main/java/game/sanguo/mobile/CombatReplayLedger.java; core/src/main/java/game/sanguo/core/TurnJournal.java; core/src/main/java/game/sanguo/core/War.java,bash scripts/test-native-r11.sh; bash scripts/test-firebase-audit-events.sh,17bd3376508499f2681d3e296939452383506a1e,98edd7f758d41b89826d03e6fd1be3366bbea173d679a58bdd5f157b8e9479f4,该行以注明的host/source/CI为证；设备专项见runtime-cases.json,NOT_RUN,EVIDENCE,新增独立host fixture实际执行CALM清除CONFUSED/MISLED和EXTINGUISH灭火，生成各1个typed PLOT事件；三画质实际CPU效果样本与七播放模式完整SaveCodec/RNG字节通过1841检查。实际真机画面与完整事件类别未执行，整条仍NOT_RUN，不能混入纯触控PASS。,evidence/host/logs/test-native-r11.log; evidence/host/logs/test-firebase-audit-events.log; docs/native-pc-visual/evidence/firebase-20260928/SOURCE-REVIEW.md
H.L146,R13,明确区分内部原子保存与外部SAF DocumentProvider能力。可采用本地staging、校验、优先新文件导出和读回确认；不要对不支持原子替换的provider无条件覆盖旧有效文件。验证取消、撤销URI权限、断写、进程终止和冷重启，失败必须保留原存档及可用恢复点，不能先报成功后静默丢数据。,EXECUTE_PROMPT.txt:146,HISTORICAL_SUPPLEMENT,app/src/main/java/game/sanguo/mobile/MainActivity.java; app/src/main/java/game/sanguo/mobile/ScenarioFactionPicker.java; app/src/main/java/game/sanguo/mobile/MapHost.java; app/src/main/java/game/sanguo/mobile/FilamentMapView.java; app/src/main/java/game/sanguo/mobile/SceneRenderGate.java; app/src/main/java/game/sanguo/mobile/SceneWorkQueue.java; app/src/main/java/game/sanguo/mobile/SceneAssetQueue.java; app/src/main/java/game/sanguo/mobile/presentation/MapLayerData.java,bash scripts/test-native-r13.sh,17bd3376508499f2681d3e296939452383506a1e,98edd7f758d41b89826d03e6fd1be3366bbea173d679a58bdd5f157b8e9479f4,该行以注明的host/source/CI为证；设备专项见runtime-cases.json,NOT_RUN,EVIDENCE,笔刷/地图事务/自定义角色包安全等主机检查执行；系统SAF、全部编辑CRUD/新局/头像的真机端到端未执行。,evidence/host/logs/test-native-r13-jdk17.log; docs/native-pc-visual/evidence/firebase-20260928/SOURCE-REVIEW.md
