# concretecity3 所屬州 getter4c0c30 offsets24..27; genericbuilding3 remains sitekind; EXE 30d33b44876b84a8e87570873a86de88c65d2491c7e1cdeeb5883dc4b12feefb
# layered report SHA 8e4072609db83a2830f2480a6e8487370c2e06d64fd70ba05c94ac11bfeb2622
# sourceId	sourceSha	nativeCity	stableCity	region; original initialized context; serialized origin not proven
pc-scen000-843abd9f9702618fc95223b0993454252645e926c2d2a10e9384c411551e643c	843abd9f9702618fc95223b0993454252645e926c2d2a10e9384c411551e643c	0	20000	0
pc-scen000-843abd9f9702618fc95223b0993454252645e926c2d2a10e9384c411551e643c	843abd9f9702618fc95223b0993454252645e926c2d2a10e9384c411551e643c	1	20001	0
pc-scen000-843abd9f9702618fc95223b0993454252645e926c2d2a10e9384c411551e643c	843abd9f9702618fc95223b0993454252645e926c2d2a10e9384c411551e643c	2	20002	0
pc-scen000-843abd9f9702618fc95223b0993454252645e926c2d2a10e9384c411551e643c	843abd9f9702618fc95223b0993454252645e926c2d2a10e9384c411551e643c	3	20003	1
pc-scen000-843abd9f9702618fc95223b0993454252645e926c2d2a10e9384c411551e643c	843abd9f9702618fc95223b0993454252645e926c2d2a10e9384c411551e643c	4	20004	1
pc-scen000-843abd9f9702618fc95223b0993454252645e926c2d2a10e9384c411551e643c	843abd9f9702618fc95223b0993454252645e926c2d2a10e9384c411551e643c	5	20005	1
pc-scen000-843abd9f9702618fc95223b0993454252645e926c2d2a10e9384c411551e643c	843abd9f9702618fc95223b0993454252645e926c2d2a10e9384c411551e643c	6	20006	1
pc-scen000-843abd9f9702618fc95223b0993454252645e926c2d2a10e9384c411551e643c	843abd9f9702618fc95223b0993454252645e926c2d2a10e9384c411551e643c	7	20007	2
pc-scen000-843abd9f9702618fc95223b0993454252645e926c2d2a10e9384c411551e643c	843abd9f9702618fc95223b0993454252645e926c2d2a10e9384c411551e643c	8	20008	2
pc-scen000-843abd9f9702618fc95223b0993454252645e926c2d2a10e9384c411551e643c	843abd9f9702618fc95223b0993454252645e926c2d2a10e9384c411551e643c	9	20009	2
pc-scen000-843abd9f9702618fc95223b0993454252645e926c2d2a10e9384c411551e643c	843abd9f9702618fc95223b0993454252645e926c2d2a10e9384c411551e643c	10	20010	2
pc-scen000-843abd9f9702618fc95223b0993454252645e926c2d2a10e9384c411551e643c	843abd9f9702618fc95223b0993454252645e926c2d2a10e9384c411551e643c	11	20011	3
pc-scen000-843abd9f9702618fc95223b0993454252645e926c2d2a10e9384c411551e643c	843abd9f9702618fc95223b0993454252645e926c2d2a10e9384c411551e643c	12	20012	3
pc-scen000-843abd9f9702618fc95223b0993454252645e926c2d2a10e9384c411551e643c	843abd9f9702618fc95223b0993454252645e926c2d2a10e9384c411551e643c	13	20013	3
pc-scen000-843abd9f9702618fc95223b0993454252645e926c2d2a10e9384c411551e643c	843abd9f9702618fc95223b0993454252645e926c2d2a10e9384c411551e643c	14	20014	3
pc-scen000-843abd9f9702618fc95223b0993454252645e926c2d2a10e9384c411551e643c	843abd9f9702618fc95223b0993454252645e926c2d2a10e9384c411551e643c	15	20015	4
pc-scen000-843abd9f9702618fc95223b0993454252645e926c2d2a10e9384c411551e643c	843abd9f9702618fc95223b0993454252645e926c2d2a10e9384c411551e643c	16	20016	5
pc-scen000-843abd9f9702618fc95223b0993454252645e926c2d2a10e9384c411551e643c	843abd9f9702618fc95223b0993454252645e926c2d2a10e9384c411551e643c	17	20017	5
pc-scen000-843abd9f9702618fc95223b0993454252645e926c2d2a10e9384c411551e643c	843abd9f9702618fc95223b0993454252645e926c2d2a10e9384c411551e643c	18	20018	5
pc-scen000-843abd9f9702618fc95223b0993454252645e926c2d2a10e9384c411551e643c	843abd9f9702618fc95223b0993454252645e926c2d2a10e9384c411551e643c	19	20019	6
pc-scen000-843abd9f9702618fc95223b0993454252645e926c2d2a10e9384c411551e643c	843abd9f9702618fc95223b0993454252645e926c2d2a10e9384c411551e643c	20	20020	6
pc-scen000-843abd9f9702618fc95223b0993454252645e926c2d2a10e9384c411551e643c	843abd9f9702618fc95223b0993454252645e926c2d2a10e9384c411551e643c	21	20021	6
pc-scen000-843abd9f9702618fc95223b0993454252645e926c2d2a10e9384c411551e643c	843abd9f9702618fc95223b0993454252645e926c2d2a10e9384c411551e643c	22	20022	7
pc-scen000-843abd9f9702618fc95223b0993454252645e926c2d2a10e9384c411551e643c	843abd9f9702618fc95223b0993454252645e926c2d2a10e9384c411551e643c	23	20023	7
pc-scen000-843abd9f9702618fc95223b0993454252645e926c2d2a10e9384c411551e643c	843abd9f9702618fc95223b0993454252645e926c2d2a10e9384c411551e643c	24	20024	7
pc-scen000-843abd9f9702618fc95223b0993454252645e926c2d2a10e9384c411551e643c	843abd9f9702618fc95223b0993454252645e926c2d2a10e9384c411551e643c	25	20025	7
pc-scen000-843abd9f9702618fc95223b0993454252645e926c2d2a10e9384c411551e643c	843abd9f9702618fc95223b0993454252645e926c2d2a10e9384c411551e643c	26	20026	7
pc-scen000-843abd9f9702618fc95223b0993454252645e926c2d2a10e9384c411551e643c	843abd9f9702618fc95223b0993454252645e926c2d2a10e9384c411551e643c	27	20027	8
pc-scen000-843abd9f9702618fc95223b0993454252645e926c2d2a10e9384c411551e643c	843abd9f9702618fc95223b0993454252645e926c2d2a10e9384c411551e643c	28	20028	8
pc-scen000-843abd9f9702618fc95223b0993454252645e926c2d2a10e9384c411551e643c	843abd9f9702618fc95223b0993454252645e926c2d2a10e9384c411551e643c	29	20029	8
pc-scen000-843abd9f9702618fc95223b0993454252645e926c2d2a10e9384c411551e643c	843abd9f9702618fc95223b0993454252645e926c2d2a10e9384c411551e643c	30	20030	8
pc-scen000-843abd9f9702618fc95223b0993454252645e926c2d2a10e9384c411551e643c	843abd9f9702618fc95223b0993454252645e926c2d2a10e9384c411551e643c	31	20031	9
pc-scen000-843abd9f9702618fc95223b0993454252645e926c2d2a10e9384c411551e643c	843abd9f9702618fc95223b0993454252645e926c2d2a10e9384c411551e643c	32	20032	9
pc-scen000-843abd9f9702618fc95223b0993454252645e926c2d2a10e9384c411551e643c	843abd9f9702618fc95223b0993454252645e926c2d2a10e9384c411551e643c	33	20033	9
pc-scen000-843abd9f9702618fc95223b0993454252645e926c2d2a10e9384c411551e643c	843abd9f9702618fc95223b0993454252645e926c2d2a10e9384c411551e643c	34	20034	9
pc-scen000-843abd9f9702618fc95223b0993454252645e926c2d2a10e9384c411551e643c	843abd9f9702618fc95223b0993454252645e926c2d2a10e9384c411551e643c	35	20035	10
pc-scen000-843abd9f9702618fc95223b0993454252645e926c2d2a10e9384c411551e643c	843abd9f9702618fc95223b0993454252645e926c2d2a10e9384c411551e643c	36	20036	10
pc-scen000-843abd9f9702618fc95223b0993454252645e926c2d2a10e9384c411551e643c	843abd9f9702618fc95223b0993454252645e926c2d2a10e9384c411551e643c	37	20037	10
pc-scen000-843abd9f9702618fc95223b0993454252645e926c2d2a10e9384c411551e643c	843abd9f9702618fc95223b0993454252645e926c2d2a10e9384c411551e643c	38	20038	10
pc-scen000-843abd9f9702618fc95223b0993454252645e926c2d2a10e9384c411551e643c	843abd9f9702618fc95223b0993454252645e926c2d2a10e9384c411551e643c	39	20039	10
pc-scen000-843abd9f9702618fc95223b0993454252645e926c2d2a10e9384c411551e643c	843abd9f9702618fc95223b0993454252645e926c2d2a10e9384c411551e643c	40	20040	11
pc-scen000-843abd9f9702618fc95223b0993454252645e926c2d2a10e9384c411551e643c	843abd9f9702618fc95223b0993454252645e926c2d2a10e9384c411551e643c	41	20041	11
pc-scen001-aa3b9ef428ad2b2543bea62145ab6257ecbdf0dc8ff801253bcec3496c1158ae	aa3b9ef428ad2b2543bea62145ab6257ecbdf0dc8ff801253bcec3496c1158ae	0	20000	0
pc-scen001-aa3b9ef428ad2b2543bea62145ab6257ecbdf0dc8ff801253bcec3496c1158ae	aa3b9ef428ad2b2543bea62145ab6257ecbdf0dc8ff801253bcec3496c1158ae	1	20001	0
pc-scen001-aa3b9ef428ad2b2543bea62145ab6257ecbdf0dc8ff801253bcec3496c1158ae	aa3b9ef428ad2b2543bea62145ab6257ecbdf0dc8ff801253bcec3496c1158ae	2	20002	0
pc-scen001-aa3b9ef428ad2b2543bea62145ab6257ecbdf0dc8ff801253bcec3496c1158ae	aa3b9ef428ad2b2543bea62145ab6257ecbdf0dc8ff801253bcec3496c1158ae	3	20003	1
pc-scen001-aa3b9ef428ad2b2543bea62145ab6257ecbdf0dc8ff801253bcec3496c1158ae	aa3b9ef428ad2b2543bea62145ab6257ecbdf0dc8ff801253bcec3496c1158ae	4	20004	1
pc-scen001-aa3b9ef428ad2b2543bea62145ab6257ecbdf0dc8ff801253bcec3496c1158ae	aa3b9ef428ad2b2543bea62145ab6257ecbdf0dc8ff801253bcec3496c1158ae	5	20005	1
pc-scen001-aa3b9ef428ad2b2543bea62145ab6257ecbdf0dc8ff801253bcec3496c1158ae	aa3b9ef428ad2b2543bea62145ab6257ecbdf0dc8ff801253bcec3496c1158ae	6	20006	1
pc-scen001-aa3b9ef428ad2b2543bea62145ab6257ecbdf0dc8ff801253bcec3496c1158ae	aa3b9ef428ad2b2543bea62145ab6257ecbdf0dc8ff801253bcec3496c1158ae	7	20007	2
pc-scen001-aa3b9ef428ad2b2543bea62145ab6257ecbdf0dc8ff801253bcec3496c1158ae	aa3b9ef428ad2b2543bea62145ab6257ecbdf0dc8ff801253bcec3496c1158ae	8	20008	2
pc-scen001-aa3b9ef428ad2b2543bea62145ab6257ecbdf0dc8ff801253bcec3496c1158ae	aa3b9ef428ad2b2543bea62145ab6257ecbdf0dc8ff801253bcec3496c1158ae	9	20009	2
pc-scen001-aa3b9ef428ad2b2543bea62145ab6257ecbdf0dc8ff801253bcec3496c1158ae	aa3b9ef428ad2b2543bea62145ab6257ecbdf0dc8ff801253bcec3496c1158ae	10	20010	2
pc-scen001-aa3b9ef428ad2b2543bea62145ab6257ecbdf0dc8ff801253bcec3496c1158ae	aa3b9ef428ad2b2543bea62145ab6257ecbdf0dc8ff801253bcec3496c1158ae	11	20011	3
pc-scen001-aa3b9ef428ad2b2543bea62145ab6257ecbdf0dc8ff801253bcec3496c1158ae	aa3b9ef428ad2b2543bea62145ab6257ecbdf0dc8ff801253bcec3496c1158ae	12	20012	3
pc-scen001-aa3b9ef428ad2b2543bea62145ab6257ecbdf0dc8ff801253bcec3496c1158ae	aa3b9ef428ad2b2543bea62145ab6257ecbdf0dc8ff801253bcec3496c1158ae	13	20013	3
pc-scen001-aa3b9ef428ad2b2543bea62145ab6257ecbdf0dc8ff801253bcec3496c1158ae	aa3b9ef428ad2b2543bea62145ab6257ecbdf0dc8ff801253bcec3496c1158ae	14	20014	3
pc-scen001-aa3b9ef428ad2b2543bea62145ab6257ecbdf0dc8ff801253bcec3496c1158ae	aa3b9ef428ad2b2543bea62145ab6257ecbdf0dc8ff801253bcec3496c1158ae	15	20015	4
pc-scen001-aa3b9ef428ad2b2543bea62145ab6257ecbdf0dc8ff801253bcec3496c1158ae	aa3b9ef428ad2b2543bea62145ab6257ecbdf0dc8ff801253bcec3496c1158ae	16	20016	5
pc-scen001-aa3b9ef428ad2b2543bea62145ab6257ecbdf0dc8ff801253bcec3496c1158ae	aa3b9ef428ad2b2543bea62145ab6257ecbdf0dc8ff801253bcec3496c1158ae	17	20017	5
pc-scen001-aa3b9ef428ad2b2543bea62145ab6257ecbdf0dc8ff801253bcec3496c1158ae	aa3b9ef428ad2b2543bea62145ab6257ecbdf0dc8ff801253bcec3496c1158ae	18	20018	5
pc-scen001-aa3b9ef428ad2b2543bea62145ab6257ecbdf0dc8ff801253bcec3496c1158ae	aa3b9ef428ad2b2543bea62145ab6257ecbdf0dc8ff801253bcec3496c1158ae	19	20019	6
pc-scen001-aa3b9ef428ad2b2543bea62145ab6257ecbdf0dc8ff801253bcec3496c1158ae	aa3b9ef428ad2b2543bea62145ab6257ecbdf0dc8ff801253bcec3496c1158ae	20	20020	6
pc-scen001-aa3b9ef428ad2b2543bea62145ab6257ecbdf0dc8ff801253bcec3496c1158ae	aa3b9ef428ad2b2543bea62145ab6257ecbdf0dc8ff801253bcec3496c1158ae	21	20021	6
pc-scen001-aa3b9ef428ad2b2543bea62145ab6257ecbdf0dc8ff801253bcec3496c1158ae	aa3b9ef428ad2b2543bea62145ab6257ecbdf0dc8ff801253bcec3496c1158ae	22	20022	7
pc-scen001-aa3b9ef428ad2b2543bea62145ab6257ecbdf0dc8ff801253bcec3496c1158ae	aa3b9ef428ad2b2543bea62145ab6257ecbdf0dc8ff801253bcec3496c1158ae	23	20023	7
pc-scen001-aa3b9ef428ad2b2543bea62145ab6257ecbdf0dc8ff801253bcec3496c1158ae	aa3b9ef428ad2b2543bea62145ab6257ecbdf0dc8ff801253bcec3496c1158ae	24	20024	7
pc-scen001-aa3b9ef428ad2b2543bea62145ab6257ecbdf0dc8ff801253bcec3496c1158ae	aa3b9ef428ad2b2543bea62145ab6257ecbdf0dc8ff801253bcec3496c1158ae	25	20025	7
pc-scen001-aa3b9ef428ad2b2543bea62145ab6257ecbdf0dc8ff801253bcec3496c1158ae	aa3b9ef428ad2b2543bea62145ab6257ecbdf0dc8ff801253bcec3496c1158ae	26	20026	7
pc-scen001-aa3b9ef428ad2b2543bea62145ab6257ecbdf0dc8ff801253bcec3496c1158ae	aa3b9ef428ad2b2543bea62145ab6257ecbdf0dc8ff801253bcec3496c1158ae	27	20027	8
pc-scen001-aa3b9ef428ad2b2543bea62145ab6257ecbdf0dc8ff801253bcec3496c1158ae	aa3b9ef428ad2b2543bea62145ab6257ecbdf0dc8ff801253bcec3496c1158ae	28	20028	8
pc-scen001-aa3b9ef428ad2b2543bea62145ab6257ecbdf0dc8ff801253bcec3496c1158ae	aa3b9ef428ad2b2543bea62145ab6257ecbdf0dc8ff801253bcec3496c1158ae	29	20029	8
pc-scen001-aa3b9ef428ad2b2543bea62145ab6257ecbdf0dc8ff801253bcec3496c1158ae	aa3b9ef428ad2b2543bea62145ab6257ecbdf0dc8ff801253bcec3496c1158ae	30	20030	8
pc-scen001-aa3b9ef428ad2b2543bea62145ab6257ecbdf0dc8ff801253bcec3496c1158ae	aa3b9ef428ad2b2543bea62145ab6257ecbdf0dc8ff801253bcec3496c1158ae	31	20031	9
pc-scen001-aa3b9ef428ad2b2543bea62145ab6257ecbdf0dc8ff801253bcec3496c1158ae	aa3b9ef428ad2b2543bea62145ab6257ecbdf0dc8ff801253bcec3496c1158ae	32	20032	9
pc-scen001-aa3b9ef428ad2b2543bea62145ab6257ecbdf0dc8ff801253bcec3496c1158ae	aa3b9ef428ad2b2543bea62145ab6257ecbdf0dc8ff801253bcec3496c1158ae	33	20033	9
pc-scen001-aa3b9ef428ad2b2543bea62145ab6257ecbdf0dc8ff801253bcec3496c1158ae	aa3b9ef428ad2b2543bea62145ab6257ecbdf0dc8ff801253bcec3496c1158ae	34	20034	9
pc-scen001-aa3b9ef428ad2b2543bea62145ab6257ecbdf0dc8ff801253bcec3496c1158ae	aa3b9ef428ad2b2543bea62145ab6257ecbdf0dc8ff801253bcec3496c1158ae	35	20035	10
pc-scen001-aa3b9ef428ad2b2543bea62145ab6257ecbdf0dc8ff801253bcec3496c1158ae	aa3b9ef428ad2b2543bea62145ab6257ecbdf0dc8ff801253bcec3496c1158ae	36	20036	10
pc-scen001-aa3b9ef428ad2b2543bea62145ab6257ecbdf0dc8ff801253bcec3496c1158ae	aa3b9ef428ad2b2543bea62145ab6257ecbdf0dc8ff801253bcec3496c1158ae	37	20037	10
pc-scen001-aa3b9ef428ad2b2543bea62145ab6257ecbdf0dc8ff801253bcec3496c1158ae	aa3b9ef428ad2b2543bea62145ab6257ecbdf0dc8ff801253bcec3496c1158ae	38	20038	10
pc-scen001-aa3b9ef428ad2b2543bea62145ab6257ecbdf0dc8ff801253bcec3496c1158ae	aa3b9ef428ad2b2543bea62145ab6257ecbdf0dc8ff801253bcec3496c1158ae	39	20039	10
pc-scen001-aa3b9ef428ad2b2543bea62145ab6257ecbdf0dc8ff801253bcec3496c1158ae	aa3b9ef428ad2b2543bea62145ab6257ecbdf0dc8ff801253bcec3496c1158ae	40	20040	11
pc-scen001-aa3b9ef428ad2b2543bea62145ab6257ecbdf0dc8ff801253bcec3496c1158ae	aa3b9ef428ad2b2543bea62145ab6257ecbdf0dc8ff801253bcec3496c1158ae	41	20041	11
pc-scen002-ff8c08652f4bc20868855e3e15a0b90168a9eadf078ffd1a427e2cbacfad696c	ff8c08652f4bc20868855e3e15a0b90168a9eadf078ffd1a427e2cbacfad696c	0	20000	0
pc-scen002-ff8c08652f4bc20868855e3e15a0b90168a9eadf078ffd1a427e2cbacfad696c	ff8c08652f4bc20868855e3e15a0b90168a9eadf078ffd1a427e2cbacfad696c	1	20001	0
pc-scen002-ff8c08652f4bc20868855e3e15a0b90168a9eadf078ffd1a427e2cbacfad696c	ff8c08652f4bc20868855e3e15a0b90168a9eadf078ffd1a427e2cbacfad696c	2	20002	0
pc-scen002-ff8c08652f4bc20868855e3e15a0b90168a9eadf078ffd1a427e2cbacfad696c	ff8c08652f4bc20868855e3e15a0b90168a9eadf078ffd1a427e2cbacfad696c	3	20003	1
pc-scen002-ff8c08652f4bc20868855e3e15a0b90168a9eadf078ffd1a427e2cbacfad696c	ff8c08652f4bc20868855e3e15a0b90168a9eadf078ffd1a427e2cbacfad696c	4	20004	1
pc-scen002-ff8c08652f4bc20868855e3e15a0b90168a9eadf078ffd1a427e2cbacfad696c	ff8c08652f4bc20868855e3e15a0b90168a9eadf078ffd1a427e2cbacfad696c	5	20005	1
pc-scen002-ff8c08652f4bc20868855e3e15a0b90168a9eadf078ffd1a427e2cbacfad696c	ff8c08652f4bc20868855e3e15a0b90168a9eadf078ffd1a427e2cbacfad696c	6	20006	1
pc-scen002-ff8c08652f4bc20868855e3e15a0b90168a9eadf078ffd1a427e2cbacfad696c	ff8c08652f4bc20868855e3e15a0b90168a9eadf078ffd1a427e2cbacfad696c	7	20007	2
pc-scen002-ff8c08652f4bc20868855e3e15a0b90168a9eadf078ffd1a427e2cbacfad696c	ff8c08652f4bc20868855e3e15a0b90168a9eadf078ffd1a427e2cbacfad696c	8	20008	2
pc-scen002-ff8c08652f4bc20868855e3e15a0b90168a9eadf078ffd1a427e2cbacfad696c	ff8c08652f4bc20868855e3e15a0b90168a9eadf078ffd1a427e2cbacfad696c	9	20009	2
pc-scen002-ff8c08652f4bc20868855e3e15a0b90168a9eadf078ffd1a427e2cbacfad696c	ff8c08652f4bc20868855e3e15a0b90168a9eadf078ffd1a427e2cbacfad696c	10	20010	2
pc-scen002-ff8c08652f4bc20868855e3e15a0b90168a9eadf078ffd1a427e2cbacfad696c	ff8c08652f4bc20868855e3e15a0b90168a9eadf078ffd1a427e2cbacfad696c	11	20011	3
pc-scen002-ff8c08652f4bc20868855e3e15a0b90168a9eadf078ffd1a427e2cbacfad696c	ff8c08652f4bc20868855e3e15a0b90168a9eadf078ffd1a427e2cbacfad696c	12	20012	3
pc-scen002-ff8c08652f4bc20868855e3e15a0b90168a9eadf078ffd1a427e2cbacfad696c	ff8c08652f4bc20868855e3e15a0b90168a9eadf078ffd1a427e2cbacfad696c	13	20013	3
pc-scen002-ff8c08652f4bc20868855e3e15a0b90168a9eadf078ffd1a427e2cbacfad696c	ff8c08652f4bc20868855e3e15a0b90168a9eadf078ffd1a427e2cbacfad696c	14	20014	3
pc-scen002-ff8c08652f4bc20868855e3e15a0b90168a9eadf078ffd1a427e2cbacfad696c	ff8c08652f4bc20868855e3e15a0b90168a9eadf078ffd1a427e2cbacfad696c	15	20015	4
pc-scen002-ff8c08652f4bc20868855e3e15a0b90168a9eadf078ffd1a427e2cbacfad696c	ff8c08652f4bc20868855e3e15a0b90168a9eadf078ffd1a427e2cbacfad696c	16	20016	5
pc-scen002-ff8c08652f4bc20868855e3e15a0b90168a9eadf078ffd1a427e2cbacfad696c	ff8c08652f4bc20868855e3e15a0b90168a9eadf078ffd1a427e2cbacfad696c	17	20017	5
pc-scen002-ff8c08652f4bc20868855e3e15a0b90168a9eadf078ffd1a427e2cbacfad696c	ff8c08652f4bc20868855e3e15a0b90168a9eadf078ffd1a427e2cbacfad696c	18	20018	5
pc-scen002-ff8c08652f4bc20868855e3e15a0b90168a9eadf078ffd1a427e2cbacfad696c	ff8c08652f4bc20868855e3e15a0b90168a9eadf078ffd1a427e2cbacfad696c	19	20019	6
pc-scen002-ff8c08652f4bc20868855e3e15a0b90168a9eadf078ffd1a427e2cbacfad696c	ff8c08652f4bc20868855e3e15a0b90168a9eadf078ffd1a427e2cbacfad696c	20	20020	6
pc-scen002-ff8c08652f4bc20868855e3e15a0b90168a9eadf078ffd1a427e2cbacfad696c	ff8c08652f4bc20868855e3e15a0b90168a9eadf078ffd1a427e2cbacfad696c	21	20021	6
pc-scen002-ff8c08652f4bc20868855e3e15a0b90168a9eadf078ffd1a427e2cbacfad696c	ff8c08652f4bc20868855e3e15a0b90168a9eadf078ffd1a427e2cbacfad696c	22	20022	7
pc-scen002-ff8c08652f4bc20868855e3e15a0b90168a9eadf078ffd1a427e2cbacfad696c	ff8c08652f4bc20868855e3e15a0b90168a9eadf078ffd1a427e2cbacfad696c	23	20023	7
pc-scen002-ff8c08652f4bc20868855e3e15a0b90168a9eadf078ffd1a427e2cbacfad696c	ff8c08652f4bc20868855e3e15a0b90168a9eadf078ffd1a427e2cbacfad696c	24	20024	7
pc-scen002-ff8c08652f4bc20868855e3e15a0b90168a9eadf078ffd1a427e2cbacfad696c	ff8c08652f4bc20868855e3e15a0b90168a9eadf078ffd1a427e2cbacfad696c	25	20025	7
pc-scen002-ff8c08652f4bc20868855e3e15a0b90168a9eadf078ffd1a427e2cbacfad696c	ff8c08652f4bc20868855e3e15a0b90168a9eadf078ffd1a427e2cbacfad696c	26	20026	7
pc-scen002-ff8c08652f4bc20868855e3e15a0b90168a9eadf078ffd1a427e2cbacfad696c	ff8c08652f4bc20868855e3e15a0b90168a9eadf078ffd1a427e2cbacfad696c	27	20027	8
pc-scen002-ff8c08652f4bc20868855e3e15a0b90168a9eadf078ffd1a427e2cbacfad696c	ff8c08652f4bc20868855e3e15a0b90168a9eadf078ffd1a427e2cbacfad696c	28	20028	8
pc-scen002-ff8c08652f4bc20868855e3e15a0b90168a9eadf078ffd1a427e2cbacfad696c	ff8c08652f4bc20868855e3e15a0b90168a9eadf078ffd1a427e2cbacfad696c	29	20029	8
pc-scen002-ff8c08652f4bc20868855e3e15a0b90168a9eadf078ffd1a427e2cbacfad696c	ff8c08652f4bc20868855e3e15a0b90168a9eadf078ffd1a427e2cbacfad696c	30	20030	8
pc-scen002-ff8c08652f4bc20868855e3e15a0b90168a9eadf078ffd1a427e2cbacfad696c	ff8c08652f4bc20868855e3e15a0b90168a9eadf078ffd1a427e2cbacfad696c	31	20031	9
pc-scen002-ff8c08652f4bc20868855e3e15a0b90168a9eadf078ffd1a427e2cbacfad696c	ff8c08652f4bc20868855e3e15a0b90168a9eadf078ffd1a427e2cbacfad696c	32	20032	9
pc-scen002-ff8c08652f4bc20868855e3e15a0b90168a9eadf078ffd1a427e2cbacfad696c	ff8c08652f4bc20868855e3e15a0b90168a9eadf078ffd1a427e2cbacfad696c	33	20033	9
pc-scen002-ff8c08652f4bc20868855e3e15a0b90168a9eadf078ffd1a427e2cbacfad696c	ff8c08652f4bc20868855e3e15a0b90168a9eadf078ffd1a427e2cbacfad696c	34	20034	9
pc-scen002-ff8c08652f4bc20868855e3e15a0b90168a9eadf078ffd1a427e2cbacfad696c	ff8c08652f4bc20868855e3e15a0b90168a9eadf078ffd1a427e2cbacfad696c	35	20035	10
pc-scen002-ff8c08652f4bc20868855e3e15a0b90168a9eadf078ffd1a427e2cbacfad696c	ff8c08652f4bc20868855e3e15a0b90168a9eadf078ffd1a427e2cbacfad696c	36	20036	10
pc-scen002-ff8c08652f4bc20868855e3e15a0b90168a9eadf078ffd1a427e2cbacfad696c	ff8c08652f4bc20868855e3e15a0b90168a9eadf078ffd1a427e2cbacfad696c	37	20037	10
pc-scen002-ff8c08652f4bc20868855e3e15a0b90168a9eadf078ffd1a427e2cbacfad696c	ff8c08652f4bc20868855e3e15a0b90168a9eadf078ffd1a427e2cbacfad696c	38	20038	10
pc-scen002-ff8c08652f4bc20868855e3e15a0b90168a9eadf078ffd1a427e2cbacfad696c	ff8c08652f4bc20868855e3e15a0b90168a9eadf078ffd1a427e2cbacfad696c	39	20039	10
pc-scen002-ff8c08652f4bc20868855e3e15a0b90168a9eadf078ffd1a427e2cbacfad696c	ff8c08652f4bc20868855e3e15a0b90168a9eadf078ffd1a427e2cbacfad696c	40	20040	11
pc-scen002-ff8c08652f4bc20868855e3e15a0b90168a9eadf078ffd1a427e2cbacfad696c	ff8c08652f4bc20868855e3e15a0b90168a9eadf078ffd1a427e2cbacfad696c	41	20041	11
pc-scen003-efdf2efd64ca7275caf13b6d38223d7d29833a6f50fefd45cc395141e3d4299e	efdf2efd64ca7275caf13b6d38223d7d29833a6f50fefd45cc395141e3d4299e	0	20000	0
pc-scen003-efdf2efd64ca7275caf13b6d38223d7d29833a6f50fefd45cc395141e3d4299e	efdf2efd64ca7275caf13b6d38223d7d29833a6f50fefd45cc395141e3d4299e	1	20001	0
pc-scen003-efdf2efd64ca7275caf13b6d38223d7d29833a6f50fefd45cc395141e3d4299e	efdf2efd64ca7275caf13b6d38223d7d29833a6f50fefd45cc395141e3d4299e	2	20002	0
pc-scen003-efdf2efd64ca7275caf13b6d38223d7d29833a6f50fefd45cc395141e3d4299e	efdf2efd64ca7275caf13b6d38223d7d29833a6f50fefd45cc395141e3d4299e	3	20003	1
pc-scen003-efdf2efd64ca7275caf13b6d38223d7d29833a6f50fefd45cc395141e3d4299e	efdf2efd64ca7275caf13b6d38223d7d29833a6f50fefd45cc395141e3d4299e	4	20004	1
pc-scen003-efdf2efd64ca7275caf13b6d38223d7d29833a6f50fefd45cc395141e3d4299e	efdf2efd64ca7275caf13b6d38223d7d29833a6f50fefd45cc395141e3d4299e	5	20005	1
pc-scen003-efdf2efd64ca7275caf13b6d38223d7d29833a6f50fefd45cc395141e3d4299e	efdf2efd64ca7275caf13b6d38223d7d29833a6f50fefd45cc395141e3d4299e	6	20006	1
pc-scen003-efdf2efd64ca7275caf13b6d38223d7d29833a6f50fefd45cc395141e3d4299e	efdf2efd64ca7275caf13b6d38223d7d29833a6f50fefd45cc395141e3d4299e	7	20007	2
pc-scen003-efdf2efd64ca7275caf13b6d38223d7d29833a6f50fefd45cc395141e3d4299e	efdf2efd64ca7275caf13b6d38223d7d29833a6f50fefd45cc395141e3d4299e	8	20008	2
pc-scen003-efdf2efd64ca7275caf13b6d38223d7d29833a6f50fefd45cc395141e3d4299e	efdf2efd64ca7275caf13b6d38223d7d29833a6f50fefd45cc395141e3d4299e	9	20009	2
pc-scen003-efdf2efd64ca7275caf13b6d38223d7d29833a6f50fefd45cc395141e3d4299e	efdf2efd64ca7275caf13b6d38223d7d29833a6f50fefd45cc395141e3d4299e	10	20010	2
pc-scen003-efdf2efd64ca7275caf13b6d38223d7d29833a6f50fefd45cc395141e3d4299e	efdf2efd64ca7275caf13b6d38223d7d29833a6f50fefd45cc395141e3d4299e	11	20011	3
pc-scen003-efdf2efd64ca7275caf13b6d38223d7d29833a6f50fefd45cc395141e3d4299e	efdf2efd64ca7275caf13b6d38223d7d29833a6f50fefd45cc395141e3d4299e	12	20012	3
pc-scen003-efdf2efd64ca7275caf13b6d38223d7d29833a6f50fefd45cc395141e3d4299e	efdf2efd64ca7275caf13b6d38223d7d29833a6f50fefd45cc395141e3d4299e	13	20013	3
pc-scen003-efdf2efd64ca7275caf13b6d38223d7d29833a6f50fefd45cc395141e3d4299e	efdf2efd64ca7275caf13b6d38223d7d29833a6f50fefd45cc395141e3d4299e	14	20014	3
pc-scen003-efdf2efd64ca7275caf13b6d38223d7d29833a6f50fefd45cc395141e3d4299e	efdf2efd64ca7275caf13b6d38223d7d29833a6f50fefd45cc395141e3d4299e	15	20015	4
pc-scen003-efdf2efd64ca7275caf13b6d38223d7d29833a6f50fefd45cc395141e3d4299e	efdf2efd64ca7275caf13b6d38223d7d29833a6f50fefd45cc395141e3d4299e	16	20016	5
pc-scen003-efdf2efd64ca7275caf13b6d38223d7d29833a6f50fefd45cc395141e3d4299e	efdf2efd64ca7275caf13b6d38223d7d29833a6f50fefd45cc395141e3d4299e	17	20017	5
pc-scen003-efdf2efd64ca7275caf13b6d38223d7d29833a6f50fefd45cc395141e3d4299e	efdf2efd64ca7275caf13b6d38223d7d29833a6f50fefd45cc395141e3d4299e	18	20018	5
pc-scen003-efdf2efd64ca7275caf13b6d38223d7d29833a6f50fefd45cc395141e3d4299e	efdf2efd64ca7275caf13b6d38223d7d29833a6f50fefd45cc395141e3d4299e	19	20019	6
pc-scen003-efdf2efd64ca7275caf13b6d38223d7d29833a6f50fefd45cc395141e3d4299e	efdf2efd64ca7275caf13b6d38223d7d29833a6f50fefd45cc395141e3d4299e	20	20020	6
pc-scen003-efdf2efd64ca7275caf13b6d38223d7d29833a6f50fefd45cc395141e3d4299e	efdf2efd64ca7275caf13b6d38223d7d29833a6f50fefd45cc395141e3d4299e	21	20021	6
pc-scen003-efdf2efd64ca7275caf13b6d38223d7d29833a6f50fefd45cc395141e3d4299e	efdf2efd64ca7275caf13b6d38223d7d29833a6f50fefd45cc395141e3d4299e	22	20022	7
pc-scen003-efdf2efd64ca7275caf13b6d38223d7d29833a6f50fefd45cc395141e3d4299e	efdf2efd64ca7275caf13b6d38223d7d29833a6f50fefd45cc395141e3d4299e	23	20023	7
pc-scen003-efdf2efd64ca7275caf13b6d38223d7d29833a6f50fefd45cc395141e3d4299e	efdf2efd64ca7275caf13b6d38223d7d29833a6f50fefd45cc395141e3d4299e	24	20024	7
pc-scen003-efdf2efd64ca7275caf13b6d38223d7d29833a6f50fefd45cc395141e3d4299e	efdf2efd64ca7275caf13b6d38223d7d29833a6f50fefd45cc395141e3d4299e	25	20025	7
pc-scen003-efdf2efd64ca7275caf13b6d38223d7d29833a6f50fefd45cc395141e3d4299e	efdf2efd64ca7275caf13b6d38223d7d29833a6f50fefd45cc395141e3d4299e	26	20026	7
pc-scen003-efdf2efd64ca7275caf13b6d38223d7d29833a6f50fefd45cc395141e3d4299e	efdf2efd64ca7275caf13b6d38223d7d29833a6f50fefd45cc395141e3d4299e	27	20027	8
pc-scen003-efdf2efd64ca7275caf13b6d38223d7d29833a6f50fefd45cc395141e3d4299e	efdf2efd64ca7275caf13b6d38223d7d29833a6f50fefd45cc395141e3d4299e	28	20028	8
pc-scen003-efdf2efd64ca7275caf13b6d38223d7d29833a6f50fefd45cc395141e3d4299e	efdf2efd64ca7275caf13b6d38223d7d29833a6f50fefd45cc395141e3d4299e	29	20029	8
pc-scen003-efdf2efd64ca7275caf13b6d38223d7d29833a6f50fefd45cc395141e3d4299e	efdf2efd64ca7275caf13b6d38223d7d29833a6f50fefd45cc395141e3d4299e	30	20030	8
pc-scen003-efdf2efd64ca7275caf13b6d38223d7d29833a6f50fefd45cc395141e3d4299e	efdf2efd64ca7275caf13b6d38223d7d29833a6f50fefd45cc395141e3d4299e	31	20031	9
pc-scen003-efdf2efd64ca7275caf13b6d38223d7d29833a6f50fefd45cc395141e3d4299e	efdf2efd64ca7275caf13b6d38223d7d29833a6f50fefd45cc395141e3d4299e	32	20032	9
pc-scen003-efdf2efd64ca7275caf13b6d38223d7d29833a6f50fefd45cc395141e3d4299e	efdf2efd64ca7275caf13b6d38223d7d29833a6f50fefd45cc395141e3d4299e	33	20033	9
pc-scen003-efdf2efd64ca7275caf13b6d38223d7d29833a6f50fefd45cc395141e3d4299e	efdf2efd64ca7275caf13b6d38223d7d29833a6f50fefd45cc395141e3d4299e	34	20034	9
pc-scen003-efdf2efd64ca7275caf13b6d38223d7d29833a6f50fefd45cc395141e3d4299e	efdf2efd64ca7275caf13b6d38223d7d29833a6f50fefd45cc395141e3d4299e	35	20035	10
pc-scen003-efdf2efd64ca7275caf13b6d38223d7d29833a6f50fefd45cc395141e3d4299e	efdf2efd64ca7275caf13b6d38223d7d29833a6f50fefd45cc395141e3d4299e	36	20036	10
pc-scen003-efdf2efd64ca7275caf13b6d38223d7d29833a6f50fefd45cc395141e3d4299e	efdf2efd64ca7275caf13b6d38223d7d29833a6f50fefd45cc395141e3d4299e	37	20037	10
pc-scen003-efdf2efd64ca7275caf13b6d38223d7d29833a6f50fefd45cc395141e3d4299e	efdf2efd64ca7275caf13b6d38223d7d29833a6f50fefd45cc395141e3d4299e	38	20038	10
pc-scen003-efdf2efd64ca7275caf13b6d38223d7d29833a6f50fefd45cc395141e3d4299e	efdf2efd64ca7275caf13b6d38223d7d29833a6f50fefd45cc395141e3d4299e	39	20039	10
pc-scen003-efdf2efd64ca7275caf13b6d38223d7d29833a6f50fefd45cc395141e3d4299e	efdf2efd64ca7275caf13b6d38223d7d29833a6f50fefd45cc395141e3d4299e	40	20040	11
pc-scen003-efdf2efd64ca7275caf13b6d38223d7d29833a6f50fefd45cc395141e3d4299e	efdf2efd64ca7275caf13b6d38223d7d29833a6f50fefd45cc395141e3d4299e	41	20041	11
pc-scen004-6451c22f04d2020bf43028728bf26eaede9937a76453c1dd87d9102d0e25ddae	6451c22f04d2020bf43028728bf26eaede9937a76453c1dd87d9102d0e25ddae	0	20000	0
pc-scen004-6451c22f04d2020bf43028728bf26eaede9937a76453c1dd87d9102d0e25ddae	6451c22f04d2020bf43028728bf26eaede9937a76453c1dd87d9102d0e25ddae	1	20001	0
pc-scen004-6451c22f04d2020bf43028728bf26eaede9937a76453c1dd87d9102d0e25ddae	6451c22f04d2020bf43028728bf26eaede9937a76453c1dd87d9102d0e25ddae	2	20002	0
pc-scen004-6451c22f04d2020bf43028728bf26eaede9937a76453c1dd87d9102d0e25ddae	6451c22f04d2020bf43028728bf26eaede9937a76453c1dd87d9102d0e25ddae	3	20003	1
pc-scen004-6451c22f04d2020bf43028728bf26eaede9937a76453c1dd87d9102d0e25ddae	6451c22f04d2020bf43028728bf26eaede9937a76453c1dd87d9102d0e25ddae	4	20004	1
pc-scen004-6451c22f04d2020bf43028728bf26eaede9937a76453c1dd87d9102d0e25ddae	6451c22f04d2020bf43028728bf26eaede9937a76453c1dd87d9102d0e25ddae	5	20005	1
pc-scen004-6451c22f04d2020bf43028728bf26eaede9937a76453c1dd87d9102d0e25ddae	6451c22f04d2020bf43028728bf26eaede9937a76453c1dd87d9102d0e25ddae	6	20006	1
pc-scen004-6451c22f04d2020bf43028728bf26eaede9937a76453c1dd87d9102d0e25ddae	6451c22f04d2020bf43028728bf26eaede9937a76453c1dd87d9102d0e25ddae	7	20007	2
pc-scen004-6451c22f04d2020bf43028728bf26eaede9937a76453c1dd87d9102d0e25ddae	6451c22f04d2020bf43028728bf26eaede9937a76453c1dd87d9102d0e25ddae	8	20008	2
pc-scen004-6451c22f04d2020bf43028728bf26eaede9937a76453c1dd87d9102d0e25ddae	6451c22f04d2020bf43028728bf26eaede9937a76453c1dd87d9102d0e25ddae	9	20009	2
pc-scen004-6451c22f04d2020bf43028728bf26eaede9937a76453c1dd87d9102d0e25ddae	6451c22f04d2020bf43028728bf26eaede9937a76453c1dd87d9102d0e25ddae	10	20010	2
pc-scen004-6451c22f04d2020bf43028728bf26eaede9937a76453c1dd87d9102d0e25ddae	6451c22f04d2020bf43028728bf26eaede9937a76453c1dd87d9102d0e25ddae	11	20011	3
pc-scen004-6451c22f04d2020bf43028728bf26eaede9937a76453c1dd87d9102d0e25ddae	6451c22f04d2020bf43028728bf26eaede9937a76453c1dd87d9102d0e25ddae	12	20012	3
pc-scen004-6451c22f04d2020bf43028728bf26eaede9937a76453c1dd87d9102d0e25ddae	6451c22f04d2020bf43028728bf26eaede9937a76453c1dd87d9102d0e25ddae	13	20013	3
pc-scen004-6451c22f04d2020bf43028728bf26eaede9937a76453c1dd87d9102d0e25ddae	6451c22f04d2020bf43028728bf26eaede9937a76453c1dd87d9102d0e25ddae	14	20014	3
pc-scen004-6451c22f04d2020bf43028728bf26eaede9937a76453c1dd87d9102d0e25ddae	6451c22f04d2020bf43028728bf26eaede9937a76453c1dd87d9102d0e25ddae	15	20015	4
pc-scen004-6451c22f04d2020bf43028728bf26eaede9937a76453c1dd87d9102d0e25ddae	6451c22f04d2020bf43028728bf26eaede9937a76453c1dd87d9102d0e25ddae	16	20016	5
pc-scen004-6451c22f04d2020bf43028728bf26eaede9937a76453c1dd87d9102d0e25ddae	6451c22f04d2020bf43028728bf26eaede9937a76453c1dd87d9102d0e25ddae	17	20017	5
pc-scen004-6451c22f04d2020bf43028728bf26eaede9937a76453c1dd87d9102d0e25ddae	6451c22f04d2020bf43028728bf26eaede9937a76453c1dd87d9102d0e25ddae	18	20018	5
pc-scen004-6451c22f04d2020bf43028728bf26eaede9937a76453c1dd87d9102d0e25ddae	6451c22f04d2020bf43028728bf26eaede9937a76453c1dd87d9102d0e25ddae	19	20019	6
pc-scen004-6451c22f04d2020bf43028728bf26eaede9937a76453c1dd87d9102d0e25ddae	6451c22f04d2020bf43028728bf26eaede9937a76453c1dd87d9102d0e25ddae	20	20020	6
pc-scen004-6451c22f04d2020bf43028728bf26eaede9937a76453c1dd87d9102d0e25ddae	6451c22f04d2020bf43028728bf26eaede9937a76453c1dd87d9102d0e25ddae	21	20021	6
pc-scen004-6451c22f04d2020bf43028728bf26eaede9937a76453c1dd87d9102d0e25ddae	6451c22f04d2020bf43028728bf26eaede9937a76453c1dd87d9102d0e25ddae	22	20022	7
pc-scen004-6451c22f04d2020bf43028728bf26eaede9937a76453c1dd87d9102d0e25ddae	6451c22f04d2020bf43028728bf26eaede9937a76453c1dd87d9102d0e25ddae	23	20023	7
pc-scen004-6451c22f04d2020bf43028728bf26eaede9937a76453c1dd87d9102d0e25ddae	6451c22f04d2020bf43028728bf26eaede9937a76453c1dd87d9102d0e25ddae	24	20024	7
pc-scen004-6451c22f04d2020bf43028728bf26eaede9937a76453c1dd87d9102d0e25ddae	6451c22f04d2020bf43028728bf26eaede9937a76453c1dd87d9102d0e25ddae	25	20025	7
pc-scen004-6451c22f04d2020bf43028728bf26eaede9937a76453c1dd87d9102d0e25ddae	6451c22f04d2020bf43028728bf26eaede9937a76453c1dd87d9102d0e25ddae	26	20026	7
pc-scen004-6451c22f04d2020bf43028728bf26eaede9937a76453c1dd87d9102d0e25ddae	6451c22f04d2020bf43028728bf26eaede9937a76453c1dd87d9102d0e25ddae	27	20027	8
pc-scen004-6451c22f04d2020bf43028728bf26eaede9937a76453c1dd87d9102d0e25ddae	6451c22f04d2020bf43028728bf26eaede9937a76453c1dd87d9102d0e25ddae	28	20028	8
pc-scen004-6451c22f04d2020bf43028728bf26eaede9937a76453c1dd87d9102d0e25ddae	6451c22f04d2020bf43028728bf26eaede9937a76453c1dd87d9102d0e25ddae	29	20029	8
pc-scen004-6451c22f04d2020bf43028728bf26eaede9937a76453c1dd87d9102d0e25ddae	6451c22f04d2020bf43028728bf26eaede9937a76453c1dd87d9102d0e25ddae	30	20030	8
pc-scen004-6451c22f04d2020bf43028728bf26eaede9937a76453c1dd87d9102d0e25ddae	6451c22f04d2020bf43028728bf26eaede9937a76453c1dd87d9102d0e25ddae	31	20031	9
pc-scen004-6451c22f04d2020bf43028728bf26eaede9937a76453c1dd87d9102d0e25ddae	6451c22f04d2020bf43028728bf26eaede9937a76453c1dd87d9102d0e25ddae	32	20032	9
pc-scen004-6451c22f04d2020bf43028728bf26eaede9937a76453c1dd87d9102d0e25ddae	6451c22f04d2020bf43028728bf26eaede9937a76453c1dd87d9102d0e25ddae	33	20033	9
pc-scen004-6451c22f04d2020bf43028728bf26eaede9937a76453c1dd87d9102d0e25ddae	6451c22f04d2020bf43028728bf26eaede9937a76453c1dd87d9102d0e25ddae	34	20034	9
pc-scen004-6451c22f04d2020bf43028728bf26eaede9937a76453c1dd87d9102d0e25ddae	6451c22f04d2020bf43028728bf26eaede9937a76453c1dd87d9102d0e25ddae	35	20035	10
pc-scen004-6451c22f04d2020bf43028728bf26eaede9937a76453c1dd87d9102d0e25ddae	6451c22f04d2020bf43028728bf26eaede9937a76453c1dd87d9102d0e25ddae	36	20036	10
pc-scen004-6451c22f04d2020bf43028728bf26eaede9937a76453c1dd87d9102d0e25ddae	6451c22f04d2020bf43028728bf26eaede9937a76453c1dd87d9102d0e25ddae	37	20037	10
pc-scen004-6451c22f04d2020bf43028728bf26eaede9937a76453c1dd87d9102d0e25ddae	6451c22f04d2020bf43028728bf26eaede9937a76453c1dd87d9102d0e25ddae	38	20038	10
pc-scen004-6451c22f04d2020bf43028728bf26eaede9937a76453c1dd87d9102d0e25ddae	6451c22f04d2020bf43028728bf26eaede9937a76453c1dd87d9102d0e25ddae	39	20039	10
pc-scen004-6451c22f04d2020bf43028728bf26eaede9937a76453c1dd87d9102d0e25ddae	6451c22f04d2020bf43028728bf26eaede9937a76453c1dd87d9102d0e25ddae	40	20040	11
pc-scen004-6451c22f04d2020bf43028728bf26eaede9937a76453c1dd87d9102d0e25ddae	6451c22f04d2020bf43028728bf26eaede9937a76453c1dd87d9102d0e25ddae	41	20041	11
pc-scen005-4ffc74a7ce91d926c8eb1394c8eeb12cc0e942d0abbcd3d10187779f8edbfe01	4ffc74a7ce91d926c8eb1394c8eeb12cc0e942d0abbcd3d10187779f8edbfe01	0	20000	0
pc-scen005-4ffc74a7ce91d926c8eb1394c8eeb12cc0e942d0abbcd3d10187779f8edbfe01	4ffc74a7ce91d926c8eb1394c8eeb12cc0e942d0abbcd3d10187779f8edbfe01	1	20001	0
pc-scen005-4ffc74a7ce91d926c8eb1394c8eeb12cc0e942d0abbcd3d10187779f8edbfe01	4ffc74a7ce91d926c8eb1394c8eeb12cc0e942d0abbcd3d10187779f8edbfe01	2	20002	0
pc-scen005-4ffc74a7ce91d926c8eb1394c8eeb12cc0e942d0abbcd3d10187779f8edbfe01	4ffc74a7ce91d926c8eb1394c8eeb12cc0e942d0abbcd3d10187779f8edbfe01	3	20003	1
pc-scen005-4ffc74a7ce91d926c8eb1394c8eeb12cc0e942d0abbcd3d10187779f8edbfe01	4ffc74a7ce91d926c8eb1394c8eeb12cc0e942d0abbcd3d10187779f8edbfe01	4	20004	1
pc-scen005-4ffc74a7ce91d926c8eb1394c8eeb12cc0e942d0abbcd3d10187779f8edbfe01	4ffc74a7ce91d926c8eb1394c8eeb12cc0e942d0abbcd3d10187779f8edbfe01	5	20005	1
pc-scen005-4ffc74a7ce91d926c8eb1394c8eeb12cc0e942d0abbcd3d10187779f8edbfe01	4ffc74a7ce91d926c8eb1394c8eeb12cc0e942d0abbcd3d10187779f8edbfe01	6	20006	1
pc-scen005-4ffc74a7ce91d926c8eb1394c8eeb12cc0e942d0abbcd3d10187779f8edbfe01	4ffc74a7ce91d926c8eb1394c8eeb12cc0e942d0abbcd3d10187779f8edbfe01	7	20007	2
pc-scen005-4ffc74a7ce91d926c8eb1394c8eeb12cc0e942d0abbcd3d10187779f8edbfe01	4ffc74a7ce91d926c8eb1394c8eeb12cc0e942d0abbcd3d10187779f8edbfe01	8	20008	2
pc-scen005-4ffc74a7ce91d926c8eb1394c8eeb12cc0e942d0abbcd3d10187779f8edbfe01	4ffc74a7ce91d926c8eb1394c8eeb12cc0e942d0abbcd3d10187779f8edbfe01	9	20009	2
pc-scen005-4ffc74a7ce91d926c8eb1394c8eeb12cc0e942d0abbcd3d10187779f8edbfe01	4ffc74a7ce91d926c8eb1394c8eeb12cc0e942d0abbcd3d10187779f8edbfe01	10	20010	2
pc-scen005-4ffc74a7ce91d926c8eb1394c8eeb12cc0e942d0abbcd3d10187779f8edbfe01	4ffc74a7ce91d926c8eb1394c8eeb12cc0e942d0abbcd3d10187779f8edbfe01	11	20011	3
pc-scen005-4ffc74a7ce91d926c8eb1394c8eeb12cc0e942d0abbcd3d10187779f8edbfe01	4ffc74a7ce91d926c8eb1394c8eeb12cc0e942d0abbcd3d10187779f8edbfe01	12	20012	3
pc-scen005-4ffc74a7ce91d926c8eb1394c8eeb12cc0e942d0abbcd3d10187779f8edbfe01	4ffc74a7ce91d926c8eb1394c8eeb12cc0e942d0abbcd3d10187779f8edbfe01	13	20013	3
pc-scen005-4ffc74a7ce91d926c8eb1394c8eeb12cc0e942d0abbcd3d10187779f8edbfe01	4ffc74a7ce91d926c8eb1394c8eeb12cc0e942d0abbcd3d10187779f8edbfe01	14	20014	3
pc-scen005-4ffc74a7ce91d926c8eb1394c8eeb12cc0e942d0abbcd3d10187779f8edbfe01	4ffc74a7ce91d926c8eb1394c8eeb12cc0e942d0abbcd3d10187779f8edbfe01	15	20015	4
pc-scen005-4ffc74a7ce91d926c8eb1394c8eeb12cc0e942d0abbcd3d10187779f8edbfe01	4ffc74a7ce91d926c8eb1394c8eeb12cc0e942d0abbcd3d10187779f8edbfe01	16	20016	5
pc-scen005-4ffc74a7ce91d926c8eb1394c8eeb12cc0e942d0abbcd3d10187779f8edbfe01	4ffc74a7ce91d926c8eb1394c8eeb12cc0e942d0abbcd3d10187779f8edbfe01	17	20017	5
pc-scen005-4ffc74a7ce91d926c8eb1394c8eeb12cc0e942d0abbcd3d10187779f8edbfe01	4ffc74a7ce91d926c8eb1394c8eeb12cc0e942d0abbcd3d10187779f8edbfe01	18	20018	5
pc-scen005-4ffc74a7ce91d926c8eb1394c8eeb12cc0e942d0abbcd3d10187779f8edbfe01	4ffc74a7ce91d926c8eb1394c8eeb12cc0e942d0abbcd3d10187779f8edbfe01	19	20019	6
pc-scen005-4ffc74a7ce91d926c8eb1394c8eeb12cc0e942d0abbcd3d10187779f8edbfe01	4ffc74a7ce91d926c8eb1394c8eeb12cc0e942d0abbcd3d10187779f8edbfe01	20	20020	6
pc-scen005-4ffc74a7ce91d926c8eb1394c8eeb12cc0e942d0abbcd3d10187779f8edbfe01	4ffc74a7ce91d926c8eb1394c8eeb12cc0e942d0abbcd3d10187779f8edbfe01	21	20021	6
pc-scen005-4ffc74a7ce91d926c8eb1394c8eeb12cc0e942d0abbcd3d10187779f8edbfe01	4ffc74a7ce91d926c8eb1394c8eeb12cc0e942d0abbcd3d10187779f8edbfe01	22	20022	7
pc-scen005-4ffc74a7ce91d926c8eb1394c8eeb12cc0e942d0abbcd3d10187779f8edbfe01	4ffc74a7ce91d926c8eb1394c8eeb12cc0e942d0abbcd3d10187779f8edbfe01	23	20023	7
pc-scen005-4ffc74a7ce91d926c8eb1394c8eeb12cc0e942d0abbcd3d10187779f8edbfe01	4ffc74a7ce91d926c8eb1394c8eeb12cc0e942d0abbcd3d10187779f8edbfe01	24	20024	7
pc-scen005-4ffc74a7ce91d926c8eb1394c8eeb12cc0e942d0abbcd3d10187779f8edbfe01	4ffc74a7ce91d926c8eb1394c8eeb12cc0e942d0abbcd3d10187779f8edbfe01	25	20025	7
pc-scen005-4ffc74a7ce91d926c8eb1394c8eeb12cc0e942d0abbcd3d10187779f8edbfe01	4ffc74a7ce91d926c8eb1394c8eeb12cc0e942d0abbcd3d10187779f8edbfe01	26	20026	7
pc-scen005-4ffc74a7ce91d926c8eb1394c8eeb12cc0e942d0abbcd3d10187779f8edbfe01	4ffc74a7ce91d926c8eb1394c8eeb12cc0e942d0abbcd3d10187779f8edbfe01	27	20027	8
pc-scen005-4ffc74a7ce91d926c8eb1394c8eeb12cc0e942d0abbcd3d10187779f8edbfe01	4ffc74a7ce91d926c8eb1394c8eeb12cc0e942d0abbcd3d10187779f8edbfe01	28	20028	8
pc-scen005-4ffc74a7ce91d926c8eb1394c8eeb12cc0e942d0abbcd3d10187779f8edbfe01	4ffc74a7ce91d926c8eb1394c8eeb12cc0e942d0abbcd3d10187779f8edbfe01	29	20029	8
pc-scen005-4ffc74a7ce91d926c8eb1394c8eeb12cc0e942d0abbcd3d10187779f8edbfe01	4ffc74a7ce91d926c8eb1394c8eeb12cc0e942d0abbcd3d10187779f8edbfe01	30	20030	8
pc-scen005-4ffc74a7ce91d926c8eb1394c8eeb12cc0e942d0abbcd3d10187779f8edbfe01	4ffc74a7ce91d926c8eb1394c8eeb12cc0e942d0abbcd3d10187779f8edbfe01	31	20031	9
pc-scen005-4ffc74a7ce91d926c8eb1394c8eeb12cc0e942d0abbcd3d10187779f8edbfe01	4ffc74a7ce91d926c8eb1394c8eeb12cc0e942d0abbcd3d10187779f8edbfe01	32	20032	9
pc-scen005-4ffc74a7ce91d926c8eb1394c8eeb12cc0e942d0abbcd3d10187779f8edbfe01	4ffc74a7ce91d926c8eb1394c8eeb12cc0e942d0abbcd3d10187779f8edbfe01	33	20033	9
pc-scen005-4ffc74a7ce91d926c8eb1394c8eeb12cc0e942d0abbcd3d10187779f8edbfe01	4ffc74a7ce91d926c8eb1394c8eeb12cc0e942d0abbcd3d10187779f8edbfe01	34	20034	9
pc-scen005-4ffc74a7ce91d926c8eb1394c8eeb12cc0e942d0abbcd3d10187779f8edbfe01	4ffc74a7ce91d926c8eb1394c8eeb12cc0e942d0abbcd3d10187779f8edbfe01	35	20035	10
pc-scen005-4ffc74a7ce91d926c8eb1394c8eeb12cc0e942d0abbcd3d10187779f8edbfe01	4ffc74a7ce91d926c8eb1394c8eeb12cc0e942d0abbcd3d10187779f8edbfe01	36	20036	10
pc-scen005-4ffc74a7ce91d926c8eb1394c8eeb12cc0e942d0abbcd3d10187779f8edbfe01	4ffc74a7ce91d926c8eb1394c8eeb12cc0e942d0abbcd3d10187779f8edbfe01	37	20037	10
pc-scen005-4ffc74a7ce91d926c8eb1394c8eeb12cc0e942d0abbcd3d10187779f8edbfe01	4ffc74a7ce91d926c8eb1394c8eeb12cc0e942d0abbcd3d10187779f8edbfe01	38	20038	10
pc-scen005-4ffc74a7ce91d926c8eb1394c8eeb12cc0e942d0abbcd3d10187779f8edbfe01	4ffc74a7ce91d926c8eb1394c8eeb12cc0e942d0abbcd3d10187779f8edbfe01	39	20039	10
pc-scen005-4ffc74a7ce91d926c8eb1394c8eeb12cc0e942d0abbcd3d10187779f8edbfe01	4ffc74a7ce91d926c8eb1394c8eeb12cc0e942d0abbcd3d10187779f8edbfe01	40	20040	11
pc-scen005-4ffc74a7ce91d926c8eb1394c8eeb12cc0e942d0abbcd3d10187779f8edbfe01	4ffc74a7ce91d926c8eb1394c8eeb12cc0e942d0abbcd3d10187779f8edbfe01	41	20041	11
pc-scen006-b4a9809071c817c1b6391b99b541f9161f233c401d0ce712b70b8d511075ad88	b4a9809071c817c1b6391b99b541f9161f233c401d0ce712b70b8d511075ad88	0	20000	0
pc-scen006-b4a9809071c817c1b6391b99b541f9161f233c401d0ce712b70b8d511075ad88	b4a9809071c817c1b6391b99b541f9161f233c401d0ce712b70b8d511075ad88	1	20001	0
pc-scen006-b4a9809071c817c1b6391b99b541f9161f233c401d0ce712b70b8d511075ad88	b4a9809071c817c1b6391b99b541f9161f233c401d0ce712b70b8d511075ad88	2	20002	0
pc-scen006-b4a9809071c817c1b6391b99b541f9161f233c401d0ce712b70b8d511075ad88	b4a9809071c817c1b6391b99b541f9161f233c401d0ce712b70b8d511075ad88	3	20003	1
pc-scen006-b4a9809071c817c1b6391b99b541f9161f233c401d0ce712b70b8d511075ad88	b4a9809071c817c1b6391b99b541f9161f233c401d0ce712b70b8d511075ad88	4	20004	1
pc-scen006-b4a9809071c817c1b6391b99b541f9161f233c401d0ce712b70b8d511075ad88	b4a9809071c817c1b6391b99b541f9161f233c401d0ce712b70b8d511075ad88	5	20005	1
pc-scen006-b4a9809071c817c1b6391b99b541f9161f233c401d0ce712b70b8d511075ad88	b4a9809071c817c1b6391b99b541f9161f233c401d0ce712b70b8d511075ad88	6	20006	1
pc-scen006-b4a9809071c817c1b6391b99b541f9161f233c401d0ce712b70b8d511075ad88	b4a9809071c817c1b6391b99b541f9161f233c401d0ce712b70b8d511075ad88	7	20007	2
pc-scen006-b4a9809071c817c1b6391b99b541f9161f233c401d0ce712b70b8d511075ad88	b4a9809071c817c1b6391b99b541f9161f233c401d0ce712b70b8d511075ad88	8	20008	2
pc-scen006-b4a9809071c817c1b6391b99b541f9161f233c401d0ce712b70b8d511075ad88	b4a9809071c817c1b6391b99b541f9161f233c401d0ce712b70b8d511075ad88	9	20009	2
pc-scen006-b4a9809071c817c1b6391b99b541f9161f233c401d0ce712b70b8d511075ad88	b4a9809071c817c1b6391b99b541f9161f233c401d0ce712b70b8d511075ad88	10	20010	2
pc-scen006-b4a9809071c817c1b6391b99b541f9161f233c401d0ce712b70b8d511075ad88	b4a9809071c817c1b6391b99b541f9161f233c401d0ce712b70b8d511075ad88	11	20011	3
pc-scen006-b4a9809071c817c1b6391b99b541f9161f233c401d0ce712b70b8d511075ad88	b4a9809071c817c1b6391b99b541f9161f233c401d0ce712b70b8d511075ad88	12	20012	3
pc-scen006-b4a9809071c817c1b6391b99b541f9161f233c401d0ce712b70b8d511075ad88	b4a9809071c817c1b6391b99b541f9161f233c401d0ce712b70b8d511075ad88	13	20013	3
pc-scen006-b4a9809071c817c1b6391b99b541f9161f233c401d0ce712b70b8d511075ad88	b4a9809071c817c1b6391b99b541f9161f233c401d0ce712b70b8d511075ad88	14	20014	3
pc-scen006-b4a9809071c817c1b6391b99b541f9161f233c401d0ce712b70b8d511075ad88	b4a9809071c817c1b6391b99b541f9161f233c401d0ce712b70b8d511075ad88	15	20015	4
pc-scen006-b4a9809071c817c1b6391b99b541f9161f233c401d0ce712b70b8d511075ad88	b4a9809071c817c1b6391b99b541f9161f233c401d0ce712b70b8d511075ad88	16	20016	5
pc-scen006-b4a9809071c817c1b6391b99b541f9161f233c401d0ce712b70b8d511075ad88	b4a9809071c817c1b6391b99b541f9161f233c401d0ce712b70b8d511075ad88	17	20017	5
pc-scen006-b4a9809071c817c1b6391b99b541f9161f233c401d0ce712b70b8d511075ad88	b4a9809071c817c1b6391b99b541f9161f233c401d0ce712b70b8d511075ad88	18	20018	5
pc-scen006-b4a9809071c817c1b6391b99b541f9161f233c401d0ce712b70b8d511075ad88	b4a9809071c817c1b6391b99b541f9161f233c401d0ce712b70b8d511075ad88	19	20019	6
pc-scen006-b4a9809071c817c1b6391b99b541f9161f233c401d0ce712b70b8d511075ad88	b4a9809071c817c1b6391b99b541f9161f233c401d0ce712b70b8d511075ad88	20	20020	6
pc-scen006-b4a9809071c817c1b6391b99b541f9161f233c401d0ce712b70b8d511075ad88	b4a9809071c817c1b6391b99b541f9161f233c401d0ce712b70b8d511075ad88	21	20021	6
pc-scen006-b4a9809071c817c1b6391b99b541f9161f233c401d0ce712b70b8d511075ad88	b4a9809071c817c1b6391b99b541f9161f233c401d0ce712b70b8d511075ad88	22	20022	7
pc-scen006-b4a9809071c817c1b6391b99b541f9161f233c401d0ce712b70b8d511075ad88	b4a9809071c817c1b6391b99b541f9161f233c401d0ce712b70b8d511075ad88	23	20023	7
pc-scen006-b4a9809071c817c1b6391b99b541f9161f233c401d0ce712b70b8d511075ad88	b4a9809071c817c1b6391b99b541f9161f233c401d0ce712b70b8d511075ad88	24	20024	7
pc-scen006-b4a9809071c817c1b6391b99b541f9161f233c401d0ce712b70b8d511075ad88	b4a9809071c817c1b6391b99b541f9161f233c401d0ce712b70b8d511075ad88	25	20025	7
pc-scen006-b4a9809071c817c1b6391b99b541f9161f233c401d0ce712b70b8d511075ad88	b4a9809071c817c1b6391b99b541f9161f233c401d0ce712b70b8d511075ad88	26	20026	7
pc-scen006-b4a9809071c817c1b6391b99b541f9161f233c401d0ce712b70b8d511075ad88	b4a9809071c817c1b6391b99b541f9161f233c401d0ce712b70b8d511075ad88	27	20027	8
pc-scen006-b4a9809071c817c1b6391b99b541f9161f233c401d0ce712b70b8d511075ad88	b4a9809071c817c1b6391b99b541f9161f233c401d0ce712b70b8d511075ad88	28	20028	8
pc-scen006-b4a9809071c817c1b6391b99b541f9161f233c401d0ce712b70b8d511075ad88	b4a9809071c817c1b6391b99b541f9161f233c401d0ce712b70b8d511075ad88	29	20029	8
pc-scen006-b4a9809071c817c1b6391b99b541f9161f233c401d0ce712b70b8d511075ad88	b4a9809071c817c1b6391b99b541f9161f233c401d0ce712b70b8d511075ad88	30	20030	8
pc-scen006-b4a9809071c817c1b6391b99b541f9161f233c401d0ce712b70b8d511075ad88	b4a9809071c817c1b6391b99b541f9161f233c401d0ce712b70b8d511075ad88	31	20031	9
pc-scen006-b4a9809071c817c1b6391b99b541f9161f233c401d0ce712b70b8d511075ad88	b4a9809071c817c1b6391b99b541f9161f233c401d0ce712b70b8d511075ad88	32	20032	9
pc-scen006-b4a9809071c817c1b6391b99b541f9161f233c401d0ce712b70b8d511075ad88	b4a9809071c817c1b6391b99b541f9161f233c401d0ce712b70b8d511075ad88	33	20033	9
pc-scen006-b4a9809071c817c1b6391b99b541f9161f233c401d0ce712b70b8d511075ad88	b4a9809071c817c1b6391b99b541f9161f233c401d0ce712b70b8d511075ad88	34	20034	9
pc-scen006-b4a9809071c817c1b6391b99b541f9161f233c401d0ce712b70b8d511075ad88	b4a9809071c817c1b6391b99b541f9161f233c401d0ce712b70b8d511075ad88	35	20035	10
pc-scen006-b4a9809071c817c1b6391b99b541f9161f233c401d0ce712b70b8d511075ad88	b4a9809071c817c1b6391b99b541f9161f233c401d0ce712b70b8d511075ad88	36	20036	10
pc-scen006-b4a9809071c817c1b6391b99b541f9161f233c401d0ce712b70b8d511075ad88	b4a9809071c817c1b6391b99b541f9161f233c401d0ce712b70b8d511075ad88	37	20037	10
pc-scen006-b4a9809071c817c1b6391b99b541f9161f233c401d0ce712b70b8d511075ad88	b4a9809071c817c1b6391b99b541f9161f233c401d0ce712b70b8d511075ad88	38	20038	10
pc-scen006-b4a9809071c817c1b6391b99b541f9161f233c401d0ce712b70b8d511075ad88	b4a9809071c817c1b6391b99b541f9161f233c401d0ce712b70b8d511075ad88	39	20039	10
pc-scen006-b4a9809071c817c1b6391b99b541f9161f233c401d0ce712b70b8d511075ad88	b4a9809071c817c1b6391b99b541f9161f233c401d0ce712b70b8d511075ad88	40	20040	11
pc-scen006-b4a9809071c817c1b6391b99b541f9161f233c401d0ce712b70b8d511075ad88	b4a9809071c817c1b6391b99b541f9161f233c401d0ce712b70b8d511075ad88	41	20041	11
pc-scen007-703458345e24bec9c6a466252211c5594d25f6c6c10ab78f2c2ac51ab4f7c709	703458345e24bec9c6a466252211c5594d25f6c6c10ab78f2c2ac51ab4f7c709	0	20000	0
pc-scen007-703458345e24bec9c6a466252211c5594d25f6c6c10ab78f2c2ac51ab4f7c709	703458345e24bec9c6a466252211c5594d25f6c6c10ab78f2c2ac51ab4f7c709	1	20001	0
pc-scen007-703458345e24bec9c6a466252211c5594d25f6c6c10ab78f2c2ac51ab4f7c709	703458345e24bec9c6a466252211c5594d25f6c6c10ab78f2c2ac51ab4f7c709	2	20002	0
pc-scen007-703458345e24bec9c6a466252211c5594d25f6c6c10ab78f2c2ac51ab4f7c709	703458345e24bec9c6a466252211c5594d25f6c6c10ab78f2c2ac51ab4f7c709	3	20003	1
pc-scen007-703458345e24bec9c6a466252211c5594d25f6c6c10ab78f2c2ac51ab4f7c709	703458345e24bec9c6a466252211c5594d25f6c6c10ab78f2c2ac51ab4f7c709	4	20004	1
pc-scen007-703458345e24bec9c6a466252211c5594d25f6c6c10ab78f2c2ac51ab4f7c709	703458345e24bec9c6a466252211c5594d25f6c6c10ab78f2c2ac51ab4f7c709	5	20005	1
pc-scen007-703458345e24bec9c6a466252211c5594d25f6c6c10ab78f2c2ac51ab4f7c709	703458345e24bec9c6a466252211c5594d25f6c6c10ab78f2c2ac51ab4f7c709	6	20006	1
pc-scen007-703458345e24bec9c6a466252211c5594d25f6c6c10ab78f2c2ac51ab4f7c709	703458345e24bec9c6a466252211c5594d25f6c6c10ab78f2c2ac51ab4f7c709	7	20007	2
pc-scen007-703458345e24bec9c6a466252211c5594d25f6c6c10ab78f2c2ac51ab4f7c709	703458345e24bec9c6a466252211c5594d25f6c6c10ab78f2c2ac51ab4f7c709	8	20008	2
pc-scen007-703458345e24bec9c6a466252211c5594d25f6c6c10ab78f2c2ac51ab4f7c709	703458345e24bec9c6a466252211c5594d25f6c6c10ab78f2c2ac51ab4f7c709	9	20009	2
pc-scen007-703458345e24bec9c6a466252211c5594d25f6c6c10ab78f2c2ac51ab4f7c709	703458345e24bec9c6a466252211c5594d25f6c6c10ab78f2c2ac51ab4f7c709	10	20010	2
pc-scen007-703458345e24bec9c6a466252211c5594d25f6c6c10ab78f2c2ac51ab4f7c709	703458345e24bec9c6a466252211c5594d25f6c6c10ab78f2c2ac51ab4f7c709	11	20011	3
pc-scen007-703458345e24bec9c6a466252211c5594d25f6c6c10ab78f2c2ac51ab4f7c709	703458345e24bec9c6a466252211c5594d25f6c6c10ab78f2c2ac51ab4f7c709	12	20012	3
pc-scen007-703458345e24bec9c6a466252211c5594d25f6c6c10ab78f2c2ac51ab4f7c709	703458345e24bec9c6a466252211c5594d25f6c6c10ab78f2c2ac51ab4f7c709	13	20013	3
pc-scen007-703458345e24bec9c6a466252211c5594d25f6c6c10ab78f2c2ac51ab4f7c709	703458345e24bec9c6a466252211c5594d25f6c6c10ab78f2c2ac51ab4f7c709	14	20014	3
pc-scen007-703458345e24bec9c6a466252211c5594d25f6c6c10ab78f2c2ac51ab4f7c709	703458345e24bec9c6a466252211c5594d25f6c6c10ab78f2c2ac51ab4f7c709	15	20015	4
pc-scen007-703458345e24bec9c6a466252211c5594d25f6c6c10ab78f2c2ac51ab4f7c709	703458345e24bec9c6a466252211c5594d25f6c6c10ab78f2c2ac51ab4f7c709	16	20016	5
pc-scen007-703458345e24bec9c6a466252211c5594d25f6c6c10ab78f2c2ac51ab4f7c709	703458345e24bec9c6a466252211c5594d25f6c6c10ab78f2c2ac51ab4f7c709	17	20017	5
pc-scen007-703458345e24bec9c6a466252211c5594d25f6c6c10ab78f2c2ac51ab4f7c709	703458345e24bec9c6a466252211c5594d25f6c6c10ab78f2c2ac51ab4f7c709	18	20018	5
pc-scen007-703458345e24bec9c6a466252211c5594d25f6c6c10ab78f2c2ac51ab4f7c709	703458345e24bec9c6a466252211c5594d25f6c6c10ab78f2c2ac51ab4f7c709	19	20019	6
pc-scen007-703458345e24bec9c6a466252211c5594d25f6c6c10ab78f2c2ac51ab4f7c709	703458345e24bec9c6a466252211c5594d25f6c6c10ab78f2c2ac51ab4f7c709	20	20020	6
pc-scen007-703458345e24bec9c6a466252211c5594d25f6c6c10ab78f2c2ac51ab4f7c709	703458345e24bec9c6a466252211c5594d25f6c6c10ab78f2c2ac51ab4f7c709	21	20021	6
pc-scen007-703458345e24bec9c6a466252211c5594d25f6c6c10ab78f2c2ac51ab4f7c709	703458345e24bec9c6a466252211c5594d25f6c6c10ab78f2c2ac51ab4f7c709	22	20022	7
pc-scen007-703458345e24bec9c6a466252211c5594d25f6c6c10ab78f2c2ac51ab4f7c709	703458345e24bec9c6a466252211c5594d25f6c6c10ab78f2c2ac51ab4f7c709	23	20023	7
pc-scen007-703458345e24bec9c6a466252211c5594d25f6c6c10ab78f2c2ac51ab4f7c709	703458345e24bec9c6a466252211c5594d25f6c6c10ab78f2c2ac51ab4f7c709	24	20024	7
pc-scen007-703458345e24bec9c6a466252211c5594d25f6c6c10ab78f2c2ac51ab4f7c709	703458345e24bec9c6a466252211c5594d25f6c6c10ab78f2c2ac51ab4f7c709	25	20025	7
pc-scen007-703458345e24bec9c6a466252211c5594d25f6c6c10ab78f2c2ac51ab4f7c709	703458345e24bec9c6a466252211c5594d25f6c6c10ab78f2c2ac51ab4f7c709	26	20026	7
pc-scen007-703458345e24bec9c6a466252211c5594d25f6c6c10ab78f2c2ac51ab4f7c709	703458345e24bec9c6a466252211c5594d25f6c6c10ab78f2c2ac51ab4f7c709	27	20027	8
pc-scen007-703458345e24bec9c6a466252211c5594d25f6c6c10ab78f2c2ac51ab4f7c709	703458345e24bec9c6a466252211c5594d25f6c6c10ab78f2c2ac51ab4f7c709	28	20028	8
pc-scen007-703458345e24bec9c6a466252211c5594d25f6c6c10ab78f2c2ac51ab4f7c709	703458345e24bec9c6a466252211c5594d25f6c6c10ab78f2c2ac51ab4f7c709	29	20029	8
pc-scen007-703458345e24bec9c6a466252211c5594d25f6c6c10ab78f2c2ac51ab4f7c709	703458345e24bec9c6a466252211c5594d25f6c6c10ab78f2c2ac51ab4f7c709	30	20030	8
pc-scen007-703458345e24bec9c6a466252211c5594d25f6c6c10ab78f2c2ac51ab4f7c709	703458345e24bec9c6a466252211c5594d25f6c6c10ab78f2c2ac51ab4f7c709	31	20031	9
pc-scen007-703458345e24bec9c6a466252211c5594d25f6c6c10ab78f2c2ac51ab4f7c709	703458345e24bec9c6a466252211c5594d25f6c6c10ab78f2c2ac51ab4f7c709	32	20032	9
pc-scen007-703458345e24bec9c6a466252211c5594d25f6c6c10ab78f2c2ac51ab4f7c709	703458345e24bec9c6a466252211c5594d25f6c6c10ab78f2c2ac51ab4f7c709	33	20033	9
pc-scen007-703458345e24bec9c6a466252211c5594d25f6c6c10ab78f2c2ac51ab4f7c709	703458345e24bec9c6a466252211c5594d25f6c6c10ab78f2c2ac51ab4f7c709	34	20034	9
pc-scen007-703458345e24bec9c6a466252211c5594d25f6c6c10ab78f2c2ac51ab4f7c709	703458345e24bec9c6a466252211c5594d25f6c6c10ab78f2c2ac51ab4f7c709	35	20035	10
pc-scen007-703458345e24bec9c6a466252211c5594d25f6c6c10ab78f2c2ac51ab4f7c709	703458345e24bec9c6a466252211c5594d25f6c6c10ab78f2c2ac51ab4f7c709	36	20036	10
pc-scen007-703458345e24bec9c6a466252211c5594d25f6c6c10ab78f2c2ac51ab4f7c709	703458345e24bec9c6a466252211c5594d25f6c6c10ab78f2c2ac51ab4f7c709	37	20037	10
pc-scen007-703458345e24bec9c6a466252211c5594d25f6c6c10ab78f2c2ac51ab4f7c709	703458345e24bec9c6a466252211c5594d25f6c6c10ab78f2c2ac51ab4f7c709	38	20038	10
pc-scen007-703458345e24bec9c6a466252211c5594d25f6c6c10ab78f2c2ac51ab4f7c709	703458345e24bec9c6a466252211c5594d25f6c6c10ab78f2c2ac51ab4f7c709	39	20039	10
pc-scen007-703458345e24bec9c6a466252211c5594d25f6c6c10ab78f2c2ac51ab4f7c709	703458345e24bec9c6a466252211c5594d25f6c6c10ab78f2c2ac51ab4f7c709	40	20040	11
pc-scen007-703458345e24bec9c6a466252211c5594d25f6c6c10ab78f2c2ac51ab4f7c709	703458345e24bec9c6a466252211c5594d25f6c6c10ab78f2c2ac51ab4f7c709	41	20041	11
pc-scen008-ad0b87d3f4376c5e1bc8c65d01a02741f7b93a9ba908fe4c77f221ec937a0cba	ad0b87d3f4376c5e1bc8c65d01a02741f7b93a9ba908fe4c77f221ec937a0cba	0	20000	0
pc-scen008-ad0b87d3f4376c5e1bc8c65d01a02741f7b93a9ba908fe4c77f221ec937a0cba	ad0b87d3f4376c5e1bc8c65d01a02741f7b93a9ba908fe4c77f221ec937a0cba	1	20001	0
pc-scen008-ad0b87d3f4376c5e1bc8c65d01a02741f7b93a9ba908fe4c77f221ec937a0cba	ad0b87d3f4376c5e1bc8c65d01a02741f7b93a9ba908fe4c77f221ec937a0cba	2	20002	0
pc-scen008-ad0b87d3f4376c5e1bc8c65d01a02741f7b93a9ba908fe4c77f221ec937a0cba	ad0b87d3f4376c5e1bc8c65d01a02741f7b93a9ba908fe4c77f221ec937a0cba	3	20003	1
pc-scen008-ad0b87d3f4376c5e1bc8c65d01a02741f7b93a9ba908fe4c77f221ec937a0cba	ad0b87d3f4376c5e1bc8c65d01a02741f7b93a9ba908fe4c77f221ec937a0cba	4	20004	1
pc-scen008-ad0b87d3f4376c5e1bc8c65d01a02741f7b93a9ba908fe4c77f221ec937a0cba	ad0b87d3f4376c5e1bc8c65d01a02741f7b93a9ba908fe4c77f221ec937a0cba	5	20005	1
pc-scen008-ad0b87d3f4376c5e1bc8c65d01a02741f7b93a9ba908fe4c77f221ec937a0cba	ad0b87d3f4376c5e1bc8c65d01a02741f7b93a9ba908fe4c77f221ec937a0cba	6	20006	1
pc-scen008-ad0b87d3f4376c5e1bc8c65d01a02741f7b93a9ba908fe4c77f221ec937a0cba	ad0b87d3f4376c5e1bc8c65d01a02741f7b93a9ba908fe4c77f221ec937a0cba	7	20007	2
pc-scen008-ad0b87d3f4376c5e1bc8c65d01a02741f7b93a9ba908fe4c77f221ec937a0cba	ad0b87d3f4376c5e1bc8c65d01a02741f7b93a9ba908fe4c77f221ec937a0cba	8	20008	2
pc-scen008-ad0b87d3f4376c5e1bc8c65d01a02741f7b93a9ba908fe4c77f221ec937a0cba	ad0b87d3f4376c5e1bc8c65d01a02741f7b93a9ba908fe4c77f221ec937a0cba	9	20009	2
pc-scen008-ad0b87d3f4376c5e1bc8c65d01a02741f7b93a9ba908fe4c77f221ec937a0cba	ad0b87d3f4376c5e1bc8c65d01a02741f7b93a9ba908fe4c77f221ec937a0cba	10	20010	2
pc-scen008-ad0b87d3f4376c5e1bc8c65d01a02741f7b93a9ba908fe4c77f221ec937a0cba	ad0b87d3f4376c5e1bc8c65d01a02741f7b93a9ba908fe4c77f221ec937a0cba	11	20011	3
pc-scen008-ad0b87d3f4376c5e1bc8c65d01a02741f7b93a9ba908fe4c77f221ec937a0cba	ad0b87d3f4376c5e1bc8c65d01a02741f7b93a9ba908fe4c77f221ec937a0cba	12	20012	3
pc-scen008-ad0b87d3f4376c5e1bc8c65d01a02741f7b93a9ba908fe4c77f221ec937a0cba	ad0b87d3f4376c5e1bc8c65d01a02741f7b93a9ba908fe4c77f221ec937a0cba	13	20013	3
pc-scen008-ad0b87d3f4376c5e1bc8c65d01a02741f7b93a9ba908fe4c77f221ec937a0cba	ad0b87d3f4376c5e1bc8c65d01a02741f7b93a9ba908fe4c77f221ec937a0cba	14	20014	3
pc-scen008-ad0b87d3f4376c5e1bc8c65d01a02741f7b93a9ba908fe4c77f221ec937a0cba	ad0b87d3f4376c5e1bc8c65d01a02741f7b93a9ba908fe4c77f221ec937a0cba	15	20015	4
pc-scen008-ad0b87d3f4376c5e1bc8c65d01a02741f7b93a9ba908fe4c77f221ec937a0cba	ad0b87d3f4376c5e1bc8c65d01a02741f7b93a9ba908fe4c77f221ec937a0cba	16	20016	5
pc-scen008-ad0b87d3f4376c5e1bc8c65d01a02741f7b93a9ba908fe4c77f221ec937a0cba	ad0b87d3f4376c5e1bc8c65d01a02741f7b93a9ba908fe4c77f221ec937a0cba	17	20017	5
pc-scen008-ad0b87d3f4376c5e1bc8c65d01a02741f7b93a9ba908fe4c77f221ec937a0cba	ad0b87d3f4376c5e1bc8c65d01a02741f7b93a9ba908fe4c77f221ec937a0cba	18	20018	5
pc-scen008-ad0b87d3f4376c5e1bc8c65d01a02741f7b93a9ba908fe4c77f221ec937a0cba	ad0b87d3f4376c5e1bc8c65d01a02741f7b93a9ba908fe4c77f221ec937a0cba	19	20019	6
pc-scen008-ad0b87d3f4376c5e1bc8c65d01a02741f7b93a9ba908fe4c77f221ec937a0cba	ad0b87d3f4376c5e1bc8c65d01a02741f7b93a9ba908fe4c77f221ec937a0cba	20	20020	6
pc-scen008-ad0b87d3f4376c5e1bc8c65d01a02741f7b93a9ba908fe4c77f221ec937a0cba	ad0b87d3f4376c5e1bc8c65d01a02741f7b93a9ba908fe4c77f221ec937a0cba	21	20021	6
pc-scen008-ad0b87d3f4376c5e1bc8c65d01a02741f7b93a9ba908fe4c77f221ec937a0cba	ad0b87d3f4376c5e1bc8c65d01a02741f7b93a9ba908fe4c77f221ec937a0cba	22	20022	7
pc-scen008-ad0b87d3f4376c5e1bc8c65d01a02741f7b93a9ba908fe4c77f221ec937a0cba	ad0b87d3f4376c5e1bc8c65d01a02741f7b93a9ba908fe4c77f221ec937a0cba	23	20023	7
pc-scen008-ad0b87d3f4376c5e1bc8c65d01a02741f7b93a9ba908fe4c77f221ec937a0cba	ad0b87d3f4376c5e1bc8c65d01a02741f7b93a9ba908fe4c77f221ec937a0cba	24	20024	7
pc-scen008-ad0b87d3f4376c5e1bc8c65d01a02741f7b93a9ba908fe4c77f221ec937a0cba	ad0b87d3f4376c5e1bc8c65d01a02741f7b93a9ba908fe4c77f221ec937a0cba	25	20025	7
pc-scen008-ad0b87d3f4376c5e1bc8c65d01a02741f7b93a9ba908fe4c77f221ec937a0cba	ad0b87d3f4376c5e1bc8c65d01a02741f7b93a9ba908fe4c77f221ec937a0cba	26	20026	7
pc-scen008-ad0b87d3f4376c5e1bc8c65d01a02741f7b93a9ba908fe4c77f221ec937a0cba	ad0b87d3f4376c5e1bc8c65d01a02741f7b93a9ba908fe4c77f221ec937a0cba	27	20027	8
pc-scen008-ad0b87d3f4376c5e1bc8c65d01a02741f7b93a9ba908fe4c77f221ec937a0cba	ad0b87d3f4376c5e1bc8c65d01a02741f7b93a9ba908fe4c77f221ec937a0cba	28	20028	8
pc-scen008-ad0b87d3f4376c5e1bc8c65d01a02741f7b93a9ba908fe4c77f221ec937a0cba	ad0b87d3f4376c5e1bc8c65d01a02741f7b93a9ba908fe4c77f221ec937a0cba	29	20029	8
pc-scen008-ad0b87d3f4376c5e1bc8c65d01a02741f7b93a9ba908fe4c77f221ec937a0cba	ad0b87d3f4376c5e1bc8c65d01a02741f7b93a9ba908fe4c77f221ec937a0cba	30	20030	8
pc-scen008-ad0b87d3f4376c5e1bc8c65d01a02741f7b93a9ba908fe4c77f221ec937a0cba	ad0b87d3f4376c5e1bc8c65d01a02741f7b93a9ba908fe4c77f221ec937a0cba	31	20031	9
pc-scen008-ad0b87d3f4376c5e1bc8c65d01a02741f7b93a9ba908fe4c77f221ec937a0cba	ad0b87d3f4376c5e1bc8c65d01a02741f7b93a9ba908fe4c77f221ec937a0cba	32	20032	9
pc-scen008-ad0b87d3f4376c5e1bc8c65d01a02741f7b93a9ba908fe4c77f221ec937a0cba	ad0b87d3f4376c5e1bc8c65d01a02741f7b93a9ba908fe4c77f221ec937a0cba	33	20033	9
pc-scen008-ad0b87d3f4376c5e1bc8c65d01a02741f7b93a9ba908fe4c77f221ec937a0cba	ad0b87d3f4376c5e1bc8c65d01a02741f7b93a9ba908fe4c77f221ec937a0cba	34	20034	9
pc-scen008-ad0b87d3f4376c5e1bc8c65d01a02741f7b93a9ba908fe4c77f221ec937a0cba	ad0b87d3f4376c5e1bc8c65d01a02741f7b93a9ba908fe4c77f221ec937a0cba	35	20035	10
pc-scen008-ad0b87d3f4376c5e1bc8c65d01a02741f7b93a9ba908fe4c77f221ec937a0cba	ad0b87d3f4376c5e1bc8c65d01a02741f7b93a9ba908fe4c77f221ec937a0cba	36	20036	10
pc-scen008-ad0b87d3f4376c5e1bc8c65d01a02741f7b93a9ba908fe4c77f221ec937a0cba	ad0b87d3f4376c5e1bc8c65d01a02741f7b93a9ba908fe4c77f221ec937a0cba	37	20037	10
pc-scen008-ad0b87d3f4376c5e1bc8c65d01a02741f7b93a9ba908fe4c77f221ec937a0cba	ad0b87d3f4376c5e1bc8c65d01a02741f7b93a9ba908fe4c77f221ec937a0cba	38	20038	10
pc-scen008-ad0b87d3f4376c5e1bc8c65d01a02741f7b93a9ba908fe4c77f221ec937a0cba	ad0b87d3f4376c5e1bc8c65d01a02741f7b93a9ba908fe4c77f221ec937a0cba	39	20039	10
pc-scen008-ad0b87d3f4376c5e1bc8c65d01a02741f7b93a9ba908fe4c77f221ec937a0cba	ad0b87d3f4376c5e1bc8c65d01a02741f7b93a9ba908fe4c77f221ec937a0cba	40	20040	11
pc-scen008-ad0b87d3f4376c5e1bc8c65d01a02741f7b93a9ba908fe4c77f221ec937a0cba	ad0b87d3f4376c5e1bc8c65d01a02741f7b93a9ba908fe4c77f221ec937a0cba	41	20041	11
pc-scen009-64d73700fb0159422c4b2f88901c53ffd414226431826e82138d63ebf1c25e9a	64d73700fb0159422c4b2f88901c53ffd414226431826e82138d63ebf1c25e9a	0	20000	0
pc-scen009-64d73700fb0159422c4b2f88901c53ffd414226431826e82138d63ebf1c25e9a	64d73700fb0159422c4b2f88901c53ffd414226431826e82138d63ebf1c25e9a	1	20001	0
pc-scen009-64d73700fb0159422c4b2f88901c53ffd414226431826e82138d63ebf1c25e9a	64d73700fb0159422c4b2f88901c53ffd414226431826e82138d63ebf1c25e9a	2	20002	0
pc-scen009-64d73700fb0159422c4b2f88901c53ffd414226431826e82138d63ebf1c25e9a	64d73700fb0159422c4b2f88901c53ffd414226431826e82138d63ebf1c25e9a	3	20003	1
pc-scen009-64d73700fb0159422c4b2f88901c53ffd414226431826e82138d63ebf1c25e9a	64d73700fb0159422c4b2f88901c53ffd414226431826e82138d63ebf1c25e9a	4	20004	1
pc-scen009-64d73700fb0159422c4b2f88901c53ffd414226431826e82138d63ebf1c25e9a	64d73700fb0159422c4b2f88901c53ffd414226431826e82138d63ebf1c25e9a	5	20005	1
pc-scen009-64d73700fb0159422c4b2f88901c53ffd414226431826e82138d63ebf1c25e9a	64d73700fb0159422c4b2f88901c53ffd414226431826e82138d63ebf1c25e9a	6	20006	1
pc-scen009-64d73700fb0159422c4b2f88901c53ffd414226431826e82138d63ebf1c25e9a	64d73700fb0159422c4b2f88901c53ffd414226431826e82138d63ebf1c25e9a	7	20007	2
pc-scen009-64d73700fb0159422c4b2f88901c53ffd414226431826e82138d63ebf1c25e9a	64d73700fb0159422c4b2f88901c53ffd414226431826e82138d63ebf1c25e9a	8	20008	2
pc-scen009-64d73700fb0159422c4b2f88901c53ffd414226431826e82138d63ebf1c25e9a	64d73700fb0159422c4b2f88901c53ffd414226431826e82138d63ebf1c25e9a	9	20009	2
pc-scen009-64d73700fb0159422c4b2f88901c53ffd414226431826e82138d63ebf1c25e9a	64d73700fb0159422c4b2f88901c53ffd414226431826e82138d63ebf1c25e9a	10	20010	2
pc-scen009-64d73700fb0159422c4b2f88901c53ffd414226431826e82138d63ebf1c25e9a	64d73700fb0159422c4b2f88901c53ffd414226431826e82138d63ebf1c25e9a	11	20011	3
pc-scen009-64d73700fb0159422c4b2f88901c53ffd414226431826e82138d63ebf1c25e9a	64d73700fb0159422c4b2f88901c53ffd414226431826e82138d63ebf1c25e9a	12	20012	3
pc-scen009-64d73700fb0159422c4b2f88901c53ffd414226431826e82138d63ebf1c25e9a	64d73700fb0159422c4b2f88901c53ffd414226431826e82138d63ebf1c25e9a	13	20013	3
pc-scen009-64d73700fb0159422c4b2f88901c53ffd414226431826e82138d63ebf1c25e9a	64d73700fb0159422c4b2f88901c53ffd414226431826e82138d63ebf1c25e9a	14	20014	3
pc-scen009-64d73700fb0159422c4b2f88901c53ffd414226431826e82138d63ebf1c25e9a	64d73700fb0159422c4b2f88901c53ffd414226431826e82138d63ebf1c25e9a	15	20015	4
pc-scen009-64d73700fb0159422c4b2f88901c53ffd414226431826e82138d63ebf1c25e9a	64d73700fb0159422c4b2f88901c53ffd414226431826e82138d63ebf1c25e9a	16	20016	5
pc-scen009-64d73700fb0159422c4b2f88901c53ffd414226431826e82138d63ebf1c25e9a	64d73700fb0159422c4b2f88901c53ffd414226431826e82138d63ebf1c25e9a	17	20017	5
pc-scen009-64d73700fb0159422c4b2f88901c53ffd414226431826e82138d63ebf1c25e9a	64d73700fb0159422c4b2f88901c53ffd414226431826e82138d63ebf1c25e9a	18	20018	5
pc-scen009-64d73700fb0159422c4b2f88901c53ffd414226431826e82138d63ebf1c25e9a	64d73700fb0159422c4b2f88901c53ffd414226431826e82138d63ebf1c25e9a	19	20019	6
pc-scen009-64d73700fb0159422c4b2f88901c53ffd414226431826e82138d63ebf1c25e9a	64d73700fb0159422c4b2f88901c53ffd414226431826e82138d63ebf1c25e9a	20	20020	6
pc-scen009-64d73700fb0159422c4b2f88901c53ffd414226431826e82138d63ebf1c25e9a	64d73700fb0159422c4b2f88901c53ffd414226431826e82138d63ebf1c25e9a	21	20021	6
pc-scen009-64d73700fb0159422c4b2f88901c53ffd414226431826e82138d63ebf1c25e9a	64d73700fb0159422c4b2f88901c53ffd414226431826e82138d63ebf1c25e9a	22	20022	7
pc-scen009-64d73700fb0159422c4b2f88901c53ffd414226431826e82138d63ebf1c25e9a	64d73700fb0159422c4b2f88901c53ffd414226431826e82138d63ebf1c25e9a	23	20023	7
pc-scen009-64d73700fb0159422c4b2f88901c53ffd414226431826e82138d63ebf1c25e9a	64d73700fb0159422c4b2f88901c53ffd414226431826e82138d63ebf1c25e9a	24	20024	7
pc-scen009-64d73700fb0159422c4b2f88901c53ffd414226431826e82138d63ebf1c25e9a	64d73700fb0159422c4b2f88901c53ffd414226431826e82138d63ebf1c25e9a	25	20025	7
pc-scen009-64d73700fb0159422c4b2f88901c53ffd414226431826e82138d63ebf1c25e9a	64d73700fb0159422c4b2f88901c53ffd414226431826e82138d63ebf1c25e9a	26	20026	7
pc-scen009-64d73700fb0159422c4b2f88901c53ffd414226431826e82138d63ebf1c25e9a	64d73700fb0159422c4b2f88901c53ffd414226431826e82138d63ebf1c25e9a	27	20027	8
pc-scen009-64d73700fb0159422c4b2f88901c53ffd414226431826e82138d63ebf1c25e9a	64d73700fb0159422c4b2f88901c53ffd414226431826e82138d63ebf1c25e9a	28	20028	8
pc-scen009-64d73700fb0159422c4b2f88901c53ffd414226431826e82138d63ebf1c25e9a	64d73700fb0159422c4b2f88901c53ffd414226431826e82138d63ebf1c25e9a	29	20029	8
pc-scen009-64d73700fb0159422c4b2f88901c53ffd414226431826e82138d63ebf1c25e9a	64d73700fb0159422c4b2f88901c53ffd414226431826e82138d63ebf1c25e9a	30	20030	8
pc-scen009-64d73700fb0159422c4b2f88901c53ffd414226431826e82138d63ebf1c25e9a	64d73700fb0159422c4b2f88901c53ffd414226431826e82138d63ebf1c25e9a	31	20031	9
pc-scen009-64d73700fb0159422c4b2f88901c53ffd414226431826e82138d63ebf1c25e9a	64d73700fb0159422c4b2f88901c53ffd414226431826e82138d63ebf1c25e9a	32	20032	9
pc-scen009-64d73700fb0159422c4b2f88901c53ffd414226431826e82138d63ebf1c25e9a	64d73700fb0159422c4b2f88901c53ffd414226431826e82138d63ebf1c25e9a	33	20033	9
pc-scen009-64d73700fb0159422c4b2f88901c53ffd414226431826e82138d63ebf1c25e9a	64d73700fb0159422c4b2f88901c53ffd414226431826e82138d63ebf1c25e9a	34	20034	9
pc-scen009-64d73700fb0159422c4b2f88901c53ffd414226431826e82138d63ebf1c25e9a	64d73700fb0159422c4b2f88901c53ffd414226431826e82138d63ebf1c25e9a	35	20035	10
pc-scen009-64d73700fb0159422c4b2f88901c53ffd414226431826e82138d63ebf1c25e9a	64d73700fb0159422c4b2f88901c53ffd414226431826e82138d63ebf1c25e9a	36	20036	10
pc-scen009-64d73700fb0159422c4b2f88901c53ffd414226431826e82138d63ebf1c25e9a	64d73700fb0159422c4b2f88901c53ffd414226431826e82138d63ebf1c25e9a	37	20037	10
pc-scen009-64d73700fb0159422c4b2f88901c53ffd414226431826e82138d63ebf1c25e9a	64d73700fb0159422c4b2f88901c53ffd414226431826e82138d63ebf1c25e9a	38	20038	10
pc-scen009-64d73700fb0159422c4b2f88901c53ffd414226431826e82138d63ebf1c25e9a	64d73700fb0159422c4b2f88901c53ffd414226431826e82138d63ebf1c25e9a	39	20039	10
pc-scen009-64d73700fb0159422c4b2f88901c53ffd414226431826e82138d63ebf1c25e9a	64d73700fb0159422c4b2f88901c53ffd414226431826e82138d63ebf1c25e9a	40	20040	11
pc-scen009-64d73700fb0159422c4b2f88901c53ffd414226431826e82138d63ebf1c25e9a	64d73700fb0159422c4b2f88901c53ffd414226431826e82138d63ebf1c25e9a	41	20041	11
pc-scen010-4b52422dfb2341a1e1e74df1ce62f9af1ec535d228d7ad317e0f1f29e9a2e9ba	4b52422dfb2341a1e1e74df1ce62f9af1ec535d228d7ad317e0f1f29e9a2e9ba	0	20000	0
pc-scen010-4b52422dfb2341a1e1e74df1ce62f9af1ec535d228d7ad317e0f1f29e9a2e9ba	4b52422dfb2341a1e1e74df1ce62f9af1ec535d228d7ad317e0f1f29e9a2e9ba	1	20001	0
pc-scen010-4b52422dfb2341a1e1e74df1ce62f9af1ec535d228d7ad317e0f1f29e9a2e9ba	4b52422dfb2341a1e1e74df1ce62f9af1ec535d228d7ad317e0f1f29e9a2e9ba	2	20002	0
pc-scen010-4b52422dfb2341a1e1e74df1ce62f9af1ec535d228d7ad317e0f1f29e9a2e9ba	4b52422dfb2341a1e1e74df1ce62f9af1ec535d228d7ad317e0f1f29e9a2e9ba	3	20003	1
pc-scen010-4b52422dfb2341a1e1e74df1ce62f9af1ec535d228d7ad317e0f1f29e9a2e9ba	4b52422dfb2341a1e1e74df1ce62f9af1ec535d228d7ad317e0f1f29e9a2e9ba	4	20004	1
pc-scen010-4b52422dfb2341a1e1e74df1ce62f9af1ec535d228d7ad317e0f1f29e9a2e9ba	4b52422dfb2341a1e1e74df1ce62f9af1ec535d228d7ad317e0f1f29e9a2e9ba	5	20005	1
pc-scen010-4b52422dfb2341a1e1e74df1ce62f9af1ec535d228d7ad317e0f1f29e9a2e9ba	4b52422dfb2341a1e1e74df1ce62f9af1ec535d228d7ad317e0f1f29e9a2e9ba	6	20006	1
pc-scen010-4b52422dfb2341a1e1e74df1ce62f9af1ec535d228d7ad317e0f1f29e9a2e9ba	4b52422dfb2341a1e1e74df1ce62f9af1ec535d228d7ad317e0f1f29e9a2e9ba	7	20007	2
pc-scen010-4b52422dfb2341a1e1e74df1ce62f9af1ec535d228d7ad317e0f1f29e9a2e9ba	4b52422dfb2341a1e1e74df1ce62f9af1ec535d228d7ad317e0f1f29e9a2e9ba	8	20008	2
pc-scen010-4b52422dfb2341a1e1e74df1ce62f9af1ec535d228d7ad317e0f1f29e9a2e9ba	4b52422dfb2341a1e1e74df1ce62f9af1ec535d228d7ad317e0f1f29e9a2e9ba	9	20009	2
pc-scen010-4b52422dfb2341a1e1e74df1ce62f9af1ec535d228d7ad317e0f1f29e9a2e9ba	4b52422dfb2341a1e1e74df1ce62f9af1ec535d228d7ad317e0f1f29e9a2e9ba	10	20010	2
pc-scen010-4b52422dfb2341a1e1e74df1ce62f9af1ec535d228d7ad317e0f1f29e9a2e9ba	4b52422dfb2341a1e1e74df1ce62f9af1ec535d228d7ad317e0f1f29e9a2e9ba	11	20011	3
pc-scen010-4b52422dfb2341a1e1e74df1ce62f9af1ec535d228d7ad317e0f1f29e9a2e9ba	4b52422dfb2341a1e1e74df1ce62f9af1ec535d228d7ad317e0f1f29e9a2e9ba	12	20012	3
pc-scen010-4b52422dfb2341a1e1e74df1ce62f9af1ec535d228d7ad317e0f1f29e9a2e9ba	4b52422dfb2341a1e1e74df1ce62f9af1ec535d228d7ad317e0f1f29e9a2e9ba	13	20013	3
pc-scen010-4b52422dfb2341a1e1e74df1ce62f9af1ec535d228d7ad317e0f1f29e9a2e9ba	4b52422dfb2341a1e1e74df1ce62f9af1ec535d228d7ad317e0f1f29e9a2e9ba	14	20014	3
pc-scen010-4b52422dfb2341a1e1e74df1ce62f9af1ec535d228d7ad317e0f1f29e9a2e9ba	4b52422dfb2341a1e1e74df1ce62f9af1ec535d228d7ad317e0f1f29e9a2e9ba	15	20015	4
pc-scen010-4b52422dfb2341a1e1e74df1ce62f9af1ec535d228d7ad317e0f1f29e9a2e9ba	4b52422dfb2341a1e1e74df1ce62f9af1ec535d228d7ad317e0f1f29e9a2e9ba	16	20016	5
pc-scen010-4b52422dfb2341a1e1e74df1ce62f9af1ec535d228d7ad317e0f1f29e9a2e9ba	4b52422dfb2341a1e1e74df1ce62f9af1ec535d228d7ad317e0f1f29e9a2e9ba	17	20017	5
pc-scen010-4b52422dfb2341a1e1e74df1ce62f9af1ec535d228d7ad317e0f1f29e9a2e9ba	4b52422dfb2341a1e1e74df1ce62f9af1ec535d228d7ad317e0f1f29e9a2e9ba	18	20018	5
pc-scen010-4b52422dfb2341a1e1e74df1ce62f9af1ec535d228d7ad317e0f1f29e9a2e9ba	4b52422dfb2341a1e1e74df1ce62f9af1ec535d228d7ad317e0f1f29e9a2e9ba	19	20019	6
pc-scen010-4b52422dfb2341a1e1e74df1ce62f9af1ec535d228d7ad317e0f1f29e9a2e9ba	4b52422dfb2341a1e1e74df1ce62f9af1ec535d228d7ad317e0f1f29e9a2e9ba	20	20020	6
pc-scen010-4b52422dfb2341a1e1e74df1ce62f9af1ec535d228d7ad317e0f1f29e9a2e9ba	4b52422dfb2341a1e1e74df1ce62f9af1ec535d228d7ad317e0f1f29e9a2e9ba	21	20021	6
pc-scen010-4b52422dfb2341a1e1e74df1ce62f9af1ec535d228d7ad317e0f1f29e9a2e9ba	4b52422dfb2341a1e1e74df1ce62f9af1ec535d228d7ad317e0f1f29e9a2e9ba	22	20022	7
pc-scen010-4b52422dfb2341a1e1e74df1ce62f9af1ec535d228d7ad317e0f1f29e9a2e9ba	4b52422dfb2341a1e1e74df1ce62f9af1ec535d228d7ad317e0f1f29e9a2e9ba	23	20023	7
pc-scen010-4b52422dfb2341a1e1e74df1ce62f9af1ec535d228d7ad317e0f1f29e9a2e9ba	4b52422dfb2341a1e1e74df1ce62f9af1ec535d228d7ad317e0f1f29e9a2e9ba	24	20024	7
pc-scen010-4b52422dfb2341a1e1e74df1ce62f9af1ec535d228d7ad317e0f1f29e9a2e9ba	4b52422dfb2341a1e1e74df1ce62f9af1ec535d228d7ad317e0f1f29e9a2e9ba	25	20025	7
pc-scen010-4b52422dfb2341a1e1e74df1ce62f9af1ec535d228d7ad317e0f1f29e9a2e9ba	4b52422dfb2341a1e1e74df1ce62f9af1ec535d228d7ad317e0f1f29e9a2e9ba	26	20026	7
pc-scen010-4b52422dfb2341a1e1e74df1ce62f9af1ec535d228d7ad317e0f1f29e9a2e9ba	4b52422dfb2341a1e1e74df1ce62f9af1ec535d228d7ad317e0f1f29e9a2e9ba	27	20027	8
pc-scen010-4b52422dfb2341a1e1e74df1ce62f9af1ec535d228d7ad317e0f1f29e9a2e9ba	4b52422dfb2341a1e1e74df1ce62f9af1ec535d228d7ad317e0f1f29e9a2e9ba	28	20028	8
pc-scen010-4b52422dfb2341a1e1e74df1ce62f9af1ec535d228d7ad317e0f1f29e9a2e9ba	4b52422dfb2341a1e1e74df1ce62f9af1ec535d228d7ad317e0f1f29e9a2e9ba	29	20029	8
pc-scen010-4b52422dfb2341a1e1e74df1ce62f9af1ec535d228d7ad317e0f1f29e9a2e9ba	4b52422dfb2341a1e1e74df1ce62f9af1ec535d228d7ad317e0f1f29e9a2e9ba	30	20030	8
pc-scen010-4b52422dfb2341a1e1e74df1ce62f9af1ec535d228d7ad317e0f1f29e9a2e9ba	4b52422dfb2341a1e1e74df1ce62f9af1ec535d228d7ad317e0f1f29e9a2e9ba	31	20031	9
pc-scen010-4b52422dfb2341a1e1e74df1ce62f9af1ec535d228d7ad317e0f1f29e9a2e9ba	4b52422dfb2341a1e1e74df1ce62f9af1ec535d228d7ad317e0f1f29e9a2e9ba	32	20032	9
pc-scen010-4b52422dfb2341a1e1e74df1ce62f9af1ec535d228d7ad317e0f1f29e9a2e9ba	4b52422dfb2341a1e1e74df1ce62f9af1ec535d228d7ad317e0f1f29e9a2e9ba	33	20033	9
pc-scen010-4b52422dfb2341a1e1e74df1ce62f9af1ec535d228d7ad317e0f1f29e9a2e9ba	4b52422dfb2341a1e1e74df1ce62f9af1ec535d228d7ad317e0f1f29e9a2e9ba	34	20034	9
pc-scen010-4b52422dfb2341a1e1e74df1ce62f9af1ec535d228d7ad317e0f1f29e9a2e9ba	4b52422dfb2341a1e1e74df1ce62f9af1ec535d228d7ad317e0f1f29e9a2e9ba	35	20035	10
pc-scen010-4b52422dfb2341a1e1e74df1ce62f9af1ec535d228d7ad317e0f1f29e9a2e9ba	4b52422dfb2341a1e1e74df1ce62f9af1ec535d228d7ad317e0f1f29e9a2e9ba	36	20036	10
pc-scen010-4b52422dfb2341a1e1e74df1ce62f9af1ec535d228d7ad317e0f1f29e9a2e9ba	4b52422dfb2341a1e1e74df1ce62f9af1ec535d228d7ad317e0f1f29e9a2e9ba	37	20037	10
pc-scen010-4b52422dfb2341a1e1e74df1ce62f9af1ec535d228d7ad317e0f1f29e9a2e9ba	4b52422dfb2341a1e1e74df1ce62f9af1ec535d228d7ad317e0f1f29e9a2e9ba	38	20038	10
pc-scen010-4b52422dfb2341a1e1e74df1ce62f9af1ec535d228d7ad317e0f1f29e9a2e9ba	4b52422dfb2341a1e1e74df1ce62f9af1ec535d228d7ad317e0f1f29e9a2e9ba	39	20039	10
pc-scen010-4b52422dfb2341a1e1e74df1ce62f9af1ec535d228d7ad317e0f1f29e9a2e9ba	4b52422dfb2341a1e1e74df1ce62f9af1ec535d228d7ad317e0f1f29e9a2e9ba	40	20040	11
pc-scen010-4b52422dfb2341a1e1e74df1ce62f9af1ec535d228d7ad317e0f1f29e9a2e9ba	4b52422dfb2341a1e1e74df1ce62f9af1ec535d228d7ad317e0f1f29e9a2e9ba	41	20041	11
pc-scen011-48401444389dda2b1662f3ec263fe8aedcad39faeb665722a8c500170b89c4d4	48401444389dda2b1662f3ec263fe8aedcad39faeb665722a8c500170b89c4d4	0	20000	0
pc-scen011-48401444389dda2b1662f3ec263fe8aedcad39faeb665722a8c500170b89c4d4	48401444389dda2b1662f3ec263fe8aedcad39faeb665722a8c500170b89c4d4	1	20001	0
pc-scen011-48401444389dda2b1662f3ec263fe8aedcad39faeb665722a8c500170b89c4d4	48401444389dda2b1662f3ec263fe8aedcad39faeb665722a8c500170b89c4d4	2	20002	0
pc-scen011-48401444389dda2b1662f3ec263fe8aedcad39faeb665722a8c500170b89c4d4	48401444389dda2b1662f3ec263fe8aedcad39faeb665722a8c500170b89c4d4	3	20003	1
pc-scen011-48401444389dda2b1662f3ec263fe8aedcad39faeb665722a8c500170b89c4d4	48401444389dda2b1662f3ec263fe8aedcad39faeb665722a8c500170b89c4d4	4	20004	1
pc-scen011-48401444389dda2b1662f3ec263fe8aedcad39faeb665722a8c500170b89c4d4	48401444389dda2b1662f3ec263fe8aedcad39faeb665722a8c500170b89c4d4	5	20005	1
pc-scen011-48401444389dda2b1662f3ec263fe8aedcad39faeb665722a8c500170b89c4d4	48401444389dda2b1662f3ec263fe8aedcad39faeb665722a8c500170b89c4d4	6	20006	1
pc-scen011-48401444389dda2b1662f3ec263fe8aedcad39faeb665722a8c500170b89c4d4	48401444389dda2b1662f3ec263fe8aedcad39faeb665722a8c500170b89c4d4	7	20007	2
pc-scen011-48401444389dda2b1662f3ec263fe8aedcad39faeb665722a8c500170b89c4d4	48401444389dda2b1662f3ec263fe8aedcad39faeb665722a8c500170b89c4d4	8	20008	2
pc-scen011-48401444389dda2b1662f3ec263fe8aedcad39faeb665722a8c500170b89c4d4	48401444389dda2b1662f3ec263fe8aedcad39faeb665722a8c500170b89c4d4	9	20009	2
pc-scen011-48401444389dda2b1662f3ec263fe8aedcad39faeb665722a8c500170b89c4d4	48401444389dda2b1662f3ec263fe8aedcad39faeb665722a8c500170b89c4d4	10	20010	2
pc-scen011-48401444389dda2b1662f3ec263fe8aedcad39faeb665722a8c500170b89c4d4	48401444389dda2b1662f3ec263fe8aedcad39faeb665722a8c500170b89c4d4	11	20011	3
pc-scen011-48401444389dda2b1662f3ec263fe8aedcad39faeb665722a8c500170b89c4d4	48401444389dda2b1662f3ec263fe8aedcad39faeb665722a8c500170b89c4d4	12	20012	3
pc-scen011-48401444389dda2b1662f3ec263fe8aedcad39faeb665722a8c500170b89c4d4	48401444389dda2b1662f3ec263fe8aedcad39faeb665722a8c500170b89c4d4	13	20013	3
pc-scen011-48401444389dda2b1662f3ec263fe8aedcad39faeb665722a8c500170b89c4d4	48401444389dda2b1662f3ec263fe8aedcad39faeb665722a8c500170b89c4d4	14	20014	3
pc-scen011-48401444389dda2b1662f3ec263fe8aedcad39faeb665722a8c500170b89c4d4	48401444389dda2b1662f3ec263fe8aedcad39faeb665722a8c500170b89c4d4	15	20015	4
pc-scen011-48401444389dda2b1662f3ec263fe8aedcad39faeb665722a8c500170b89c4d4	48401444389dda2b1662f3ec263fe8aedcad39faeb665722a8c500170b89c4d4	16	20016	5
pc-scen011-48401444389dda2b1662f3ec263fe8aedcad39faeb665722a8c500170b89c4d4	48401444389dda2b1662f3ec263fe8aedcad39faeb665722a8c500170b89c4d4	17	20017	5
pc-scen011-48401444389dda2b1662f3ec263fe8aedcad39faeb665722a8c500170b89c4d4	48401444389dda2b1662f3ec263fe8aedcad39faeb665722a8c500170b89c4d4	18	20018	5
pc-scen011-48401444389dda2b1662f3ec263fe8aedcad39faeb665722a8c500170b89c4d4	48401444389dda2b1662f3ec263fe8aedcad39faeb665722a8c500170b89c4d4	19	20019	6
pc-scen011-48401444389dda2b1662f3ec263fe8aedcad39faeb665722a8c500170b89c4d4	48401444389dda2b1662f3ec263fe8aedcad39faeb665722a8c500170b89c4d4	20	20020	6
pc-scen011-48401444389dda2b1662f3ec263fe8aedcad39faeb665722a8c500170b89c4d4	48401444389dda2b1662f3ec263fe8aedcad39faeb665722a8c500170b89c4d4	21	20021	6
pc-scen011-48401444389dda2b1662f3ec263fe8aedcad39faeb665722a8c500170b89c4d4	48401444389dda2b1662f3ec263fe8aedcad39faeb665722a8c500170b89c4d4	22	20022	7
pc-scen011-48401444389dda2b1662f3ec263fe8aedcad39faeb665722a8c500170b89c4d4	48401444389dda2b1662f3ec263fe8aedcad39faeb665722a8c500170b89c4d4	23	20023	7
pc-scen011-48401444389dda2b1662f3ec263fe8aedcad39faeb665722a8c500170b89c4d4	48401444389dda2b1662f3ec263fe8aedcad39faeb665722a8c500170b89c4d4	24	20024	7
pc-scen011-48401444389dda2b1662f3ec263fe8aedcad39faeb665722a8c500170b89c4d4	48401444389dda2b1662f3ec263fe8aedcad39faeb665722a8c500170b89c4d4	25	20025	7
pc-scen011-48401444389dda2b1662f3ec263fe8aedcad39faeb665722a8c500170b89c4d4	48401444389dda2b1662f3ec263fe8aedcad39faeb665722a8c500170b89c4d4	26	20026	7
pc-scen011-48401444389dda2b1662f3ec263fe8aedcad39faeb665722a8c500170b89c4d4	48401444389dda2b1662f3ec263fe8aedcad39faeb665722a8c500170b89c4d4	27	20027	8
pc-scen011-48401444389dda2b1662f3ec263fe8aedcad39faeb665722a8c500170b89c4d4	48401444389dda2b1662f3ec263fe8aedcad39faeb665722a8c500170b89c4d4	28	20028	8
pc-scen011-48401444389dda2b1662f3ec263fe8aedcad39faeb665722a8c500170b89c4d4	48401444389dda2b1662f3ec263fe8aedcad39faeb665722a8c500170b89c4d4	29	20029	8
pc-scen011-48401444389dda2b1662f3ec263fe8aedcad39faeb665722a8c500170b89c4d4	48401444389dda2b1662f3ec263fe8aedcad39faeb665722a8c500170b89c4d4	30	20030	8
pc-scen011-48401444389dda2b1662f3ec263fe8aedcad39faeb665722a8c500170b89c4d4	48401444389dda2b1662f3ec263fe8aedcad39faeb665722a8c500170b89c4d4	31	20031	9
pc-scen011-48401444389dda2b1662f3ec263fe8aedcad39faeb665722a8c500170b89c4d4	48401444389dda2b1662f3ec263fe8aedcad39faeb665722a8c500170b89c4d4	32	20032	9
pc-scen011-48401444389dda2b1662f3ec263fe8aedcad39faeb665722a8c500170b89c4d4	48401444389dda2b1662f3ec263fe8aedcad39faeb665722a8c500170b89c4d4	33	20033	9
pc-scen011-48401444389dda2b1662f3ec263fe8aedcad39faeb665722a8c500170b89c4d4	48401444389dda2b1662f3ec263fe8aedcad39faeb665722a8c500170b89c4d4	34	20034	9
pc-scen011-48401444389dda2b1662f3ec263fe8aedcad39faeb665722a8c500170b89c4d4	48401444389dda2b1662f3ec263fe8aedcad39faeb665722a8c500170b89c4d4	35	20035	10
pc-scen011-48401444389dda2b1662f3ec263fe8aedcad39faeb665722a8c500170b89c4d4	48401444389dda2b1662f3ec263fe8aedcad39faeb665722a8c500170b89c4d4	36	20036	10
pc-scen011-48401444389dda2b1662f3ec263fe8aedcad39faeb665722a8c500170b89c4d4	48401444389dda2b1662f3ec263fe8aedcad39faeb665722a8c500170b89c4d4	37	20037	10
pc-scen011-48401444389dda2b1662f3ec263fe8aedcad39faeb665722a8c500170b89c4d4	48401444389dda2b1662f3ec263fe8aedcad39faeb665722a8c500170b89c4d4	38	20038	10
pc-scen011-48401444389dda2b1662f3ec263fe8aedcad39faeb665722a8c500170b89c4d4	48401444389dda2b1662f3ec263fe8aedcad39faeb665722a8c500170b89c4d4	39	20039	10
pc-scen011-48401444389dda2b1662f3ec263fe8aedcad39faeb665722a8c500170b89c4d4	48401444389dda2b1662f3ec263fe8aedcad39faeb665722a8c500170b89c4d4	40	20040	11
pc-scen011-48401444389dda2b1662f3ec263fe8aedcad39faeb665722a8c500170b89c4d4	48401444389dda2b1662f3ec263fe8aedcad39faeb665722a8c500170b89c4d4	41	20041	11
pc-scen012-d6e120895d53835c2cbd8279a3a2cf26aca82ef57f096f847be9ec91494e6772	d6e120895d53835c2cbd8279a3a2cf26aca82ef57f096f847be9ec91494e6772	0	20000	0
pc-scen012-d6e120895d53835c2cbd8279a3a2cf26aca82ef57f096f847be9ec91494e6772	d6e120895d53835c2cbd8279a3a2cf26aca82ef57f096f847be9ec91494e6772	1	20001	0
pc-scen012-d6e120895d53835c2cbd8279a3a2cf26aca82ef57f096f847be9ec91494e6772	d6e120895d53835c2cbd8279a3a2cf26aca82ef57f096f847be9ec91494e6772	2	20002	0
pc-scen012-d6e120895d53835c2cbd8279a3a2cf26aca82ef57f096f847be9ec91494e6772	d6e120895d53835c2cbd8279a3a2cf26aca82ef57f096f847be9ec91494e6772	3	20003	1
pc-scen012-d6e120895d53835c2cbd8279a3a2cf26aca82ef57f096f847be9ec91494e6772	d6e120895d53835c2cbd8279a3a2cf26aca82ef57f096f847be9ec91494e6772	4	20004	1
pc-scen012-d6e120895d53835c2cbd8279a3a2cf26aca82ef57f096f847be9ec91494e6772	d6e120895d53835c2cbd8279a3a2cf26aca82ef57f096f847be9ec91494e6772	5	20005	1
pc-scen012-d6e120895d53835c2cbd8279a3a2cf26aca82ef57f096f847be9ec91494e6772	d6e120895d53835c2cbd8279a3a2cf26aca82ef57f096f847be9ec91494e6772	6	20006	1
pc-scen012-d6e120895d53835c2cbd8279a3a2cf26aca82ef57f096f847be9ec91494e6772	d6e120895d53835c2cbd8279a3a2cf26aca82ef57f096f847be9ec91494e6772	7	20007	2
pc-scen012-d6e120895d53835c2cbd8279a3a2cf26aca82ef57f096f847be9ec91494e6772	d6e120895d53835c2cbd8279a3a2cf26aca82ef57f096f847be9ec91494e6772	8	20008	2
pc-scen012-d6e120895d53835c2cbd8279a3a2cf26aca82ef57f096f847be9ec91494e6772	d6e120895d53835c2cbd8279a3a2cf26aca82ef57f096f847be9ec91494e6772	9	20009	2
pc-scen012-d6e120895d53835c2cbd8279a3a2cf26aca82ef57f096f847be9ec91494e6772	d6e120895d53835c2cbd8279a3a2cf26aca82ef57f096f847be9ec91494e6772	10	20010	2
pc-scen012-d6e120895d53835c2cbd8279a3a2cf26aca82ef57f096f847be9ec91494e6772	d6e120895d53835c2cbd8279a3a2cf26aca82ef57f096f847be9ec91494e6772	11	20011	3
pc-scen012-d6e120895d53835c2cbd8279a3a2cf26aca82ef57f096f847be9ec91494e6772	d6e120895d53835c2cbd8279a3a2cf26aca82ef57f096f847be9ec91494e6772	12	20012	3
pc-scen012-d6e120895d53835c2cbd8279a3a2cf26aca82ef57f096f847be9ec91494e6772	d6e120895d53835c2cbd8279a3a2cf26aca82ef57f096f847be9ec91494e6772	13	20013	3
pc-scen012-d6e120895d53835c2cbd8279a3a2cf26aca82ef57f096f847be9ec91494e6772	d6e120895d53835c2cbd8279a3a2cf26aca82ef57f096f847be9ec91494e6772	14	20014	3
pc-scen012-d6e120895d53835c2cbd8279a3a2cf26aca82ef57f096f847be9ec91494e6772	d6e120895d53835c2cbd8279a3a2cf26aca82ef57f096f847be9ec91494e6772	15	20015	4
pc-scen012-d6e120895d53835c2cbd8279a3a2cf26aca82ef57f096f847be9ec91494e6772	d6e120895d53835c2cbd8279a3a2cf26aca82ef57f096f847be9ec91494e6772	16	20016	5
pc-scen012-d6e120895d53835c2cbd8279a3a2cf26aca82ef57f096f847be9ec91494e6772	d6e120895d53835c2cbd8279a3a2cf26aca82ef57f096f847be9ec91494e6772	17	20017	5
pc-scen012-d6e120895d53835c2cbd8279a3a2cf26aca82ef57f096f847be9ec91494e6772	d6e120895d53835c2cbd8279a3a2cf26aca82ef57f096f847be9ec91494e6772	18	20018	5
pc-scen012-d6e120895d53835c2cbd8279a3a2cf26aca82ef57f096f847be9ec91494e6772	d6e120895d53835c2cbd8279a3a2cf26aca82ef57f096f847be9ec91494e6772	19	20019	6
pc-scen012-d6e120895d53835c2cbd8279a3a2cf26aca82ef57f096f847be9ec91494e6772	d6e120895d53835c2cbd8279a3a2cf26aca82ef57f096f847be9ec91494e6772	20	20020	6
pc-scen012-d6e120895d53835c2cbd8279a3a2cf26aca82ef57f096f847be9ec91494e6772	d6e120895d53835c2cbd8279a3a2cf26aca82ef57f096f847be9ec91494e6772	21	20021	6
pc-scen012-d6e120895d53835c2cbd8279a3a2cf26aca82ef57f096f847be9ec91494e6772	d6e120895d53835c2cbd8279a3a2cf26aca82ef57f096f847be9ec91494e6772	22	20022	7
pc-scen012-d6e120895d53835c2cbd8279a3a2cf26aca82ef57f096f847be9ec91494e6772	d6e120895d53835c2cbd8279a3a2cf26aca82ef57f096f847be9ec91494e6772	23	20023	7
pc-scen012-d6e120895d53835c2cbd8279a3a2cf26aca82ef57f096f847be9ec91494e6772	d6e120895d53835c2cbd8279a3a2cf26aca82ef57f096f847be9ec91494e6772	24	20024	7
pc-scen012-d6e120895d53835c2cbd8279a3a2cf26aca82ef57f096f847be9ec91494e6772	d6e120895d53835c2cbd8279a3a2cf26aca82ef57f096f847be9ec91494e6772	25	20025	7
pc-scen012-d6e120895d53835c2cbd8279a3a2cf26aca82ef57f096f847be9ec91494e6772	d6e120895d53835c2cbd8279a3a2cf26aca82ef57f096f847be9ec91494e6772	26	20026	7
pc-scen012-d6e120895d53835c2cbd8279a3a2cf26aca82ef57f096f847be9ec91494e6772	d6e120895d53835c2cbd8279a3a2cf26aca82ef57f096f847be9ec91494e6772	27	20027	8
pc-scen012-d6e120895d53835c2cbd8279a3a2cf26aca82ef57f096f847be9ec91494e6772	d6e120895d53835c2cbd8279a3a2cf26aca82ef57f096f847be9ec91494e6772	28	20028	8
pc-scen012-d6e120895d53835c2cbd8279a3a2cf26aca82ef57f096f847be9ec91494e6772	d6e120895d53835c2cbd8279a3a2cf26aca82ef57f096f847be9ec91494e6772	29	20029	8
pc-scen012-d6e120895d53835c2cbd8279a3a2cf26aca82ef57f096f847be9ec91494e6772	d6e120895d53835c2cbd8279a3a2cf26aca82ef57f096f847be9ec91494e6772	30	20030	8
pc-scen012-d6e120895d53835c2cbd8279a3a2cf26aca82ef57f096f847be9ec91494e6772	d6e120895d53835c2cbd8279a3a2cf26aca82ef57f096f847be9ec91494e6772	31	20031	9
pc-scen012-d6e120895d53835c2cbd8279a3a2cf26aca82ef57f096f847be9ec91494e6772	d6e120895d53835c2cbd8279a3a2cf26aca82ef57f096f847be9ec91494e6772	32	20032	9
pc-scen012-d6e120895d53835c2cbd8279a3a2cf26aca82ef57f096f847be9ec91494e6772	d6e120895d53835c2cbd8279a3a2cf26aca82ef57f096f847be9ec91494e6772	33	20033	9
pc-scen012-d6e120895d53835c2cbd8279a3a2cf26aca82ef57f096f847be9ec91494e6772	d6e120895d53835c2cbd8279a3a2cf26aca82ef57f096f847be9ec91494e6772	34	20034	9
pc-scen012-d6e120895d53835c2cbd8279a3a2cf26aca82ef57f096f847be9ec91494e6772	d6e120895d53835c2cbd8279a3a2cf26aca82ef57f096f847be9ec91494e6772	35	20035	10
pc-scen012-d6e120895d53835c2cbd8279a3a2cf26aca82ef57f096f847be9ec91494e6772	d6e120895d53835c2cbd8279a3a2cf26aca82ef57f096f847be9ec91494e6772	36	20036	10
pc-scen012-d6e120895d53835c2cbd8279a3a2cf26aca82ef57f096f847be9ec91494e6772	d6e120895d53835c2cbd8279a3a2cf26aca82ef57f096f847be9ec91494e6772	37	20037	10
pc-scen012-d6e120895d53835c2cbd8279a3a2cf26aca82ef57f096f847be9ec91494e6772	d6e120895d53835c2cbd8279a3a2cf26aca82ef57f096f847be9ec91494e6772	38	20038	10
pc-scen012-d6e120895d53835c2cbd8279a3a2cf26aca82ef57f096f847be9ec91494e6772	d6e120895d53835c2cbd8279a3a2cf26aca82ef57f096f847be9ec91494e6772	39	20039	10
pc-scen012-d6e120895d53835c2cbd8279a3a2cf26aca82ef57f096f847be9ec91494e6772	d6e120895d53835c2cbd8279a3a2cf26aca82ef57f096f847be9ec91494e6772	40	20040	11
pc-scen012-d6e120895d53835c2cbd8279a3a2cf26aca82ef57f096f847be9ec91494e6772	d6e120895d53835c2cbd8279a3a2cf26aca82ef57f096f847be9ec91494e6772	41	20041	11
pc-scen013-72e15d98bfb49ab7bfbbf32f2bee01396e594424b23ff386df17c0f80920ec6f	72e15d98bfb49ab7bfbbf32f2bee01396e594424b23ff386df17c0f80920ec6f	0	20000	0
pc-scen013-72e15d98bfb49ab7bfbbf32f2bee01396e594424b23ff386df17c0f80920ec6f	72e15d98bfb49ab7bfbbf32f2bee01396e594424b23ff386df17c0f80920ec6f	1	20001	0
pc-scen013-72e15d98bfb49ab7bfbbf32f2bee01396e594424b23ff386df17c0f80920ec6f	72e15d98bfb49ab7bfbbf32f2bee01396e594424b23ff386df17c0f80920ec6f	2	20002	0
pc-scen013-72e15d98bfb49ab7bfbbf32f2bee01396e594424b23ff386df17c0f80920ec6f	72e15d98bfb49ab7bfbbf32f2bee01396e594424b23ff386df17c0f80920ec6f	3	20003	1
pc-scen013-72e15d98bfb49ab7bfbbf32f2bee01396e594424b23ff386df17c0f80920ec6f	72e15d98bfb49ab7bfbbf32f2bee01396e594424b23ff386df17c0f80920ec6f	4	20004	1
pc-scen013-72e15d98bfb49ab7bfbbf32f2bee01396e594424b23ff386df17c0f80920ec6f	72e15d98bfb49ab7bfbbf32f2bee01396e594424b23ff386df17c0f80920ec6f	5	20005	1
pc-scen013-72e15d98bfb49ab7bfbbf32f2bee01396e594424b23ff386df17c0f80920ec6f	72e15d98bfb49ab7bfbbf32f2bee01396e594424b23ff386df17c0f80920ec6f	6	20006	1
pc-scen013-72e15d98bfb49ab7bfbbf32f2bee01396e594424b23ff386df17c0f80920ec6f	72e15d98bfb49ab7bfbbf32f2bee01396e594424b23ff386df17c0f80920ec6f	7	20007	2
pc-scen013-72e15d98bfb49ab7bfbbf32f2bee01396e594424b23ff386df17c0f80920ec6f	72e15d98bfb49ab7bfbbf32f2bee01396e594424b23ff386df17c0f80920ec6f	8	20008	2
pc-scen013-72e15d98bfb49ab7bfbbf32f2bee01396e594424b23ff386df17c0f80920ec6f	72e15d98bfb49ab7bfbbf32f2bee01396e594424b23ff386df17c0f80920ec6f	9	20009	2
pc-scen013-72e15d98bfb49ab7bfbbf32f2bee01396e594424b23ff386df17c0f80920ec6f	72e15d98bfb49ab7bfbbf32f2bee01396e594424b23ff386df17c0f80920ec6f	10	20010	2
pc-scen013-72e15d98bfb49ab7bfbbf32f2bee01396e594424b23ff386df17c0f80920ec6f	72e15d98bfb49ab7bfbbf32f2bee01396e594424b23ff386df17c0f80920ec6f	11	20011	3
pc-scen013-72e15d98bfb49ab7bfbbf32f2bee01396e594424b23ff386df17c0f80920ec6f	72e15d98bfb49ab7bfbbf32f2bee01396e594424b23ff386df17c0f80920ec6f	12	20012	3
pc-scen013-72e15d98bfb49ab7bfbbf32f2bee01396e594424b23ff386df17c0f80920ec6f	72e15d98bfb49ab7bfbbf32f2bee01396e594424b23ff386df17c0f80920ec6f	13	20013	3
pc-scen013-72e15d98bfb49ab7bfbbf32f2bee01396e594424b23ff386df17c0f80920ec6f	72e15d98bfb49ab7bfbbf32f2bee01396e594424b23ff386df17c0f80920ec6f	14	20014	3
pc-scen013-72e15d98bfb49ab7bfbbf32f2bee01396e594424b23ff386df17c0f80920ec6f	72e15d98bfb49ab7bfbbf32f2bee01396e594424b23ff386df17c0f80920ec6f	15	20015	4
pc-scen013-72e15d98bfb49ab7bfbbf32f2bee01396e594424b23ff386df17c0f80920ec6f	72e15d98bfb49ab7bfbbf32f2bee01396e594424b23ff386df17c0f80920ec6f	16	20016	5
pc-scen013-72e15d98bfb49ab7bfbbf32f2bee01396e594424b23ff386df17c0f80920ec6f	72e15d98bfb49ab7bfbbf32f2bee01396e594424b23ff386df17c0f80920ec6f	17	20017	5
pc-scen013-72e15d98bfb49ab7bfbbf32f2bee01396e594424b23ff386df17c0f80920ec6f	72e15d98bfb49ab7bfbbf32f2bee01396e594424b23ff386df17c0f80920ec6f	18	20018	5
pc-scen013-72e15d98bfb49ab7bfbbf32f2bee01396e594424b23ff386df17c0f80920ec6f	72e15d98bfb49ab7bfbbf32f2bee01396e594424b23ff386df17c0f80920ec6f	19	20019	6
pc-scen013-72e15d98bfb49ab7bfbbf32f2bee01396e594424b23ff386df17c0f80920ec6f	72e15d98bfb49ab7bfbbf32f2bee01396e594424b23ff386df17c0f80920ec6f	20	20020	6
pc-scen013-72e15d98bfb49ab7bfbbf32f2bee01396e594424b23ff386df17c0f80920ec6f	72e15d98bfb49ab7bfbbf32f2bee01396e594424b23ff386df17c0f80920ec6f	21	20021	6
pc-scen013-72e15d98bfb49ab7bfbbf32f2bee01396e594424b23ff386df17c0f80920ec6f	72e15d98bfb49ab7bfbbf32f2bee01396e594424b23ff386df17c0f80920ec6f	22	20022	7
pc-scen013-72e15d98bfb49ab7bfbbf32f2bee01396e594424b23ff386df17c0f80920ec6f	72e15d98bfb49ab7bfbbf32f2bee01396e594424b23ff386df17c0f80920ec6f	23	20023	7
pc-scen013-72e15d98bfb49ab7bfbbf32f2bee01396e594424b23ff386df17c0f80920ec6f	72e15d98bfb49ab7bfbbf32f2bee01396e594424b23ff386df17c0f80920ec6f	24	20024	7
pc-scen013-72e15d98bfb49ab7bfbbf32f2bee01396e594424b23ff386df17c0f80920ec6f	72e15d98bfb49ab7bfbbf32f2bee01396e594424b23ff386df17c0f80920ec6f	25	20025	7
pc-scen013-72e15d98bfb49ab7bfbbf32f2bee01396e594424b23ff386df17c0f80920ec6f	72e15d98bfb49ab7bfbbf32f2bee01396e594424b23ff386df17c0f80920ec6f	26	20026	7
pc-scen013-72e15d98bfb49ab7bfbbf32f2bee01396e594424b23ff386df17c0f80920ec6f	72e15d98bfb49ab7bfbbf32f2bee01396e594424b23ff386df17c0f80920ec6f	27	20027	8
pc-scen013-72e15d98bfb49ab7bfbbf32f2bee01396e594424b23ff386df17c0f80920ec6f	72e15d98bfb49ab7bfbbf32f2bee01396e594424b23ff386df17c0f80920ec6f	28	20028	8
pc-scen013-72e15d98bfb49ab7bfbbf32f2bee01396e594424b23ff386df17c0f80920ec6f	72e15d98bfb49ab7bfbbf32f2bee01396e594424b23ff386df17c0f80920ec6f	29	20029	8
pc-scen013-72e15d98bfb49ab7bfbbf32f2bee01396e594424b23ff386df17c0f80920ec6f	72e15d98bfb49ab7bfbbf32f2bee01396e594424b23ff386df17c0f80920ec6f	30	20030	8
pc-scen013-72e15d98bfb49ab7bfbbf32f2bee01396e594424b23ff386df17c0f80920ec6f	72e15d98bfb49ab7bfbbf32f2bee01396e594424b23ff386df17c0f80920ec6f	31	20031	9
pc-scen013-72e15d98bfb49ab7bfbbf32f2bee01396e594424b23ff386df17c0f80920ec6f	72e15d98bfb49ab7bfbbf32f2bee01396e594424b23ff386df17c0f80920ec6f	32	20032	9
pc-scen013-72e15d98bfb49ab7bfbbf32f2bee01396e594424b23ff386df17c0f80920ec6f	72e15d98bfb49ab7bfbbf32f2bee01396e594424b23ff386df17c0f80920ec6f	33	20033	9
pc-scen013-72e15d98bfb49ab7bfbbf32f2bee01396e594424b23ff386df17c0f80920ec6f	72e15d98bfb49ab7bfbbf32f2bee01396e594424b23ff386df17c0f80920ec6f	34	20034	9
pc-scen013-72e15d98bfb49ab7bfbbf32f2bee01396e594424b23ff386df17c0f80920ec6f	72e15d98bfb49ab7bfbbf32f2bee01396e594424b23ff386df17c0f80920ec6f	35	20035	10
pc-scen013-72e15d98bfb49ab7bfbbf32f2bee01396e594424b23ff386df17c0f80920ec6f	72e15d98bfb49ab7bfbbf32f2bee01396e594424b23ff386df17c0f80920ec6f	36	20036	10
pc-scen013-72e15d98bfb49ab7bfbbf32f2bee01396e594424b23ff386df17c0f80920ec6f	72e15d98bfb49ab7bfbbf32f2bee01396e594424b23ff386df17c0f80920ec6f	37	20037	10
pc-scen013-72e15d98bfb49ab7bfbbf32f2bee01396e594424b23ff386df17c0f80920ec6f	72e15d98bfb49ab7bfbbf32f2bee01396e594424b23ff386df17c0f80920ec6f	38	20038	10
pc-scen013-72e15d98bfb49ab7bfbbf32f2bee01396e594424b23ff386df17c0f80920ec6f	72e15d98bfb49ab7bfbbf32f2bee01396e594424b23ff386df17c0f80920ec6f	39	20039	10
pc-scen013-72e15d98bfb49ab7bfbbf32f2bee01396e594424b23ff386df17c0f80920ec6f	72e15d98bfb49ab7bfbbf32f2bee01396e594424b23ff386df17c0f80920ec6f	40	20040	11
pc-scen013-72e15d98bfb49ab7bfbbf32f2bee01396e594424b23ff386df17c0f80920ec6f	72e15d98bfb49ab7bfbbf32f2bee01396e594424b23ff386df17c0f80920ec6f	41	20041	11
pc-scen014-ce08f8e934c040149efef07a6642ebb7c8912c5dcf62354be9a29e82543c0d6b	ce08f8e934c040149efef07a6642ebb7c8912c5dcf62354be9a29e82543c0d6b	0	20000	0
pc-scen014-ce08f8e934c040149efef07a6642ebb7c8912c5dcf62354be9a29e82543c0d6b	ce08f8e934c040149efef07a6642ebb7c8912c5dcf62354be9a29e82543c0d6b	1	20001	0
pc-scen014-ce08f8e934c040149efef07a6642ebb7c8912c5dcf62354be9a29e82543c0d6b	ce08f8e934c040149efef07a6642ebb7c8912c5dcf62354be9a29e82543c0d6b	2	20002	0
pc-scen014-ce08f8e934c040149efef07a6642ebb7c8912c5dcf62354be9a29e82543c0d6b	ce08f8e934c040149efef07a6642ebb7c8912c5dcf62354be9a29e82543c0d6b	3	20003	1
pc-scen014-ce08f8e934c040149efef07a6642ebb7c8912c5dcf62354be9a29e82543c0d6b	ce08f8e934c040149efef07a6642ebb7c8912c5dcf62354be9a29e82543c0d6b	4	20004	1
pc-scen014-ce08f8e934c040149efef07a6642ebb7c8912c5dcf62354be9a29e82543c0d6b	ce08f8e934c040149efef07a6642ebb7c8912c5dcf62354be9a29e82543c0d6b	5	20005	1
pc-scen014-ce08f8e934c040149efef07a6642ebb7c8912c5dcf62354be9a29e82543c0d6b	ce08f8e934c040149efef07a6642ebb7c8912c5dcf62354be9a29e82543c0d6b	6	20006	1
pc-scen014-ce08f8e934c040149efef07a6642ebb7c8912c5dcf62354be9a29e82543c0d6b	ce08f8e934c040149efef07a6642ebb7c8912c5dcf62354be9a29e82543c0d6b	7	20007	2
pc-scen014-ce08f8e934c040149efef07a6642ebb7c8912c5dcf62354be9a29e82543c0d6b	ce08f8e934c040149efef07a6642ebb7c8912c5dcf62354be9a29e82543c0d6b	8	20008	2
pc-scen014-ce08f8e934c040149efef07a6642ebb7c8912c5dcf62354be9a29e82543c0d6b	ce08f8e934c040149efef07a6642ebb7c8912c5dcf62354be9a29e82543c0d6b	9	20009	2
pc-scen014-ce08f8e934c040149efef07a6642ebb7c8912c5dcf62354be9a29e82543c0d6b	ce08f8e934c040149efef07a6642ebb7c8912c5dcf62354be9a29e82543c0d6b	10	20010	2
pc-scen014-ce08f8e934c040149efef07a6642ebb7c8912c5dcf62354be9a29e82543c0d6b	ce08f8e934c040149efef07a6642ebb7c8912c5dcf62354be9a29e82543c0d6b	11	20011	3
pc-scen014-ce08f8e934c040149efef07a6642ebb7c8912c5dcf62354be9a29e82543c0d6b	ce08f8e934c040149efef07a6642ebb7c8912c5dcf62354be9a29e82543c0d6b	12	20012	3
pc-scen014-ce08f8e934c040149efef07a6642ebb7c8912c5dcf62354be9a29e82543c0d6b	ce08f8e934c040149efef07a6642ebb7c8912c5dcf62354be9a29e82543c0d6b	13	20013	3
pc-scen014-ce08f8e934c040149efef07a6642ebb7c8912c5dcf62354be9a29e82543c0d6b	ce08f8e934c040149efef07a6642ebb7c8912c5dcf62354be9a29e82543c0d6b	14	20014	3
pc-scen014-ce08f8e934c040149efef07a6642ebb7c8912c5dcf62354be9a29e82543c0d6b	ce08f8e934c040149efef07a6642ebb7c8912c5dcf62354be9a29e82543c0d6b	15	20015	4
pc-scen014-ce08f8e934c040149efef07a6642ebb7c8912c5dcf62354be9a29e82543c0d6b	ce08f8e934c040149efef07a6642ebb7c8912c5dcf62354be9a29e82543c0d6b	16	20016	5
pc-scen014-ce08f8e934c040149efef07a6642ebb7c8912c5dcf62354be9a29e82543c0d6b	ce08f8e934c040149efef07a6642ebb7c8912c5dcf62354be9a29e82543c0d6b	17	20017	5
pc-scen014-ce08f8e934c040149efef07a6642ebb7c8912c5dcf62354be9a29e82543c0d6b	ce08f8e934c040149efef07a6642ebb7c8912c5dcf62354be9a29e82543c0d6b	18	20018	5
pc-scen014-ce08f8e934c040149efef07a6642ebb7c8912c5dcf62354be9a29e82543c0d6b	ce08f8e934c040149efef07a6642ebb7c8912c5dcf62354be9a29e82543c0d6b	19	20019	6
pc-scen014-ce08f8e934c040149efef07a6642ebb7c8912c5dcf62354be9a29e82543c0d6b	ce08f8e934c040149efef07a6642ebb7c8912c5dcf62354be9a29e82543c0d6b	20	20020	6
pc-scen014-ce08f8e934c040149efef07a6642ebb7c8912c5dcf62354be9a29e82543c0d6b	ce08f8e934c040149efef07a6642ebb7c8912c5dcf62354be9a29e82543c0d6b	21	20021	6
pc-scen014-ce08f8e934c040149efef07a6642ebb7c8912c5dcf62354be9a29e82543c0d6b	ce08f8e934c040149efef07a6642ebb7c8912c5dcf62354be9a29e82543c0d6b	22	20022	7
pc-scen014-ce08f8e934c040149efef07a6642ebb7c8912c5dcf62354be9a29e82543c0d6b	ce08f8e934c040149efef07a6642ebb7c8912c5dcf62354be9a29e82543c0d6b	23	20023	7
pc-scen014-ce08f8e934c040149efef07a6642ebb7c8912c5dcf62354be9a29e82543c0d6b	ce08f8e934c040149efef07a6642ebb7c8912c5dcf62354be9a29e82543c0d6b	24	20024	7
pc-scen014-ce08f8e934c040149efef07a6642ebb7c8912c5dcf62354be9a29e82543c0d6b	ce08f8e934c040149efef07a6642ebb7c8912c5dcf62354be9a29e82543c0d6b	25	20025	7
pc-scen014-ce08f8e934c040149efef07a6642ebb7c8912c5dcf62354be9a29e82543c0d6b	ce08f8e934c040149efef07a6642ebb7c8912c5dcf62354be9a29e82543c0d6b	26	20026	7
pc-scen014-ce08f8e934c040149efef07a6642ebb7c8912c5dcf62354be9a29e82543c0d6b	ce08f8e934c040149efef07a6642ebb7c8912c5dcf62354be9a29e82543c0d6b	27	20027	8
pc-scen014-ce08f8e934c040149efef07a6642ebb7c8912c5dcf62354be9a29e82543c0d6b	ce08f8e934c040149efef07a6642ebb7c8912c5dcf62354be9a29e82543c0d6b	28	20028	8
pc-scen014-ce08f8e934c040149efef07a6642ebb7c8912c5dcf62354be9a29e82543c0d6b	ce08f8e934c040149efef07a6642ebb7c8912c5dcf62354be9a29e82543c0d6b	29	20029	8
pc-scen014-ce08f8e934c040149efef07a6642ebb7c8912c5dcf62354be9a29e82543c0d6b	ce08f8e934c040149efef07a6642ebb7c8912c5dcf62354be9a29e82543c0d6b	30	20030	8
pc-scen014-ce08f8e934c040149efef07a6642ebb7c8912c5dcf62354be9a29e82543c0d6b	ce08f8e934c040149efef07a6642ebb7c8912c5dcf62354be9a29e82543c0d6b	31	20031	9
pc-scen014-ce08f8e934c040149efef07a6642ebb7c8912c5dcf62354be9a29e82543c0d6b	ce08f8e934c040149efef07a6642ebb7c8912c5dcf62354be9a29e82543c0d6b	32	20032	9
pc-scen014-ce08f8e934c040149efef07a6642ebb7c8912c5dcf62354be9a29e82543c0d6b	ce08f8e934c040149efef07a6642ebb7c8912c5dcf62354be9a29e82543c0d6b	33	20033	9
pc-scen014-ce08f8e934c040149efef07a6642ebb7c8912c5dcf62354be9a29e82543c0d6b	ce08f8e934c040149efef07a6642ebb7c8912c5dcf62354be9a29e82543c0d6b	34	20034	9
pc-scen014-ce08f8e934c040149efef07a6642ebb7c8912c5dcf62354be9a29e82543c0d6b	ce08f8e934c040149efef07a6642ebb7c8912c5dcf62354be9a29e82543c0d6b	35	20035	10
pc-scen014-ce08f8e934c040149efef07a6642ebb7c8912c5dcf62354be9a29e82543c0d6b	ce08f8e934c040149efef07a6642ebb7c8912c5dcf62354be9a29e82543c0d6b	36	20036	10
pc-scen014-ce08f8e934c040149efef07a6642ebb7c8912c5dcf62354be9a29e82543c0d6b	ce08f8e934c040149efef07a6642ebb7c8912c5dcf62354be9a29e82543c0d6b	37	20037	10
pc-scen014-ce08f8e934c040149efef07a6642ebb7c8912c5dcf62354be9a29e82543c0d6b	ce08f8e934c040149efef07a6642ebb7c8912c5dcf62354be9a29e82543c0d6b	38	20038	10
pc-scen014-ce08f8e934c040149efef07a6642ebb7c8912c5dcf62354be9a29e82543c0d6b	ce08f8e934c040149efef07a6642ebb7c8912c5dcf62354be9a29e82543c0d6b	39	20039	10
pc-scen014-ce08f8e934c040149efef07a6642ebb7c8912c5dcf62354be9a29e82543c0d6b	ce08f8e934c040149efef07a6642ebb7c8912c5dcf62354be9a29e82543c0d6b	40	20040	11
pc-scen014-ce08f8e934c040149efef07a6642ebb7c8912c5dcf62354be9a29e82543c0d6b	ce08f8e934c040149efef07a6642ebb7c8912c5dcf62354be9a29e82543c0d6b	41	20041	11
pc-scen015-5808a13b48bbd2ef665af3a2757851a6dbe6b2bd05bf02a4383a1e530f24ee8a	5808a13b48bbd2ef665af3a2757851a6dbe6b2bd05bf02a4383a1e530f24ee8a	0	20000	0
pc-scen015-5808a13b48bbd2ef665af3a2757851a6dbe6b2bd05bf02a4383a1e530f24ee8a	5808a13b48bbd2ef665af3a2757851a6dbe6b2bd05bf02a4383a1e530f24ee8a	1	20001	0
pc-scen015-5808a13b48bbd2ef665af3a2757851a6dbe6b2bd05bf02a4383a1e530f24ee8a	5808a13b48bbd2ef665af3a2757851a6dbe6b2bd05bf02a4383a1e530f24ee8a	2	20002	0
pc-scen015-5808a13b48bbd2ef665af3a2757851a6dbe6b2bd05bf02a4383a1e530f24ee8a	5808a13b48bbd2ef665af3a2757851a6dbe6b2bd05bf02a4383a1e530f24ee8a	3	20003	1
pc-scen015-5808a13b48bbd2ef665af3a2757851a6dbe6b2bd05bf02a4383a1e530f24ee8a	5808a13b48bbd2ef665af3a2757851a6dbe6b2bd05bf02a4383a1e530f24ee8a	4	20004	1
pc-scen015-5808a13b48bbd2ef665af3a2757851a6dbe6b2bd05bf02a4383a1e530f24ee8a	5808a13b48bbd2ef665af3a2757851a6dbe6b2bd05bf02a4383a1e530f24ee8a	5	20005	1
pc-scen015-5808a13b48bbd2ef665af3a2757851a6dbe6b2bd05bf02a4383a1e530f24ee8a	5808a13b48bbd2ef665af3a2757851a6dbe6b2bd05bf02a4383a1e530f24ee8a	6	20006	1
pc-scen015-5808a13b48bbd2ef665af3a2757851a6dbe6b2bd05bf02a4383a1e530f24ee8a	5808a13b48bbd2ef665af3a2757851a6dbe6b2bd05bf02a4383a1e530f24ee8a	7	20007	2
pc-scen015-5808a13b48bbd2ef665af3a2757851a6dbe6b2bd05bf02a4383a1e530f24ee8a	5808a13b48bbd2ef665af3a2757851a6dbe6b2bd05bf02a4383a1e530f24ee8a	8	20008	2
pc-scen015-5808a13b48bbd2ef665af3a2757851a6dbe6b2bd05bf02a4383a1e530f24ee8a	5808a13b48bbd2ef665af3a2757851a6dbe6b2bd05bf02a4383a1e530f24ee8a	9	20009	2
pc-scen015-5808a13b48bbd2ef665af3a2757851a6dbe6b2bd05bf02a4383a1e530f24ee8a	5808a13b48bbd2ef665af3a2757851a6dbe6b2bd05bf02a4383a1e530f24ee8a	10	20010	2
pc-scen015-5808a13b48bbd2ef665af3a2757851a6dbe6b2bd05bf02a4383a1e530f24ee8a	5808a13b48bbd2ef665af3a2757851a6dbe6b2bd05bf02a4383a1e530f24ee8a	11	20011	3
pc-scen015-5808a13b48bbd2ef665af3a2757851a6dbe6b2bd05bf02a4383a1e530f24ee8a	5808a13b48bbd2ef665af3a2757851a6dbe6b2bd05bf02a4383a1e530f24ee8a	12	20012	3
pc-scen015-5808a13b48bbd2ef665af3a2757851a6dbe6b2bd05bf02a4383a1e530f24ee8a	5808a13b48bbd2ef665af3a2757851a6dbe6b2bd05bf02a4383a1e530f24ee8a	13	20013	3
pc-scen015-5808a13b48bbd2ef665af3a2757851a6dbe6b2bd05bf02a4383a1e530f24ee8a	5808a13b48bbd2ef665af3a2757851a6dbe6b2bd05bf02a4383a1e530f24ee8a	14	20014	3
pc-scen015-5808a13b48bbd2ef665af3a2757851a6dbe6b2bd05bf02a4383a1e530f24ee8a	5808a13b48bbd2ef665af3a2757851a6dbe6b2bd05bf02a4383a1e530f24ee8a	15	20015	4
pc-scen015-5808a13b48bbd2ef665af3a2757851a6dbe6b2bd05bf02a4383a1e530f24ee8a	5808a13b48bbd2ef665af3a2757851a6dbe6b2bd05bf02a4383a1e530f24ee8a	16	20016	5
pc-scen015-5808a13b48bbd2ef665af3a2757851a6dbe6b2bd05bf02a4383a1e530f24ee8a	5808a13b48bbd2ef665af3a2757851a6dbe6b2bd05bf02a4383a1e530f24ee8a	17	20017	5
pc-scen015-5808a13b48bbd2ef665af3a2757851a6dbe6b2bd05bf02a4383a1e530f24ee8a	5808a13b48bbd2ef665af3a2757851a6dbe6b2bd05bf02a4383a1e530f24ee8a	18	20018	5
pc-scen015-5808a13b48bbd2ef665af3a2757851a6dbe6b2bd05bf02a4383a1e530f24ee8a	5808a13b48bbd2ef665af3a2757851a6dbe6b2bd05bf02a4383a1e530f24ee8a	19	20019	6
pc-scen015-5808a13b48bbd2ef665af3a2757851a6dbe6b2bd05bf02a4383a1e530f24ee8a	5808a13b48bbd2ef665af3a2757851a6dbe6b2bd05bf02a4383a1e530f24ee8a	20	20020	6
pc-scen015-5808a13b48bbd2ef665af3a2757851a6dbe6b2bd05bf02a4383a1e530f24ee8a	5808a13b48bbd2ef665af3a2757851a6dbe6b2bd05bf02a4383a1e530f24ee8a	21	20021	6
pc-scen015-5808a13b48bbd2ef665af3a2757851a6dbe6b2bd05bf02a4383a1e530f24ee8a	5808a13b48bbd2ef665af3a2757851a6dbe6b2bd05bf02a4383a1e530f24ee8a	22	20022	7
pc-scen015-5808a13b48bbd2ef665af3a2757851a6dbe6b2bd05bf02a4383a1e530f24ee8a	5808a13b48bbd2ef665af3a2757851a6dbe6b2bd05bf02a4383a1e530f24ee8a	23	20023	7
pc-scen015-5808a13b48bbd2ef665af3a2757851a6dbe6b2bd05bf02a4383a1e530f24ee8a	5808a13b48bbd2ef665af3a2757851a6dbe6b2bd05bf02a4383a1e530f24ee8a	24	20024	7
pc-scen015-5808a13b48bbd2ef665af3a2757851a6dbe6b2bd05bf02a4383a1e530f24ee8a	5808a13b48bbd2ef665af3a2757851a6dbe6b2bd05bf02a4383a1e530f24ee8a	25	20025	7
pc-scen015-5808a13b48bbd2ef665af3a2757851a6dbe6b2bd05bf02a4383a1e530f24ee8a	5808a13b48bbd2ef665af3a2757851a6dbe6b2bd05bf02a4383a1e530f24ee8a	26	20026	7
pc-scen015-5808a13b48bbd2ef665af3a2757851a6dbe6b2bd05bf02a4383a1e530f24ee8a	5808a13b48bbd2ef665af3a2757851a6dbe6b2bd05bf02a4383a1e530f24ee8a	27	20027	8
pc-scen015-5808a13b48bbd2ef665af3a2757851a6dbe6b2bd05bf02a4383a1e530f24ee8a	5808a13b48bbd2ef665af3a2757851a6dbe6b2bd05bf02a4383a1e530f24ee8a	28	20028	8
pc-scen015-5808a13b48bbd2ef665af3a2757851a6dbe6b2bd05bf02a4383a1e530f24ee8a	5808a13b48bbd2ef665af3a2757851a6dbe6b2bd05bf02a4383a1e530f24ee8a	29	20029	8
pc-scen015-5808a13b48bbd2ef665af3a2757851a6dbe6b2bd05bf02a4383a1e530f24ee8a	5808a13b48bbd2ef665af3a2757851a6dbe6b2bd05bf02a4383a1e530f24ee8a	30	20030	8
pc-scen015-5808a13b48bbd2ef665af3a2757851a6dbe6b2bd05bf02a4383a1e530f24ee8a	5808a13b48bbd2ef665af3a2757851a6dbe6b2bd05bf02a4383a1e530f24ee8a	31	20031	9
pc-scen015-5808a13b48bbd2ef665af3a2757851a6dbe6b2bd05bf02a4383a1e530f24ee8a	5808a13b48bbd2ef665af3a2757851a6dbe6b2bd05bf02a4383a1e530f24ee8a	32	20032	9
pc-scen015-5808a13b48bbd2ef665af3a2757851a6dbe6b2bd05bf02a4383a1e530f24ee8a	5808a13b48bbd2ef665af3a2757851a6dbe6b2bd05bf02a4383a1e530f24ee8a	33	20033	9
pc-scen015-5808a13b48bbd2ef665af3a2757851a6dbe6b2bd05bf02a4383a1e530f24ee8a	5808a13b48bbd2ef665af3a2757851a6dbe6b2bd05bf02a4383a1e530f24ee8a	34	20034	9
pc-scen015-5808a13b48bbd2ef665af3a2757851a6dbe6b2bd05bf02a4383a1e530f24ee8a	5808a13b48bbd2ef665af3a2757851a6dbe6b2bd05bf02a4383a1e530f24ee8a	35	20035	10
pc-scen015-5808a13b48bbd2ef665af3a2757851a6dbe6b2bd05bf02a4383a1e530f24ee8a	5808a13b48bbd2ef665af3a2757851a6dbe6b2bd05bf02a4383a1e530f24ee8a	36	20036	10
pc-scen015-5808a13b48bbd2ef665af3a2757851a6dbe6b2bd05bf02a4383a1e530f24ee8a	5808a13b48bbd2ef665af3a2757851a6dbe6b2bd05bf02a4383a1e530f24ee8a	37	20037	10
pc-scen015-5808a13b48bbd2ef665af3a2757851a6dbe6b2bd05bf02a4383a1e530f24ee8a	5808a13b48bbd2ef665af3a2757851a6dbe6b2bd05bf02a4383a1e530f24ee8a	38	20038	10
pc-scen015-5808a13b48bbd2ef665af3a2757851a6dbe6b2bd05bf02a4383a1e530f24ee8a	5808a13b48bbd2ef665af3a2757851a6dbe6b2bd05bf02a4383a1e530f24ee8a	39	20039	10
pc-scen015-5808a13b48bbd2ef665af3a2757851a6dbe6b2bd05bf02a4383a1e530f24ee8a	5808a13b48bbd2ef665af3a2757851a6dbe6b2bd05bf02a4383a1e530f24ee8a	40	20040	11
pc-scen015-5808a13b48bbd2ef665af3a2757851a6dbe6b2bd05bf02a4383a1e530f24ee8a	5808a13b48bbd2ef665af3a2757851a6dbe6b2bd05bf02a4383a1e530f24ee8a	41	20041	11
