# PDU-ITEM-1 source native item definitions; exact raw-name/type/value identity join
0	pc-scen000-843abd9f9702618fc95223b0993454252645e926c2d2a10e9384c411551e643c	843abd9f9702618fc95223b0993454252645e926c2d2a10e9384c411551e643c	0	item-000	a8aaa8dfb0a8	赤兔馬	0	30	7988b689a4bb91ea4f29efc45570cb094c10336bcd4904486ac5d0e04cae457f	427e8c5da904c6f5b474ce75f76329e99549ae03e9bdad0b5cb084194d5dbaf4
0	pc-scen000-843abd9f9702618fc95223b0993454252645e926c2d2a10e9384c411551e643c	843abd9f9702618fc95223b0993454252645e926c2d2a10e9384c411551e643c	1	item-001	aababf63	的盧	0	15	d682a2deee0eb1dd0659d80358220c553cd0448b2e4321795333b5210de3a070	427e8c5da904c6f5b474ce75f76329e99549ae03e9bdad0b5cb084194d5dbaf4
0	pc-scen000-843abd9f9702618fc95223b0993454252645e926c2d2a10e9384c411551e643c	843abd9f9702618fc95223b0993454252645e926c2d2a10e9384c411551e643c	2	item-002	a4f6b6c0adb8b971	爪黃飛電	0	10	101c8d82654ab173f991383e760867438c79b2fb95e614985a93dfad85eee15f	427e8c5da904c6f5b474ce75f76329e99549ae03e9bdad0b5cb084194d5dbaf4
0	pc-scen000-843abd9f9702618fc95223b0993454252645e926c2d2a10e9384c411551e643c	843abd9f9702618fc95223b0993454252645e926c2d2a10e9384c411551e643c	3	item-003	b5b4bc76	絕影	0	10	25e0cc7b53098531684746bf95dca6835ac7a4f65ac409ffc1dfae3f505b697d	427e8c5da904c6f5b474ce75f76329e99549ae03e9bdad0b5cb084194d5dbaf4
0	pc-scen000-843abd9f9702618fc95223b0993454252645e926c2d2a10e9384c411551e643c	843abd9f9702618fc95223b0993454252645e926c2d2a10e9384c411551e643c	4	item-004	a46aa97bb0a8	大宛馬	0	8	fe86fd2621ebe064ef0cf7020e09142ac7d9672a867eab90f926d8f13f4d7f5b	427e8c5da904c6f5b474ce75f76329e99549ae03e9bdad0b5cb084194d5dbaf4
0	pc-scen000-843abd9f9702618fc95223b0993454252645e926c2d2a10e9384c411551e643c	843abd9f9702618fc95223b0993454252645e926c2d2a10e9384c411551e643c	5	item-005	a46aa97bb0a8	大宛馬	0	8	4dbd2b101704ddbbeb111a5fb8fe6bbc3c137ef1756b42931f36476d9690d3e7	427e8c5da904c6f5b474ce75f76329e99549ae03e9bdad0b5cb084194d5dbaf4
0	pc-scen000-843abd9f9702618fc95223b0993454252645e926c2d2a10e9384c411551e643c	843abd9f9702618fc95223b0993454252645e926c2d2a10e9384c411551e643c	6	item-006	a46aa97bb0a8	大宛馬	0	8	83f2ae19632688828e7cfadd7c0daa1c623b99a3500eb7a3a26b7922780e7edb	427e8c5da904c6f5b474ce75f76329e99549ae03e9bdad0b5cb084194d5dbaf4
0	pc-scen000-843abd9f9702618fc95223b0993454252645e926c2d2a10e9384c411551e643c	843abd9f9702618fc95223b0993454252645e926c2d2a10e9384c411551e643c	7	item-007	a443ac50c45fa44d	七星寶刀	1	20	923bab06f54d857456d5ca2bcdcf6ece124c269c833d9cc5eb9227f05ba287d6	427e8c5da904c6f5b474ce75f76329e99549ae03e9bdad0b5cb084194d5dbaf4
0	pc-scen000-843abd9f9702618fc95223b0993454252645e926c2d2a10e9384c411551e643c	843abd9f9702618fc95223b0993454252645e926c2d2a10e9384c411551e643c	8	item-008	adcaa4d1bc43	倚天劍	1	12	4f6a118bf801a8cf890e5ccba345ae00d40c7eb91537807abb4b6b9e273dc5ae	427e8c5da904c6f5b474ce75f76329e99549ae03e9bdad0b5cb084194d5dbaf4
0	pc-scen000-843abd9f9702618fc95223b0993454252645e926c2d2a10e9384c411551e643c	843abd9f9702618fc95223b0993454252645e926c2d2a10e9384c411551e643c	9	item-009	ab43b3aabc43	青釭劍	1	12	07b06bc2040506e1281a4b80c6c300b22784c92458b3744258938dd4771338d8	427e8c5da904c6f5b474ce75f76329e99549ae03e9bdad0b5cb084194d5dbaf4
0	pc-scen000-843abd9f9702618fc95223b0993454252645e926c2d2a10e9384c411551e643c	843abd9f9702618fc95223b0993454252645e926c2d2a10e9384c411551e643c	10	item-010	bbdbb6afa440b9efbc43	雌雄一對劍	1	12	15869e06f0ec984658cf70634db24029e1b8271b14d673d3d3c1a73c22e04cda	427e8c5da904c6f5b474ce75f76329e99549ae03e9bdad0b5cb084194d5dbaf4
0	pc-scen000-843abd9f9702618fc95223b0993454252645e926c2d2a10e9384c411551e643c	843abd9f9702618fc95223b0993454252645e926c2d2a10e9384c411551e643c	11	item-011	a4e8a4d1b565b475	方天畫戟	2	18	ef3ddc1f23417fc31131677ec7c20e47e9f6b47904c67d489fe3b1dc40dbecf8	427e8c5da904c6f5b474ce75f76329e99549ae03e9bdad0b5cb084194d5dbaf4
0	pc-scen000-843abd9f9702618fc95223b0993454252645e926c2d2a10e9384c411551e643c	843abd9f9702618fc95223b0993454252645e926c2d2a10e9384c411551e643c	12	item-012	ab43c073b0b3a4eba44d	青龍偃月刀	2	18	0a5080409208533f25208e0c12328210ccd301f0aa49d471d0809f50a20144cc	427e8c5da904c6f5b474ce75f76329e99549ae03e9bdad0b5cb084194d5dbaf4
0	pc-scen000-843abd9f9702618fc95223b0993454252645e926c2d2a10e9384c411551e643c	843abd9f9702618fc95223b0993454252645e926c2d2a10e9384c411551e643c	13	item-013	b344a5d9	蛇矛	2	18	1770210c7f478684e23ed9c50e30b892baa258d676fb4a2d2d7860eb0de04416	427e8c5da904c6f5b474ce75f76329e99549ae03e9bdad0b5cb084194d5dbaf4
0	pc-scen000-843abd9f9702618fc95223b0993454252645e926c2d2a10e9384c411551e643c	843abd9f9702618fc95223b0993454252645e926c2d2a10e9384c411551e643c	14	item-014	ac79ac50c2f1	流星鎚	3	7	92e15648efe750fe003ab1263541e5bfc72cc78f66efd1a03ce12c215bc6591b	427e8c5da904c6f5b474ce75f76329e99549ae03e9bdad0b5cb084194d5dbaf4
0	pc-scen000-843abd9f9702618fc95223b0993454252645e926c2d2a10e9384c411551e643c	843abd9f9702618fc95223b0993454252645e926c2d2a10e9384c411551e643c	15	item-015	adb8a44d	飛刀	3	5	37def8af285103ca0ecd53b3e8536f336ed36fd8c18eda7fc1f45e8f94c7c94b	427e8c5da904c6f5b474ce75f76329e99549ae03e9bdad0b5cb084194d5dbaf4
0	pc-scen000-843abd9f9702618fc95223b0993454252645e926c2d2a10e9384c411551e643c	843abd9f9702618fc95223b0993454252645e926c2d2a10e9384c411551e643c	16	item-016	adb8a44d	飛刀	3	5	8f8dddaa33d90557a332d0da5874f6c64865c67c6124a6a1a6c563ddb686e342	427e8c5da904c6f5b474ce75f76329e99549ae03e9bdad0b5cb084194d5dbaf4
0	pc-scen000-843abd9f9702618fc95223b0993454252645e926c2d2a10e9384c411551e643c	843abd9f9702618fc95223b0993454252645e926c2d2a10e9384c411551e643c	17	item-017	b575b475	短戟	3	4	63ef97a25837b530adce718d3a99e8fdb62f4f43e75c4b02a9e17a5466de83fa	427e8c5da904c6f5b474ce75f76329e99549ae03e9bdad0b5cb084194d5dbaf4
0	pc-scen000-843abd9f9702618fc95223b0993454252645e926c2d2a10e9384c411551e643c	843abd9f9702618fc95223b0993454252645e926c2d2a10e9384c411551e643c	18	item-018	b575b475	短戟	3	4	96b219b1d5bf3976598f45986518b8e77501e2c4c1ba119c65ca734142bfba82	427e8c5da904c6f5b474ce75f76329e99549ae03e9bdad0b5cb084194d5dbaf4
0	pc-scen000-843abd9f9702618fc95223b0993454252645e926c2d2a10e9384c411551e643c	843abd9f9702618fc95223b0993454252645e926c2d2a10e9384c411551e643c	19	item-019	a4e2b475	手戟	3	3	3fa3bb3bb2fef99d27879415bf3213fe69676245d894f5e2c15d88d8a4f2c30f	427e8c5da904c6f5b474ce75f76329e99549ae03e9bdad0b5cb084194d5dbaf4
0	pc-scen000-843abd9f9702618fc95223b0993454252645e926c2d2a10e9384c411551e643c	843abd9f9702618fc95223b0993454252645e926c2d2a10e9384c411551e643c	20	item-020	a4e2b475	手戟	3	3	1a9ff95ebdc84745555384b0d0442e11563c53d7eaca2a2afc2e37a64d25a4cb	427e8c5da904c6f5b474ce75f76329e99549ae03e9bdad0b5cb084194d5dbaf4
0	pc-scen000-843abd9f9702618fc95223b0993454252645e926c2d2a10e9384c411551e643c	843abd9f9702618fc95223b0993454252645e926c2d2a10e9384c411551e643c	21	item-021	c54bc2ea	鐵鎖	3	6	f774e62f5b3331a406fb22eafa693595b31d5eedc4965bf04d2a1dde9cc1b24a	427e8c5da904c6f5b474ce75f76329e99549ae03e9bdad0b5cb084194d5dbaf4
0	pc-scen000-843abd9f9702618fc95223b0993454252645e926c2d2a10e9384c411551e643c	843abd9f9702618fc95223b0993454252645e926c2d2a10e9384c411551e643c	22	item-022	be69a5d1b0f2a47d	養由基弓	4	20	80cff19423ec9433d181ca8605ce0a2d7793b5b289caeff351c7bc3f95328a87	427e8c5da904c6f5b474ce75f76329e99549ae03e9bdad0b5cb084194d5dbaf4
0	pc-scen000-843abd9f9702618fc95223b0993454252645e926c2d2a10e9384c411551e643c	843abd9f9702618fc95223b0993454252645e926c2d2a10e9384c411551e643c	23	item-023	a7f5bc73a47d	李廣弓	4	18	c5585aba8fefc0c0a8fafa0cd0a8e35d05fe952112ab2d59346f212d48da8655	427e8c5da904c6f5b474ce75f76329e99549ae03e9bdad0b5cb084194d5dbaf4
0	pc-scen000-843abd9f9702618fc95223b0993454252645e926c2d2a10e9384c411551e643c	843abd9f9702618fc95223b0993454252645e926c2d2a10e9384c411551e643c	24	item-024	c0c8a47d	檀弓	4	8	e576f65c35e1d458654baf21075bbe06eca65cb7eab91b8ddbe49e57fd3653c9	427e8c5da904c6f5b474ce75f76329e99549ae03e9bdad0b5cb084194d5dbaf4
0	pc-scen000-843abd9f9702618fc95223b0993454252645e926c2d2a10e9384c411551e643c	843abd9f9702618fc95223b0993454252645e926c2d2a10e9384c411551e643c	25	item-025	c0c8a47d	檀弓	4	8	601cc7d1a32e8e881aedccdfed8d27915f6a0126147399d6adb0aa4c22e682df	427e8c5da904c6f5b474ce75f76329e99549ae03e9bdad0b5cb084194d5dbaf4
0	pc-scen000-843abd9f9702618fc95223b0993454252645e926c2d2a10e9384c411551e643c	843abd9f9702618fc95223b0993454252645e926c2d2a10e9384c411551e643c	26	item-026	aa46ad4aadb8a47d	東胡飛弓	4	8	274593094f44b1391b9faf6f219d6ac024ad6ac97d21fa8d688a8e8802764541	427e8c5da904c6f5b474ce75f76329e99549ae03e9bdad0b5cb084194d5dbaf4
0	pc-scen000-843abd9f9702618fc95223b0993454252645e926c2d2a10e9384c411551e643c	843abd9f9702618fc95223b0993454252645e926c2d2a10e9384c411551e643c	27	item-027	aa46ad4aadb8a47d	東胡飛弓	4	8	a9daea3f89f65b14a906969cb201aed5ca495fe964ce03a516c5273a4d31cd2a	427e8c5da904c6f5b474ce75f76329e99549ae03e9bdad0b5cb084194d5dbaf4
0	pc-scen000-843abd9f9702618fc95223b0993454252645e926c2d2a10e9384c411551e643c	843abd9f9702618fc95223b0993454252645e926c2d2a10e9384c411551e643c	28	item-028	b8e7a47d	貊弓	4	8	0e2c9d811137f679e90113af57fcb9889934042513ea39f2f82bad23ae7238aa	427e8c5da904c6f5b474ce75f76329e99549ae03e9bdad0b5cb084194d5dbaf4
0	pc-scen000-843abd9f9702618fc95223b0993454252645e926c2d2a10e9384c411551e643c	843abd9f9702618fc95223b0993454252645e926c2d2a10e9384c411551e643c	29	item-029	b8e7a47d	貊弓	4	8	1c242505b7b2103e8916cd81b166a339aadf822d9f9436cc2704bd21e2c37b90	427e8c5da904c6f5b474ce75f76329e99549ae03e9bdad0b5cb084194d5dbaf4
0	pc-scen000-843abd9f9702618fc95223b0993454252645e926c2d2a10e9384c411551e643c	843abd9f9702618fc95223b0993454252645e926c2d2a10e9384c411551e643c	30	item-030	ae5da46ca74caa6b	孫子兵法	5	30	83b8d3e143712216175d7063b0d73363aa56f5e9344a215f9a114e7bded8a48a	427e8c5da904c6f5b474ce75f76329e99549ae03e9bdad0b5cb084194d5dbaf4
0	pc-scen000-843abd9f9702618fc95223b0993454252645e926c2d2a10e9384c411551e643c	843abd9f9702618fc95223b0993454252645e926c2d2a10e9384c411551e643c	31	item-031	a74caa6ba447a451a57cbd67	兵法二十四篇	5	20	84c0d1d9c16a3acaf4150ea6fe1628f663bc385318a397c4ad1b307316f3f31b	427e8c5da904c6f5b474ce75f76329e99549ae03e9bdad0b5cb084194d5dbaf4
0	pc-scen000-843abd9f9702618fc95223b0993454252645e926c2d2a10e9384c411551e643c	843abd9f9702618fc95223b0993454252645e926c2d2a10e9384c411551e643c	32	item-032	a973bc77b773aed1	孟德新書	5	20	4498999aff35c5621a3f24cabb6d2207755f54c506bb18491955b0b003c341a3	427e8c5da904c6f5b474ce75f76329e99549ae03e9bdad0b5cb084194d5dbaf4
0	pc-scen000-843abd9f9702618fc95223b0993454252645e926c2d2a10e9384c411551e643c	843abd9f9702618fc95223b0993454252645e926c2d2a10e9384c411551e643c	33	item-033	a4bbc3fc	六韜	5	18	c7de34e40f6e392fe43c7ee06b17eadb0fe8447b6b8f2bffd97f4211b94c8995	427e8c5da904c6f5b474ce75f76329e99549ae03e9bdad0b5cb084194d5dbaf4
0	pc-scen000-843abd9f9702618fc95223b0993454252645e926c2d2a10e9384c411551e643c	843abd9f9702618fc95223b0993454252645e926c2d2a10e9384c411551e643c	34	item-034	a454b2a4	三略	5	18	090b613b7e9f10ccd4cc32e086b01cdecb106dd8d0da69e7c0fdec9275a058aa	427e8c5da904c6f5b474ce75f76329e99549ae03e9bdad0b5cb084194d5dbaf4
0	pc-scen000-843abd9f9702618fc95223b0993454252645e926c2d2a10e9384c411551e643c	843abd9f9702618fc95223b0993454252645e926c2d2a10e9384c411551e643c	35	item-035	a764a46c	吳子	5	15	41c13ba2b96e7dfa5d16393fdd4160ab7a1a2c25a4d87032ddd0eb98434c4858	427e8c5da904c6f5b474ce75f76329e99549ae03e9bdad0b5cb084194d5dbaf4
0	pc-scen000-843abd9f9702618fc95223b0993454252645e926c2d2a10e9384c411551e643c	843abd9f9702618fc95223b0993454252645e926c2d2a10e9384c411551e643c	36	item-036	b14cc2b7a46c	尉繚子	5	15	b531b9be1bfdc7127d8dbf15cb6cb563d91b4ec0fb6b2f4475ad05fcc79d44ef	427e8c5da904c6f5b474ce75f76329e99549ae03e9bdad0b5cb084194d5dbaf4
0	pc-scen000-843abd9f9702618fc95223b0993454252645e926c2d2a10e9384c411551e643c	843abd9f9702618fc95223b0993454252645e926c2d2a10e9384c411551e643c	37	item-037	bed4b0eab5a6	戰國策	5	15	a121b16db44f07f1f284918e0b1a2e01c86185395f09344a43d7a30e4fdb068b	427e8c5da904c6f5b474ce75f76329e99549ae03e9bdad0b5cb084194d5dbaf4
0	pc-scen000-843abd9f9702618fc95223b0993454252645e926c2d2a10e9384c411551e643c	843abd9f9702618fc95223b0993454252645e926c2d2a10e9384c411551e643c	38	item-038	a571b0a8aa6b	司馬法	5	12	51e7016318eb938cdfffd51ab29fa851fe651817ab4448084af7b93e030049ec	427e8c5da904c6f5b474ce75f76329e99549ae03e9bdad0b5cb084194d5dbaf4
0	pc-scen000-843abd9f9702618fc95223b0993454252645e926c2d2a10e9384c411551e643c	843abd9f9702618fc95223b0993454252645e926c2d2a10e9384c411551e643c	39	item-039	bea5a46c	墨子	5	12	b224e3d71ed456f3b51b2b8a36b1b2296dfc72bfc5fd395fbde2abc1a8033047	427e8c5da904c6f5b474ce75f76329e99549ae03e9bdad0b5cb084194d5dbaf4
0	pc-scen000-843abd9f9702618fc95223b0993454252645e926c2d2a10e9384c411551e643c	843abd9f9702618fc95223b0993454252645e926c2d2a10e9384c411551e643c	40	item-040	a4d3a5adad6eb34e	太平要術	5	20	3ae5cdc73d8bececbe184a361e473b6611578d3e40950b3e1260d5fa30291ff4	427e8c5da904c6f5b474ce75f76329e99549ae03e9bdad0b5cb084194d5dbaf4
0	pc-scen000-843abd9f9702618fc95223b0993454252645e926c2d2a10e9384c411551e643c	843abd9f9702618fc95223b0993454252645e926c2d2a10e9384c411551e643c	41	item-041	a5c9c3a2	玉璽	6	50	f6c45062caa075b894bfb4a4628fc43fc9738c83d69dce9778d81f147968c996	427e8c5da904c6f5b474ce75f76329e99549ae03e9bdad0b5cb084194d5dbaf4
0	pc-scen000-843abd9f9702618fc95223b0993454252645e926c2d2a10e9384c411551e643c	843abd9f9702618fc95223b0993454252645e926c2d2a10e9384c411551e643c	42	item-042	bbc9b3b6	銅雀	7	50	0beb379476db5f744279e3bdfe756a0e826b1a0b8c8bc71a91ad4e825874d23a	427e8c5da904c6f5b474ce75f76329e99549ae03e9bdad0b5cb084194d5dbaf4
1	pc-scen001-aa3b9ef428ad2b2543bea62145ab6257ecbdf0dc8ff801253bcec3496c1158ae	aa3b9ef428ad2b2543bea62145ab6257ecbdf0dc8ff801253bcec3496c1158ae	0	item-000	a8aaa8dfb0a8	赤兔馬	0	30	71aa901a78f926953fb6c4495d71c4939d0ea89b69f81a19ec90986f4bc56662	7b6448942d336ca5f0ecb39005692b53a338928daece51e5711aca897fe1f12a
1	pc-scen001-aa3b9ef428ad2b2543bea62145ab6257ecbdf0dc8ff801253bcec3496c1158ae	aa3b9ef428ad2b2543bea62145ab6257ecbdf0dc8ff801253bcec3496c1158ae	1	item-001	aababf63	的盧	0	15	d682a2deee0eb1dd0659d80358220c553cd0448b2e4321795333b5210de3a070	7b6448942d336ca5f0ecb39005692b53a338928daece51e5711aca897fe1f12a
1	pc-scen001-aa3b9ef428ad2b2543bea62145ab6257ecbdf0dc8ff801253bcec3496c1158ae	aa3b9ef428ad2b2543bea62145ab6257ecbdf0dc8ff801253bcec3496c1158ae	2	item-002	a4f6b6c0adb8b971	爪黃飛電	0	10	101c8d82654ab173f991383e760867438c79b2fb95e614985a93dfad85eee15f	7b6448942d336ca5f0ecb39005692b53a338928daece51e5711aca897fe1f12a
1	pc-scen001-aa3b9ef428ad2b2543bea62145ab6257ecbdf0dc8ff801253bcec3496c1158ae	aa3b9ef428ad2b2543bea62145ab6257ecbdf0dc8ff801253bcec3496c1158ae	3	item-003	b5b4bc76	絕影	0	10	25e0cc7b53098531684746bf95dca6835ac7a4f65ac409ffc1dfae3f505b697d	7b6448942d336ca5f0ecb39005692b53a338928daece51e5711aca897fe1f12a
1	pc-scen001-aa3b9ef428ad2b2543bea62145ab6257ecbdf0dc8ff801253bcec3496c1158ae	aa3b9ef428ad2b2543bea62145ab6257ecbdf0dc8ff801253bcec3496c1158ae	4	item-004	a46aa97bb0a8	大宛馬	0	8	fe86fd2621ebe064ef0cf7020e09142ac7d9672a867eab90f926d8f13f4d7f5b	7b6448942d336ca5f0ecb39005692b53a338928daece51e5711aca897fe1f12a
1	pc-scen001-aa3b9ef428ad2b2543bea62145ab6257ecbdf0dc8ff801253bcec3496c1158ae	aa3b9ef428ad2b2543bea62145ab6257ecbdf0dc8ff801253bcec3496c1158ae	5	item-005	a46aa97bb0a8	大宛馬	0	8	4dbd2b101704ddbbeb111a5fb8fe6bbc3c137ef1756b42931f36476d9690d3e7	7b6448942d336ca5f0ecb39005692b53a338928daece51e5711aca897fe1f12a
1	pc-scen001-aa3b9ef428ad2b2543bea62145ab6257ecbdf0dc8ff801253bcec3496c1158ae	aa3b9ef428ad2b2543bea62145ab6257ecbdf0dc8ff801253bcec3496c1158ae	6	item-006	a46aa97bb0a8	大宛馬	0	8	83f2ae19632688828e7cfadd7c0daa1c623b99a3500eb7a3a26b7922780e7edb	7b6448942d336ca5f0ecb39005692b53a338928daece51e5711aca897fe1f12a
1	pc-scen001-aa3b9ef428ad2b2543bea62145ab6257ecbdf0dc8ff801253bcec3496c1158ae	aa3b9ef428ad2b2543bea62145ab6257ecbdf0dc8ff801253bcec3496c1158ae	7	item-007	a443ac50c45fa44d	七星寶刀	1	20	f543dca66fddb20df6c86c3991952f6a8ce010e22eeb6f208e2c2d6750bc5319	7b6448942d336ca5f0ecb39005692b53a338928daece51e5711aca897fe1f12a
1	pc-scen001-aa3b9ef428ad2b2543bea62145ab6257ecbdf0dc8ff801253bcec3496c1158ae	aa3b9ef428ad2b2543bea62145ab6257ecbdf0dc8ff801253bcec3496c1158ae	8	item-008	adcaa4d1bc43	倚天劍	1	12	4f6a118bf801a8cf890e5ccba345ae00d40c7eb91537807abb4b6b9e273dc5ae	7b6448942d336ca5f0ecb39005692b53a338928daece51e5711aca897fe1f12a
1	pc-scen001-aa3b9ef428ad2b2543bea62145ab6257ecbdf0dc8ff801253bcec3496c1158ae	aa3b9ef428ad2b2543bea62145ab6257ecbdf0dc8ff801253bcec3496c1158ae	9	item-009	ab43b3aabc43	青釭劍	1	12	07b06bc2040506e1281a4b80c6c300b22784c92458b3744258938dd4771338d8	7b6448942d336ca5f0ecb39005692b53a338928daece51e5711aca897fe1f12a
1	pc-scen001-aa3b9ef428ad2b2543bea62145ab6257ecbdf0dc8ff801253bcec3496c1158ae	aa3b9ef428ad2b2543bea62145ab6257ecbdf0dc8ff801253bcec3496c1158ae	10	item-010	bbdbb6afa440b9efbc43	雌雄一對劍	1	12	15869e06f0ec984658cf70634db24029e1b8271b14d673d3d3c1a73c22e04cda	7b6448942d336ca5f0ecb39005692b53a338928daece51e5711aca897fe1f12a
1	pc-scen001-aa3b9ef428ad2b2543bea62145ab6257ecbdf0dc8ff801253bcec3496c1158ae	aa3b9ef428ad2b2543bea62145ab6257ecbdf0dc8ff801253bcec3496c1158ae	11	item-011	a4e8a4d1b565b475	方天畫戟	2	18	ef3ddc1f23417fc31131677ec7c20e47e9f6b47904c67d489fe3b1dc40dbecf8	7b6448942d336ca5f0ecb39005692b53a338928daece51e5711aca897fe1f12a
1	pc-scen001-aa3b9ef428ad2b2543bea62145ab6257ecbdf0dc8ff801253bcec3496c1158ae	aa3b9ef428ad2b2543bea62145ab6257ecbdf0dc8ff801253bcec3496c1158ae	12	item-012	ab43c073b0b3a4eba44d	青龍偃月刀	2	18	0a5080409208533f25208e0c12328210ccd301f0aa49d471d0809f50a20144cc	7b6448942d336ca5f0ecb39005692b53a338928daece51e5711aca897fe1f12a
1	pc-scen001-aa3b9ef428ad2b2543bea62145ab6257ecbdf0dc8ff801253bcec3496c1158ae	aa3b9ef428ad2b2543bea62145ab6257ecbdf0dc8ff801253bcec3496c1158ae	13	item-013	b344a5d9	蛇矛	2	18	1770210c7f478684e23ed9c50e30b892baa258d676fb4a2d2d7860eb0de04416	7b6448942d336ca5f0ecb39005692b53a338928daece51e5711aca897fe1f12a
1	pc-scen001-aa3b9ef428ad2b2543bea62145ab6257ecbdf0dc8ff801253bcec3496c1158ae	aa3b9ef428ad2b2543bea62145ab6257ecbdf0dc8ff801253bcec3496c1158ae	14	item-014	ac79ac50c2f1	流星鎚	3	7	92e15648efe750fe003ab1263541e5bfc72cc78f66efd1a03ce12c215bc6591b	7b6448942d336ca5f0ecb39005692b53a338928daece51e5711aca897fe1f12a
1	pc-scen001-aa3b9ef428ad2b2543bea62145ab6257ecbdf0dc8ff801253bcec3496c1158ae	aa3b9ef428ad2b2543bea62145ab6257ecbdf0dc8ff801253bcec3496c1158ae	15	item-015	adb8a44d	飛刀	3	5	37def8af285103ca0ecd53b3e8536f336ed36fd8c18eda7fc1f45e8f94c7c94b	7b6448942d336ca5f0ecb39005692b53a338928daece51e5711aca897fe1f12a
1	pc-scen001-aa3b9ef428ad2b2543bea62145ab6257ecbdf0dc8ff801253bcec3496c1158ae	aa3b9ef428ad2b2543bea62145ab6257ecbdf0dc8ff801253bcec3496c1158ae	16	item-016	adb8a44d	飛刀	3	5	8f8dddaa33d90557a332d0da5874f6c64865c67c6124a6a1a6c563ddb686e342	7b6448942d336ca5f0ecb39005692b53a338928daece51e5711aca897fe1f12a
1	pc-scen001-aa3b9ef428ad2b2543bea62145ab6257ecbdf0dc8ff801253bcec3496c1158ae	aa3b9ef428ad2b2543bea62145ab6257ecbdf0dc8ff801253bcec3496c1158ae	17	item-017	b575b475	短戟	3	4	63ef97a25837b530adce718d3a99e8fdb62f4f43e75c4b02a9e17a5466de83fa	7b6448942d336ca5f0ecb39005692b53a338928daece51e5711aca897fe1f12a
1	pc-scen001-aa3b9ef428ad2b2543bea62145ab6257ecbdf0dc8ff801253bcec3496c1158ae	aa3b9ef428ad2b2543bea62145ab6257ecbdf0dc8ff801253bcec3496c1158ae	18	item-018	b575b475	短戟	3	4	96b219b1d5bf3976598f45986518b8e77501e2c4c1ba119c65ca734142bfba82	7b6448942d336ca5f0ecb39005692b53a338928daece51e5711aca897fe1f12a
1	pc-scen001-aa3b9ef428ad2b2543bea62145ab6257ecbdf0dc8ff801253bcec3496c1158ae	aa3b9ef428ad2b2543bea62145ab6257ecbdf0dc8ff801253bcec3496c1158ae	19	item-019	a4e2b475	手戟	3	3	3fa3bb3bb2fef99d27879415bf3213fe69676245d894f5e2c15d88d8a4f2c30f	7b6448942d336ca5f0ecb39005692b53a338928daece51e5711aca897fe1f12a
1	pc-scen001-aa3b9ef428ad2b2543bea62145ab6257ecbdf0dc8ff801253bcec3496c1158ae	aa3b9ef428ad2b2543bea62145ab6257ecbdf0dc8ff801253bcec3496c1158ae	20	item-020	a4e2b475	手戟	3	3	1a9ff95ebdc84745555384b0d0442e11563c53d7eaca2a2afc2e37a64d25a4cb	7b6448942d336ca5f0ecb39005692b53a338928daece51e5711aca897fe1f12a
1	pc-scen001-aa3b9ef428ad2b2543bea62145ab6257ecbdf0dc8ff801253bcec3496c1158ae	aa3b9ef428ad2b2543bea62145ab6257ecbdf0dc8ff801253bcec3496c1158ae	21	item-021	c54bc2ea	鐵鎖	3	6	f774e62f5b3331a406fb22eafa693595b31d5eedc4965bf04d2a1dde9cc1b24a	7b6448942d336ca5f0ecb39005692b53a338928daece51e5711aca897fe1f12a
1	pc-scen001-aa3b9ef428ad2b2543bea62145ab6257ecbdf0dc8ff801253bcec3496c1158ae	aa3b9ef428ad2b2543bea62145ab6257ecbdf0dc8ff801253bcec3496c1158ae	22	item-022	be69a5d1b0f2a47d	養由基弓	4	20	80cff19423ec9433d181ca8605ce0a2d7793b5b289caeff351c7bc3f95328a87	7b6448942d336ca5f0ecb39005692b53a338928daece51e5711aca897fe1f12a
1	pc-scen001-aa3b9ef428ad2b2543bea62145ab6257ecbdf0dc8ff801253bcec3496c1158ae	aa3b9ef428ad2b2543bea62145ab6257ecbdf0dc8ff801253bcec3496c1158ae	23	item-023	a7f5bc73a47d	李廣弓	4	18	c5585aba8fefc0c0a8fafa0cd0a8e35d05fe952112ab2d59346f212d48da8655	7b6448942d336ca5f0ecb39005692b53a338928daece51e5711aca897fe1f12a
1	pc-scen001-aa3b9ef428ad2b2543bea62145ab6257ecbdf0dc8ff801253bcec3496c1158ae	aa3b9ef428ad2b2543bea62145ab6257ecbdf0dc8ff801253bcec3496c1158ae	24	item-024	c0c8a47d	檀弓	4	8	e576f65c35e1d458654baf21075bbe06eca65cb7eab91b8ddbe49e57fd3653c9	7b6448942d336ca5f0ecb39005692b53a338928daece51e5711aca897fe1f12a
1	pc-scen001-aa3b9ef428ad2b2543bea62145ab6257ecbdf0dc8ff801253bcec3496c1158ae	aa3b9ef428ad2b2543bea62145ab6257ecbdf0dc8ff801253bcec3496c1158ae	25	item-025	c0c8a47d	檀弓	4	8	601cc7d1a32e8e881aedccdfed8d27915f6a0126147399d6adb0aa4c22e682df	7b6448942d336ca5f0ecb39005692b53a338928daece51e5711aca897fe1f12a
1	pc-scen001-aa3b9ef428ad2b2543bea62145ab6257ecbdf0dc8ff801253bcec3496c1158ae	aa3b9ef428ad2b2543bea62145ab6257ecbdf0dc8ff801253bcec3496c1158ae	26	item-026	aa46ad4aadb8a47d	東胡飛弓	4	8	274593094f44b1391b9faf6f219d6ac024ad6ac97d21fa8d688a8e8802764541	7b6448942d336ca5f0ecb39005692b53a338928daece51e5711aca897fe1f12a
1	pc-scen001-aa3b9ef428ad2b2543bea62145ab6257ecbdf0dc8ff801253bcec3496c1158ae	aa3b9ef428ad2b2543bea62145ab6257ecbdf0dc8ff801253bcec3496c1158ae	27	item-027	aa46ad4aadb8a47d	東胡飛弓	4	8	a9daea3f89f65b14a906969cb201aed5ca495fe964ce03a516c5273a4d31cd2a	7b6448942d336ca5f0ecb39005692b53a338928daece51e5711aca897fe1f12a
1	pc-scen001-aa3b9ef428ad2b2543bea62145ab6257ecbdf0dc8ff801253bcec3496c1158ae	aa3b9ef428ad2b2543bea62145ab6257ecbdf0dc8ff801253bcec3496c1158ae	28	item-028	b8e7a47d	貊弓	4	8	0e2c9d811137f679e90113af57fcb9889934042513ea39f2f82bad23ae7238aa	7b6448942d336ca5f0ecb39005692b53a338928daece51e5711aca897fe1f12a
1	pc-scen001-aa3b9ef428ad2b2543bea62145ab6257ecbdf0dc8ff801253bcec3496c1158ae	aa3b9ef428ad2b2543bea62145ab6257ecbdf0dc8ff801253bcec3496c1158ae	29	item-029	b8e7a47d	貊弓	4	8	1c242505b7b2103e8916cd81b166a339aadf822d9f9436cc2704bd21e2c37b90	7b6448942d336ca5f0ecb39005692b53a338928daece51e5711aca897fe1f12a
1	pc-scen001-aa3b9ef428ad2b2543bea62145ab6257ecbdf0dc8ff801253bcec3496c1158ae	aa3b9ef428ad2b2543bea62145ab6257ecbdf0dc8ff801253bcec3496c1158ae	30	item-030	ae5da46ca74caa6b	孫子兵法	5	30	83b8d3e143712216175d7063b0d73363aa56f5e9344a215f9a114e7bded8a48a	7b6448942d336ca5f0ecb39005692b53a338928daece51e5711aca897fe1f12a
1	pc-scen001-aa3b9ef428ad2b2543bea62145ab6257ecbdf0dc8ff801253bcec3496c1158ae	aa3b9ef428ad2b2543bea62145ab6257ecbdf0dc8ff801253bcec3496c1158ae	31	item-031	a74caa6ba447a451a57cbd67	兵法二十四篇	5	20	84c0d1d9c16a3acaf4150ea6fe1628f663bc385318a397c4ad1b307316f3f31b	7b6448942d336ca5f0ecb39005692b53a338928daece51e5711aca897fe1f12a
1	pc-scen001-aa3b9ef428ad2b2543bea62145ab6257ecbdf0dc8ff801253bcec3496c1158ae	aa3b9ef428ad2b2543bea62145ab6257ecbdf0dc8ff801253bcec3496c1158ae	32	item-032	a973bc77b773aed1	孟德新書	5	20	4498999aff35c5621a3f24cabb6d2207755f54c506bb18491955b0b003c341a3	7b6448942d336ca5f0ecb39005692b53a338928daece51e5711aca897fe1f12a
1	pc-scen001-aa3b9ef428ad2b2543bea62145ab6257ecbdf0dc8ff801253bcec3496c1158ae	aa3b9ef428ad2b2543bea62145ab6257ecbdf0dc8ff801253bcec3496c1158ae	33	item-033	a4bbc3fc	六韜	5	18	c7de34e40f6e392fe43c7ee06b17eadb0fe8447b6b8f2bffd97f4211b94c8995	7b6448942d336ca5f0ecb39005692b53a338928daece51e5711aca897fe1f12a
1	pc-scen001-aa3b9ef428ad2b2543bea62145ab6257ecbdf0dc8ff801253bcec3496c1158ae	aa3b9ef428ad2b2543bea62145ab6257ecbdf0dc8ff801253bcec3496c1158ae	34	item-034	a454b2a4	三略	5	18	090b613b7e9f10ccd4cc32e086b01cdecb106dd8d0da69e7c0fdec9275a058aa	7b6448942d336ca5f0ecb39005692b53a338928daece51e5711aca897fe1f12a
1	pc-scen001-aa3b9ef428ad2b2543bea62145ab6257ecbdf0dc8ff801253bcec3496c1158ae	aa3b9ef428ad2b2543bea62145ab6257ecbdf0dc8ff801253bcec3496c1158ae	35	item-035	a764a46c	吳子	5	15	41c13ba2b96e7dfa5d16393fdd4160ab7a1a2c25a4d87032ddd0eb98434c4858	7b6448942d336ca5f0ecb39005692b53a338928daece51e5711aca897fe1f12a
1	pc-scen001-aa3b9ef428ad2b2543bea62145ab6257ecbdf0dc8ff801253bcec3496c1158ae	aa3b9ef428ad2b2543bea62145ab6257ecbdf0dc8ff801253bcec3496c1158ae	36	item-036	b14cc2b7a46c	尉繚子	5	15	b531b9be1bfdc7127d8dbf15cb6cb563d91b4ec0fb6b2f4475ad05fcc79d44ef	7b6448942d336ca5f0ecb39005692b53a338928daece51e5711aca897fe1f12a
1	pc-scen001-aa3b9ef428ad2b2543bea62145ab6257ecbdf0dc8ff801253bcec3496c1158ae	aa3b9ef428ad2b2543bea62145ab6257ecbdf0dc8ff801253bcec3496c1158ae	37	item-037	bed4b0eab5a6	戰國策	5	15	a121b16db44f07f1f284918e0b1a2e01c86185395f09344a43d7a30e4fdb068b	7b6448942d336ca5f0ecb39005692b53a338928daece51e5711aca897fe1f12a
1	pc-scen001-aa3b9ef428ad2b2543bea62145ab6257ecbdf0dc8ff801253bcec3496c1158ae	aa3b9ef428ad2b2543bea62145ab6257ecbdf0dc8ff801253bcec3496c1158ae	38	item-038	a571b0a8aa6b	司馬法	5	12	51e7016318eb938cdfffd51ab29fa851fe651817ab4448084af7b93e030049ec	7b6448942d336ca5f0ecb39005692b53a338928daece51e5711aca897fe1f12a
1	pc-scen001-aa3b9ef428ad2b2543bea62145ab6257ecbdf0dc8ff801253bcec3496c1158ae	aa3b9ef428ad2b2543bea62145ab6257ecbdf0dc8ff801253bcec3496c1158ae	39	item-039	bea5a46c	墨子	5	12	b224e3d71ed456f3b51b2b8a36b1b2296dfc72bfc5fd395fbde2abc1a8033047	7b6448942d336ca5f0ecb39005692b53a338928daece51e5711aca897fe1f12a
1	pc-scen001-aa3b9ef428ad2b2543bea62145ab6257ecbdf0dc8ff801253bcec3496c1158ae	aa3b9ef428ad2b2543bea62145ab6257ecbdf0dc8ff801253bcec3496c1158ae	40	item-040	a4d3a5adad6eb34e	太平要術	5	20	71c1f0a8713b8a439f9f14ade6c24484b188cfde8cdde5c81122d372b7fc70f3	7b6448942d336ca5f0ecb39005692b53a338928daece51e5711aca897fe1f12a
1	pc-scen001-aa3b9ef428ad2b2543bea62145ab6257ecbdf0dc8ff801253bcec3496c1158ae	aa3b9ef428ad2b2543bea62145ab6257ecbdf0dc8ff801253bcec3496c1158ae	41	item-041	a5c9c3a2	玉璽	6	50	f6c45062caa075b894bfb4a4628fc43fc9738c83d69dce9778d81f147968c996	7b6448942d336ca5f0ecb39005692b53a338928daece51e5711aca897fe1f12a
1	pc-scen001-aa3b9ef428ad2b2543bea62145ab6257ecbdf0dc8ff801253bcec3496c1158ae	aa3b9ef428ad2b2543bea62145ab6257ecbdf0dc8ff801253bcec3496c1158ae	42	item-042	bbc9b3b6	銅雀	7	50	0beb379476db5f744279e3bdfe756a0e826b1a0b8c8bc71a91ad4e825874d23a	7b6448942d336ca5f0ecb39005692b53a338928daece51e5711aca897fe1f12a
2	pc-scen002-ff8c08652f4bc20868855e3e15a0b90168a9eadf078ffd1a427e2cbacfad696c	ff8c08652f4bc20868855e3e15a0b90168a9eadf078ffd1a427e2cbacfad696c	0	item-000	a8aaa8dfb0a8	赤兔馬	0	30	71aa901a78f926953fb6c4495d71c4939d0ea89b69f81a19ec90986f4bc56662	84c6457bf16e3769658654f0ad9de93c03b638f5fd86a25e610e722dea9a92bb
2	pc-scen002-ff8c08652f4bc20868855e3e15a0b90168a9eadf078ffd1a427e2cbacfad696c	ff8c08652f4bc20868855e3e15a0b90168a9eadf078ffd1a427e2cbacfad696c	1	item-001	aababf63	的盧	0	15	d682a2deee0eb1dd0659d80358220c553cd0448b2e4321795333b5210de3a070	84c6457bf16e3769658654f0ad9de93c03b638f5fd86a25e610e722dea9a92bb
2	pc-scen002-ff8c08652f4bc20868855e3e15a0b90168a9eadf078ffd1a427e2cbacfad696c	ff8c08652f4bc20868855e3e15a0b90168a9eadf078ffd1a427e2cbacfad696c	2	item-002	a4f6b6c0adb8b971	爪黃飛電	0	10	101c8d82654ab173f991383e760867438c79b2fb95e614985a93dfad85eee15f	84c6457bf16e3769658654f0ad9de93c03b638f5fd86a25e610e722dea9a92bb
2	pc-scen002-ff8c08652f4bc20868855e3e15a0b90168a9eadf078ffd1a427e2cbacfad696c	ff8c08652f4bc20868855e3e15a0b90168a9eadf078ffd1a427e2cbacfad696c	3	item-003	b5b4bc76	絕影	0	10	25e0cc7b53098531684746bf95dca6835ac7a4f65ac409ffc1dfae3f505b697d	84c6457bf16e3769658654f0ad9de93c03b638f5fd86a25e610e722dea9a92bb
2	pc-scen002-ff8c08652f4bc20868855e3e15a0b90168a9eadf078ffd1a427e2cbacfad696c	ff8c08652f4bc20868855e3e15a0b90168a9eadf078ffd1a427e2cbacfad696c	4	item-004	a46aa97bb0a8	大宛馬	0	8	fe86fd2621ebe064ef0cf7020e09142ac7d9672a867eab90f926d8f13f4d7f5b	84c6457bf16e3769658654f0ad9de93c03b638f5fd86a25e610e722dea9a92bb
2	pc-scen002-ff8c08652f4bc20868855e3e15a0b90168a9eadf078ffd1a427e2cbacfad696c	ff8c08652f4bc20868855e3e15a0b90168a9eadf078ffd1a427e2cbacfad696c	5	item-005	a46aa97bb0a8	大宛馬	0	8	4dbd2b101704ddbbeb111a5fb8fe6bbc3c137ef1756b42931f36476d9690d3e7	84c6457bf16e3769658654f0ad9de93c03b638f5fd86a25e610e722dea9a92bb
2	pc-scen002-ff8c08652f4bc20868855e3e15a0b90168a9eadf078ffd1a427e2cbacfad696c	ff8c08652f4bc20868855e3e15a0b90168a9eadf078ffd1a427e2cbacfad696c	6	item-006	a46aa97bb0a8	大宛馬	0	8	83f2ae19632688828e7cfadd7c0daa1c623b99a3500eb7a3a26b7922780e7edb	84c6457bf16e3769658654f0ad9de93c03b638f5fd86a25e610e722dea9a92bb
2	pc-scen002-ff8c08652f4bc20868855e3e15a0b90168a9eadf078ffd1a427e2cbacfad696c	ff8c08652f4bc20868855e3e15a0b90168a9eadf078ffd1a427e2cbacfad696c	7	item-007	a443ac50c45fa44d	七星寶刀	1	20	1c501220921b1bfa763800998a5fbd9c3eda62b5ed5838c537c1fdd7fb647daa	84c6457bf16e3769658654f0ad9de93c03b638f5fd86a25e610e722dea9a92bb
2	pc-scen002-ff8c08652f4bc20868855e3e15a0b90168a9eadf078ffd1a427e2cbacfad696c	ff8c08652f4bc20868855e3e15a0b90168a9eadf078ffd1a427e2cbacfad696c	8	item-008	adcaa4d1bc43	倚天劍	1	12	4f6a118bf801a8cf890e5ccba345ae00d40c7eb91537807abb4b6b9e273dc5ae	84c6457bf16e3769658654f0ad9de93c03b638f5fd86a25e610e722dea9a92bb
2	pc-scen002-ff8c08652f4bc20868855e3e15a0b90168a9eadf078ffd1a427e2cbacfad696c	ff8c08652f4bc20868855e3e15a0b90168a9eadf078ffd1a427e2cbacfad696c	9	item-009	ab43b3aabc43	青釭劍	1	12	81fc2094d0aa8746c211d3d7c84d81f2a3e9fce032a10fe6f2d6a854ce0d99c2	84c6457bf16e3769658654f0ad9de93c03b638f5fd86a25e610e722dea9a92bb
2	pc-scen002-ff8c08652f4bc20868855e3e15a0b90168a9eadf078ffd1a427e2cbacfad696c	ff8c08652f4bc20868855e3e15a0b90168a9eadf078ffd1a427e2cbacfad696c	10	item-010	bbdbb6afa440b9efbc43	雌雄一對劍	1	12	15869e06f0ec984658cf70634db24029e1b8271b14d673d3d3c1a73c22e04cda	84c6457bf16e3769658654f0ad9de93c03b638f5fd86a25e610e722dea9a92bb
2	pc-scen002-ff8c08652f4bc20868855e3e15a0b90168a9eadf078ffd1a427e2cbacfad696c	ff8c08652f4bc20868855e3e15a0b90168a9eadf078ffd1a427e2cbacfad696c	11	item-011	a4e8a4d1b565b475	方天畫戟	2	18	ef3ddc1f23417fc31131677ec7c20e47e9f6b47904c67d489fe3b1dc40dbecf8	84c6457bf16e3769658654f0ad9de93c03b638f5fd86a25e610e722dea9a92bb
2	pc-scen002-ff8c08652f4bc20868855e3e15a0b90168a9eadf078ffd1a427e2cbacfad696c	ff8c08652f4bc20868855e3e15a0b90168a9eadf078ffd1a427e2cbacfad696c	12	item-012	ab43c073b0b3a4eba44d	青龍偃月刀	2	18	0a5080409208533f25208e0c12328210ccd301f0aa49d471d0809f50a20144cc	84c6457bf16e3769658654f0ad9de93c03b638f5fd86a25e610e722dea9a92bb
2	pc-scen002-ff8c08652f4bc20868855e3e15a0b90168a9eadf078ffd1a427e2cbacfad696c	ff8c08652f4bc20868855e3e15a0b90168a9eadf078ffd1a427e2cbacfad696c	13	item-013	b344a5d9	蛇矛	2	18	1770210c7f478684e23ed9c50e30b892baa258d676fb4a2d2d7860eb0de04416	84c6457bf16e3769658654f0ad9de93c03b638f5fd86a25e610e722dea9a92bb
2	pc-scen002-ff8c08652f4bc20868855e3e15a0b90168a9eadf078ffd1a427e2cbacfad696c	ff8c08652f4bc20868855e3e15a0b90168a9eadf078ffd1a427e2cbacfad696c	14	item-014	ac79ac50c2f1	流星鎚	3	7	92e15648efe750fe003ab1263541e5bfc72cc78f66efd1a03ce12c215bc6591b	84c6457bf16e3769658654f0ad9de93c03b638f5fd86a25e610e722dea9a92bb
2	pc-scen002-ff8c08652f4bc20868855e3e15a0b90168a9eadf078ffd1a427e2cbacfad696c	ff8c08652f4bc20868855e3e15a0b90168a9eadf078ffd1a427e2cbacfad696c	15	item-015	adb8a44d	飛刀	3	5	37def8af285103ca0ecd53b3e8536f336ed36fd8c18eda7fc1f45e8f94c7c94b	84c6457bf16e3769658654f0ad9de93c03b638f5fd86a25e610e722dea9a92bb
2	pc-scen002-ff8c08652f4bc20868855e3e15a0b90168a9eadf078ffd1a427e2cbacfad696c	ff8c08652f4bc20868855e3e15a0b90168a9eadf078ffd1a427e2cbacfad696c	16	item-016	adb8a44d	飛刀	3	5	8f8dddaa33d90557a332d0da5874f6c64865c67c6124a6a1a6c563ddb686e342	84c6457bf16e3769658654f0ad9de93c03b638f5fd86a25e610e722dea9a92bb
2	pc-scen002-ff8c08652f4bc20868855e3e15a0b90168a9eadf078ffd1a427e2cbacfad696c	ff8c08652f4bc20868855e3e15a0b90168a9eadf078ffd1a427e2cbacfad696c	17	item-017	b575b475	短戟	3	4	63ef97a25837b530adce718d3a99e8fdb62f4f43e75c4b02a9e17a5466de83fa	84c6457bf16e3769658654f0ad9de93c03b638f5fd86a25e610e722dea9a92bb
2	pc-scen002-ff8c08652f4bc20868855e3e15a0b90168a9eadf078ffd1a427e2cbacfad696c	ff8c08652f4bc20868855e3e15a0b90168a9eadf078ffd1a427e2cbacfad696c	18	item-018	b575b475	短戟	3	4	96b219b1d5bf3976598f45986518b8e77501e2c4c1ba119c65ca734142bfba82	84c6457bf16e3769658654f0ad9de93c03b638f5fd86a25e610e722dea9a92bb
2	pc-scen002-ff8c08652f4bc20868855e3e15a0b90168a9eadf078ffd1a427e2cbacfad696c	ff8c08652f4bc20868855e3e15a0b90168a9eadf078ffd1a427e2cbacfad696c	19	item-019	a4e2b475	手戟	3	3	3fa3bb3bb2fef99d27879415bf3213fe69676245d894f5e2c15d88d8a4f2c30f	84c6457bf16e3769658654f0ad9de93c03b638f5fd86a25e610e722dea9a92bb
2	pc-scen002-ff8c08652f4bc20868855e3e15a0b90168a9eadf078ffd1a427e2cbacfad696c	ff8c08652f4bc20868855e3e15a0b90168a9eadf078ffd1a427e2cbacfad696c	20	item-020	a4e2b475	手戟	3	3	1a9ff95ebdc84745555384b0d0442e11563c53d7eaca2a2afc2e37a64d25a4cb	84c6457bf16e3769658654f0ad9de93c03b638f5fd86a25e610e722dea9a92bb
2	pc-scen002-ff8c08652f4bc20868855e3e15a0b90168a9eadf078ffd1a427e2cbacfad696c	ff8c08652f4bc20868855e3e15a0b90168a9eadf078ffd1a427e2cbacfad696c	21	item-021	c54bc2ea	鐵鎖	3	6	1da9d5541cbed9d2e582027b99fefacd50f4d69981d075fdeb8c4ecd228a486f	84c6457bf16e3769658654f0ad9de93c03b638f5fd86a25e610e722dea9a92bb
2	pc-scen002-ff8c08652f4bc20868855e3e15a0b90168a9eadf078ffd1a427e2cbacfad696c	ff8c08652f4bc20868855e3e15a0b90168a9eadf078ffd1a427e2cbacfad696c	22	item-022	be69a5d1b0f2a47d	養由基弓	4	20	80cff19423ec9433d181ca8605ce0a2d7793b5b289caeff351c7bc3f95328a87	84c6457bf16e3769658654f0ad9de93c03b638f5fd86a25e610e722dea9a92bb
2	pc-scen002-ff8c08652f4bc20868855e3e15a0b90168a9eadf078ffd1a427e2cbacfad696c	ff8c08652f4bc20868855e3e15a0b90168a9eadf078ffd1a427e2cbacfad696c	23	item-023	a7f5bc73a47d	李廣弓	4	18	c5585aba8fefc0c0a8fafa0cd0a8e35d05fe952112ab2d59346f212d48da8655	84c6457bf16e3769658654f0ad9de93c03b638f5fd86a25e610e722dea9a92bb
2	pc-scen002-ff8c08652f4bc20868855e3e15a0b90168a9eadf078ffd1a427e2cbacfad696c	ff8c08652f4bc20868855e3e15a0b90168a9eadf078ffd1a427e2cbacfad696c	24	item-024	c0c8a47d	檀弓	4	8	e576f65c35e1d458654baf21075bbe06eca65cb7eab91b8ddbe49e57fd3653c9	84c6457bf16e3769658654f0ad9de93c03b638f5fd86a25e610e722dea9a92bb
2	pc-scen002-ff8c08652f4bc20868855e3e15a0b90168a9eadf078ffd1a427e2cbacfad696c	ff8c08652f4bc20868855e3e15a0b90168a9eadf078ffd1a427e2cbacfad696c	25	item-025	c0c8a47d	檀弓	4	8	601cc7d1a32e8e881aedccdfed8d27915f6a0126147399d6adb0aa4c22e682df	84c6457bf16e3769658654f0ad9de93c03b638f5fd86a25e610e722dea9a92bb
2	pc-scen002-ff8c08652f4bc20868855e3e15a0b90168a9eadf078ffd1a427e2cbacfad696c	ff8c08652f4bc20868855e3e15a0b90168a9eadf078ffd1a427e2cbacfad696c	26	item-026	aa46ad4aadb8a47d	東胡飛弓	4	8	274593094f44b1391b9faf6f219d6ac024ad6ac97d21fa8d688a8e8802764541	84c6457bf16e3769658654f0ad9de93c03b638f5fd86a25e610e722dea9a92bb
2	pc-scen002-ff8c08652f4bc20868855e3e15a0b90168a9eadf078ffd1a427e2cbacfad696c	ff8c08652f4bc20868855e3e15a0b90168a9eadf078ffd1a427e2cbacfad696c	27	item-027	aa46ad4aadb8a47d	東胡飛弓	4	8	a9daea3f89f65b14a906969cb201aed5ca495fe964ce03a516c5273a4d31cd2a	84c6457bf16e3769658654f0ad9de93c03b638f5fd86a25e610e722dea9a92bb
2	pc-scen002-ff8c08652f4bc20868855e3e15a0b90168a9eadf078ffd1a427e2cbacfad696c	ff8c08652f4bc20868855e3e15a0b90168a9eadf078ffd1a427e2cbacfad696c	28	item-028	b8e7a47d	貊弓	4	8	0e2c9d811137f679e90113af57fcb9889934042513ea39f2f82bad23ae7238aa	84c6457bf16e3769658654f0ad9de93c03b638f5fd86a25e610e722dea9a92bb
2	pc-scen002-ff8c08652f4bc20868855e3e15a0b90168a9eadf078ffd1a427e2cbacfad696c	ff8c08652f4bc20868855e3e15a0b90168a9eadf078ffd1a427e2cbacfad696c	29	item-029	b8e7a47d	貊弓	4	8	1c242505b7b2103e8916cd81b166a339aadf822d9f9436cc2704bd21e2c37b90	84c6457bf16e3769658654f0ad9de93c03b638f5fd86a25e610e722dea9a92bb
2	pc-scen002-ff8c08652f4bc20868855e3e15a0b90168a9eadf078ffd1a427e2cbacfad696c	ff8c08652f4bc20868855e3e15a0b90168a9eadf078ffd1a427e2cbacfad696c	30	item-030	ae5da46ca74caa6b	孫子兵法	5	30	090a4d38bdd12212509dfadd65153b5dadf30d0b7167a2595db7c19fcf689491	84c6457bf16e3769658654f0ad9de93c03b638f5fd86a25e610e722dea9a92bb
2	pc-scen002-ff8c08652f4bc20868855e3e15a0b90168a9eadf078ffd1a427e2cbacfad696c	ff8c08652f4bc20868855e3e15a0b90168a9eadf078ffd1a427e2cbacfad696c	31	item-031	a74caa6ba447a451a57cbd67	兵法二十四篇	5	20	84c0d1d9c16a3acaf4150ea6fe1628f663bc385318a397c4ad1b307316f3f31b	84c6457bf16e3769658654f0ad9de93c03b638f5fd86a25e610e722dea9a92bb
2	pc-scen002-ff8c08652f4bc20868855e3e15a0b90168a9eadf078ffd1a427e2cbacfad696c	ff8c08652f4bc20868855e3e15a0b90168a9eadf078ffd1a427e2cbacfad696c	32	item-032	a973bc77b773aed1	孟德新書	5	20	4498999aff35c5621a3f24cabb6d2207755f54c506bb18491955b0b003c341a3	84c6457bf16e3769658654f0ad9de93c03b638f5fd86a25e610e722dea9a92bb
2	pc-scen002-ff8c08652f4bc20868855e3e15a0b90168a9eadf078ffd1a427e2cbacfad696c	ff8c08652f4bc20868855e3e15a0b90168a9eadf078ffd1a427e2cbacfad696c	33	item-033	a4bbc3fc	六韜	5	18	c7de34e40f6e392fe43c7ee06b17eadb0fe8447b6b8f2bffd97f4211b94c8995	84c6457bf16e3769658654f0ad9de93c03b638f5fd86a25e610e722dea9a92bb
2	pc-scen002-ff8c08652f4bc20868855e3e15a0b90168a9eadf078ffd1a427e2cbacfad696c	ff8c08652f4bc20868855e3e15a0b90168a9eadf078ffd1a427e2cbacfad696c	34	item-034	a454b2a4	三略	5	18	090b613b7e9f10ccd4cc32e086b01cdecb106dd8d0da69e7c0fdec9275a058aa	84c6457bf16e3769658654f0ad9de93c03b638f5fd86a25e610e722dea9a92bb
2	pc-scen002-ff8c08652f4bc20868855e3e15a0b90168a9eadf078ffd1a427e2cbacfad696c	ff8c08652f4bc20868855e3e15a0b90168a9eadf078ffd1a427e2cbacfad696c	35	item-035	a764a46c	吳子	5	15	41c13ba2b96e7dfa5d16393fdd4160ab7a1a2c25a4d87032ddd0eb98434c4858	84c6457bf16e3769658654f0ad9de93c03b638f5fd86a25e610e722dea9a92bb
2	pc-scen002-ff8c08652f4bc20868855e3e15a0b90168a9eadf078ffd1a427e2cbacfad696c	ff8c08652f4bc20868855e3e15a0b90168a9eadf078ffd1a427e2cbacfad696c	36	item-036	b14cc2b7a46c	尉繚子	5	15	b531b9be1bfdc7127d8dbf15cb6cb563d91b4ec0fb6b2f4475ad05fcc79d44ef	84c6457bf16e3769658654f0ad9de93c03b638f5fd86a25e610e722dea9a92bb
2	pc-scen002-ff8c08652f4bc20868855e3e15a0b90168a9eadf078ffd1a427e2cbacfad696c	ff8c08652f4bc20868855e3e15a0b90168a9eadf078ffd1a427e2cbacfad696c	37	item-037	bed4b0eab5a6	戰國策	5	15	a121b16db44f07f1f284918e0b1a2e01c86185395f09344a43d7a30e4fdb068b	84c6457bf16e3769658654f0ad9de93c03b638f5fd86a25e610e722dea9a92bb
2	pc-scen002-ff8c08652f4bc20868855e3e15a0b90168a9eadf078ffd1a427e2cbacfad696c	ff8c08652f4bc20868855e3e15a0b90168a9eadf078ffd1a427e2cbacfad696c	38	item-038	a571b0a8aa6b	司馬法	5	12	51e7016318eb938cdfffd51ab29fa851fe651817ab4448084af7b93e030049ec	84c6457bf16e3769658654f0ad9de93c03b638f5fd86a25e610e722dea9a92bb
2	pc-scen002-ff8c08652f4bc20868855e3e15a0b90168a9eadf078ffd1a427e2cbacfad696c	ff8c08652f4bc20868855e3e15a0b90168a9eadf078ffd1a427e2cbacfad696c	39	item-039	bea5a46c	墨子	5	12	b224e3d71ed456f3b51b2b8a36b1b2296dfc72bfc5fd395fbde2abc1a8033047	84c6457bf16e3769658654f0ad9de93c03b638f5fd86a25e610e722dea9a92bb
2	pc-scen002-ff8c08652f4bc20868855e3e15a0b90168a9eadf078ffd1a427e2cbacfad696c	ff8c08652f4bc20868855e3e15a0b90168a9eadf078ffd1a427e2cbacfad696c	40	item-040	a4d3a5adad6eb34e	太平要術	5	20	71c1f0a8713b8a439f9f14ade6c24484b188cfde8cdde5c81122d372b7fc70f3	84c6457bf16e3769658654f0ad9de93c03b638f5fd86a25e610e722dea9a92bb
2	pc-scen002-ff8c08652f4bc20868855e3e15a0b90168a9eadf078ffd1a427e2cbacfad696c	ff8c08652f4bc20868855e3e15a0b90168a9eadf078ffd1a427e2cbacfad696c	41	item-041	a5c9c3a2	玉璽	6	50	b20e953d7d1c19926490fa10a71ee6cf68b7092c450a130dc2b407d4b8fb4235	84c6457bf16e3769658654f0ad9de93c03b638f5fd86a25e610e722dea9a92bb
2	pc-scen002-ff8c08652f4bc20868855e3e15a0b90168a9eadf078ffd1a427e2cbacfad696c	ff8c08652f4bc20868855e3e15a0b90168a9eadf078ffd1a427e2cbacfad696c	42	item-042	bbc9b3b6	銅雀	7	50	0beb379476db5f744279e3bdfe756a0e826b1a0b8c8bc71a91ad4e825874d23a	84c6457bf16e3769658654f0ad9de93c03b638f5fd86a25e610e722dea9a92bb
3	pc-scen003-efdf2efd64ca7275caf13b6d38223d7d29833a6f50fefd45cc395141e3d4299e	efdf2efd64ca7275caf13b6d38223d7d29833a6f50fefd45cc395141e3d4299e	0	item-000	a8aaa8dfb0a8	赤兔馬	0	30	36353b6caade58a122573cdc7c68f95ca19a1eee269914955f2bb5c73ef604fa	482952fd83e933c2c800b5e57c0752e2e1517d91aa9e203c692b21460e795428
3	pc-scen003-efdf2efd64ca7275caf13b6d38223d7d29833a6f50fefd45cc395141e3d4299e	efdf2efd64ca7275caf13b6d38223d7d29833a6f50fefd45cc395141e3d4299e	1	item-001	aababf63	的盧	0	15	d682a2deee0eb1dd0659d80358220c553cd0448b2e4321795333b5210de3a070	482952fd83e933c2c800b5e57c0752e2e1517d91aa9e203c692b21460e795428
3	pc-scen003-efdf2efd64ca7275caf13b6d38223d7d29833a6f50fefd45cc395141e3d4299e	efdf2efd64ca7275caf13b6d38223d7d29833a6f50fefd45cc395141e3d4299e	2	item-002	a4f6b6c0adb8b971	爪黃飛電	0	10	101c8d82654ab173f991383e760867438c79b2fb95e614985a93dfad85eee15f	482952fd83e933c2c800b5e57c0752e2e1517d91aa9e203c692b21460e795428
3	pc-scen003-efdf2efd64ca7275caf13b6d38223d7d29833a6f50fefd45cc395141e3d4299e	efdf2efd64ca7275caf13b6d38223d7d29833a6f50fefd45cc395141e3d4299e	3	item-003	b5b4bc76	絕影	0	10	caf90e84a5524c58e43306beb1ac78cf2124b1b27ee00afb41e0fca1f6fb50b2	482952fd83e933c2c800b5e57c0752e2e1517d91aa9e203c692b21460e795428
3	pc-scen003-efdf2efd64ca7275caf13b6d38223d7d29833a6f50fefd45cc395141e3d4299e	efdf2efd64ca7275caf13b6d38223d7d29833a6f50fefd45cc395141e3d4299e	4	item-004	a46aa97bb0a8	大宛馬	0	8	fe86fd2621ebe064ef0cf7020e09142ac7d9672a867eab90f926d8f13f4d7f5b	482952fd83e933c2c800b5e57c0752e2e1517d91aa9e203c692b21460e795428
3	pc-scen003-efdf2efd64ca7275caf13b6d38223d7d29833a6f50fefd45cc395141e3d4299e	efdf2efd64ca7275caf13b6d38223d7d29833a6f50fefd45cc395141e3d4299e	5	item-005	a46aa97bb0a8	大宛馬	0	8	4dbd2b101704ddbbeb111a5fb8fe6bbc3c137ef1756b42931f36476d9690d3e7	482952fd83e933c2c800b5e57c0752e2e1517d91aa9e203c692b21460e795428
3	pc-scen003-efdf2efd64ca7275caf13b6d38223d7d29833a6f50fefd45cc395141e3d4299e	efdf2efd64ca7275caf13b6d38223d7d29833a6f50fefd45cc395141e3d4299e	6	item-006	a46aa97bb0a8	大宛馬	0	8	83f2ae19632688828e7cfadd7c0daa1c623b99a3500eb7a3a26b7922780e7edb	482952fd83e933c2c800b5e57c0752e2e1517d91aa9e203c692b21460e795428
3	pc-scen003-efdf2efd64ca7275caf13b6d38223d7d29833a6f50fefd45cc395141e3d4299e	efdf2efd64ca7275caf13b6d38223d7d29833a6f50fefd45cc395141e3d4299e	7	item-007	a443ac50c45fa44d	七星寶刀	1	20	1c501220921b1bfa763800998a5fbd9c3eda62b5ed5838c537c1fdd7fb647daa	482952fd83e933c2c800b5e57c0752e2e1517d91aa9e203c692b21460e795428
3	pc-scen003-efdf2efd64ca7275caf13b6d38223d7d29833a6f50fefd45cc395141e3d4299e	efdf2efd64ca7275caf13b6d38223d7d29833a6f50fefd45cc395141e3d4299e	8	item-008	adcaa4d1bc43	倚天劍	1	12	4f6a118bf801a8cf890e5ccba345ae00d40c7eb91537807abb4b6b9e273dc5ae	482952fd83e933c2c800b5e57c0752e2e1517d91aa9e203c692b21460e795428
3	pc-scen003-efdf2efd64ca7275caf13b6d38223d7d29833a6f50fefd45cc395141e3d4299e	efdf2efd64ca7275caf13b6d38223d7d29833a6f50fefd45cc395141e3d4299e	9	item-009	ab43b3aabc43	青釭劍	1	12	81fc2094d0aa8746c211d3d7c84d81f2a3e9fce032a10fe6f2d6a854ce0d99c2	482952fd83e933c2c800b5e57c0752e2e1517d91aa9e203c692b21460e795428
3	pc-scen003-efdf2efd64ca7275caf13b6d38223d7d29833a6f50fefd45cc395141e3d4299e	efdf2efd64ca7275caf13b6d38223d7d29833a6f50fefd45cc395141e3d4299e	10	item-010	bbdbb6afa440b9efbc43	雌雄一對劍	1	12	15869e06f0ec984658cf70634db24029e1b8271b14d673d3d3c1a73c22e04cda	482952fd83e933c2c800b5e57c0752e2e1517d91aa9e203c692b21460e795428
3	pc-scen003-efdf2efd64ca7275caf13b6d38223d7d29833a6f50fefd45cc395141e3d4299e	efdf2efd64ca7275caf13b6d38223d7d29833a6f50fefd45cc395141e3d4299e	11	item-011	a4e8a4d1b565b475	方天畫戟	2	18	a55a7b2141d4160c844ffa1b2e5be5c76f1f88a8acdb8707541d308164413608	482952fd83e933c2c800b5e57c0752e2e1517d91aa9e203c692b21460e795428
3	pc-scen003-efdf2efd64ca7275caf13b6d38223d7d29833a6f50fefd45cc395141e3d4299e	efdf2efd64ca7275caf13b6d38223d7d29833a6f50fefd45cc395141e3d4299e	12	item-012	ab43c073b0b3a4eba44d	青龍偃月刀	2	18	0a5080409208533f25208e0c12328210ccd301f0aa49d471d0809f50a20144cc	482952fd83e933c2c800b5e57c0752e2e1517d91aa9e203c692b21460e795428
3	pc-scen003-efdf2efd64ca7275caf13b6d38223d7d29833a6f50fefd45cc395141e3d4299e	efdf2efd64ca7275caf13b6d38223d7d29833a6f50fefd45cc395141e3d4299e	13	item-013	b344a5d9	蛇矛	2	18	1770210c7f478684e23ed9c50e30b892baa258d676fb4a2d2d7860eb0de04416	482952fd83e933c2c800b5e57c0752e2e1517d91aa9e203c692b21460e795428
3	pc-scen003-efdf2efd64ca7275caf13b6d38223d7d29833a6f50fefd45cc395141e3d4299e	efdf2efd64ca7275caf13b6d38223d7d29833a6f50fefd45cc395141e3d4299e	14	item-014	ac79ac50c2f1	流星鎚	3	7	92e15648efe750fe003ab1263541e5bfc72cc78f66efd1a03ce12c215bc6591b	482952fd83e933c2c800b5e57c0752e2e1517d91aa9e203c692b21460e795428
3	pc-scen003-efdf2efd64ca7275caf13b6d38223d7d29833a6f50fefd45cc395141e3d4299e	efdf2efd64ca7275caf13b6d38223d7d29833a6f50fefd45cc395141e3d4299e	15	item-015	adb8a44d	飛刀	3	5	37def8af285103ca0ecd53b3e8536f336ed36fd8c18eda7fc1f45e8f94c7c94b	482952fd83e933c2c800b5e57c0752e2e1517d91aa9e203c692b21460e795428
3	pc-scen003-efdf2efd64ca7275caf13b6d38223d7d29833a6f50fefd45cc395141e3d4299e	efdf2efd64ca7275caf13b6d38223d7d29833a6f50fefd45cc395141e3d4299e	16	item-016	adb8a44d	飛刀	3	5	8f8dddaa33d90557a332d0da5874f6c64865c67c6124a6a1a6c563ddb686e342	482952fd83e933c2c800b5e57c0752e2e1517d91aa9e203c692b21460e795428
3	pc-scen003-efdf2efd64ca7275caf13b6d38223d7d29833a6f50fefd45cc395141e3d4299e	efdf2efd64ca7275caf13b6d38223d7d29833a6f50fefd45cc395141e3d4299e	17	item-017	b575b475	短戟	3	4	3df8baba4f70f9d65ccf0a9088124b7f7d0a46fed848ad8c095b3f7b3b225129	482952fd83e933c2c800b5e57c0752e2e1517d91aa9e203c692b21460e795428
3	pc-scen003-efdf2efd64ca7275caf13b6d38223d7d29833a6f50fefd45cc395141e3d4299e	efdf2efd64ca7275caf13b6d38223d7d29833a6f50fefd45cc395141e3d4299e	18	item-018	b575b475	短戟	3	4	96b219b1d5bf3976598f45986518b8e77501e2c4c1ba119c65ca734142bfba82	482952fd83e933c2c800b5e57c0752e2e1517d91aa9e203c692b21460e795428
3	pc-scen003-efdf2efd64ca7275caf13b6d38223d7d29833a6f50fefd45cc395141e3d4299e	efdf2efd64ca7275caf13b6d38223d7d29833a6f50fefd45cc395141e3d4299e	19	item-019	a4e2b475	手戟	3	3	3fa3bb3bb2fef99d27879415bf3213fe69676245d894f5e2c15d88d8a4f2c30f	482952fd83e933c2c800b5e57c0752e2e1517d91aa9e203c692b21460e795428
3	pc-scen003-efdf2efd64ca7275caf13b6d38223d7d29833a6f50fefd45cc395141e3d4299e	efdf2efd64ca7275caf13b6d38223d7d29833a6f50fefd45cc395141e3d4299e	20	item-020	a4e2b475	手戟	3	3	1a9ff95ebdc84745555384b0d0442e11563c53d7eaca2a2afc2e37a64d25a4cb	482952fd83e933c2c800b5e57c0752e2e1517d91aa9e203c692b21460e795428
3	pc-scen003-efdf2efd64ca7275caf13b6d38223d7d29833a6f50fefd45cc395141e3d4299e	efdf2efd64ca7275caf13b6d38223d7d29833a6f50fefd45cc395141e3d4299e	21	item-021	c54bc2ea	鐵鎖	3	6	1da9d5541cbed9d2e582027b99fefacd50f4d69981d075fdeb8c4ecd228a486f	482952fd83e933c2c800b5e57c0752e2e1517d91aa9e203c692b21460e795428
3	pc-scen003-efdf2efd64ca7275caf13b6d38223d7d29833a6f50fefd45cc395141e3d4299e	efdf2efd64ca7275caf13b6d38223d7d29833a6f50fefd45cc395141e3d4299e	22	item-022	be69a5d1b0f2a47d	養由基弓	4	20	80cff19423ec9433d181ca8605ce0a2d7793b5b289caeff351c7bc3f95328a87	482952fd83e933c2c800b5e57c0752e2e1517d91aa9e203c692b21460e795428
3	pc-scen003-efdf2efd64ca7275caf13b6d38223d7d29833a6f50fefd45cc395141e3d4299e	efdf2efd64ca7275caf13b6d38223d7d29833a6f50fefd45cc395141e3d4299e	23	item-023	a7f5bc73a47d	李廣弓	4	18	c5585aba8fefc0c0a8fafa0cd0a8e35d05fe952112ab2d59346f212d48da8655	482952fd83e933c2c800b5e57c0752e2e1517d91aa9e203c692b21460e795428
3	pc-scen003-efdf2efd64ca7275caf13b6d38223d7d29833a6f50fefd45cc395141e3d4299e	efdf2efd64ca7275caf13b6d38223d7d29833a6f50fefd45cc395141e3d4299e	24	item-024	c0c8a47d	檀弓	4	8	e576f65c35e1d458654baf21075bbe06eca65cb7eab91b8ddbe49e57fd3653c9	482952fd83e933c2c800b5e57c0752e2e1517d91aa9e203c692b21460e795428
3	pc-scen003-efdf2efd64ca7275caf13b6d38223d7d29833a6f50fefd45cc395141e3d4299e	efdf2efd64ca7275caf13b6d38223d7d29833a6f50fefd45cc395141e3d4299e	25	item-025	c0c8a47d	檀弓	4	8	601cc7d1a32e8e881aedccdfed8d27915f6a0126147399d6adb0aa4c22e682df	482952fd83e933c2c800b5e57c0752e2e1517d91aa9e203c692b21460e795428
3	pc-scen003-efdf2efd64ca7275caf13b6d38223d7d29833a6f50fefd45cc395141e3d4299e	efdf2efd64ca7275caf13b6d38223d7d29833a6f50fefd45cc395141e3d4299e	26	item-026	aa46ad4aadb8a47d	東胡飛弓	4	8	274593094f44b1391b9faf6f219d6ac024ad6ac97d21fa8d688a8e8802764541	482952fd83e933c2c800b5e57c0752e2e1517d91aa9e203c692b21460e795428
3	pc-scen003-efdf2efd64ca7275caf13b6d38223d7d29833a6f50fefd45cc395141e3d4299e	efdf2efd64ca7275caf13b6d38223d7d29833a6f50fefd45cc395141e3d4299e	27	item-027	aa46ad4aadb8a47d	東胡飛弓	4	8	a9daea3f89f65b14a906969cb201aed5ca495fe964ce03a516c5273a4d31cd2a	482952fd83e933c2c800b5e57c0752e2e1517d91aa9e203c692b21460e795428
3	pc-scen003-efdf2efd64ca7275caf13b6d38223d7d29833a6f50fefd45cc395141e3d4299e	efdf2efd64ca7275caf13b6d38223d7d29833a6f50fefd45cc395141e3d4299e	28	item-028	b8e7a47d	貊弓	4	8	0e2c9d811137f679e90113af57fcb9889934042513ea39f2f82bad23ae7238aa	482952fd83e933c2c800b5e57c0752e2e1517d91aa9e203c692b21460e795428
3	pc-scen003-efdf2efd64ca7275caf13b6d38223d7d29833a6f50fefd45cc395141e3d4299e	efdf2efd64ca7275caf13b6d38223d7d29833a6f50fefd45cc395141e3d4299e	29	item-029	b8e7a47d	貊弓	4	8	1c242505b7b2103e8916cd81b166a339aadf822d9f9436cc2704bd21e2c37b90	482952fd83e933c2c800b5e57c0752e2e1517d91aa9e203c692b21460e795428
3	pc-scen003-efdf2efd64ca7275caf13b6d38223d7d29833a6f50fefd45cc395141e3d4299e	efdf2efd64ca7275caf13b6d38223d7d29833a6f50fefd45cc395141e3d4299e	30	item-030	ae5da46ca74caa6b	孫子兵法	5	30	090a4d38bdd12212509dfadd65153b5dadf30d0b7167a2595db7c19fcf689491	482952fd83e933c2c800b5e57c0752e2e1517d91aa9e203c692b21460e795428
3	pc-scen003-efdf2efd64ca7275caf13b6d38223d7d29833a6f50fefd45cc395141e3d4299e	efdf2efd64ca7275caf13b6d38223d7d29833a6f50fefd45cc395141e3d4299e	31	item-031	a74caa6ba447a451a57cbd67	兵法二十四篇	5	20	84c0d1d9c16a3acaf4150ea6fe1628f663bc385318a397c4ad1b307316f3f31b	482952fd83e933c2c800b5e57c0752e2e1517d91aa9e203c692b21460e795428
3	pc-scen003-efdf2efd64ca7275caf13b6d38223d7d29833a6f50fefd45cc395141e3d4299e	efdf2efd64ca7275caf13b6d38223d7d29833a6f50fefd45cc395141e3d4299e	32	item-032	a973bc77b773aed1	孟德新書	5	20	4498999aff35c5621a3f24cabb6d2207755f54c506bb18491955b0b003c341a3	482952fd83e933c2c800b5e57c0752e2e1517d91aa9e203c692b21460e795428
3	pc-scen003-efdf2efd64ca7275caf13b6d38223d7d29833a6f50fefd45cc395141e3d4299e	efdf2efd64ca7275caf13b6d38223d7d29833a6f50fefd45cc395141e3d4299e	33	item-033	a4bbc3fc	六韜	5	18	c7de34e40f6e392fe43c7ee06b17eadb0fe8447b6b8f2bffd97f4211b94c8995	482952fd83e933c2c800b5e57c0752e2e1517d91aa9e203c692b21460e795428
3	pc-scen003-efdf2efd64ca7275caf13b6d38223d7d29833a6f50fefd45cc395141e3d4299e	efdf2efd64ca7275caf13b6d38223d7d29833a6f50fefd45cc395141e3d4299e	34	item-034	a454b2a4	三略	5	18	090b613b7e9f10ccd4cc32e086b01cdecb106dd8d0da69e7c0fdec9275a058aa	482952fd83e933c2c800b5e57c0752e2e1517d91aa9e203c692b21460e795428
3	pc-scen003-efdf2efd64ca7275caf13b6d38223d7d29833a6f50fefd45cc395141e3d4299e	efdf2efd64ca7275caf13b6d38223d7d29833a6f50fefd45cc395141e3d4299e	35	item-035	a764a46c	吳子	5	15	41c13ba2b96e7dfa5d16393fdd4160ab7a1a2c25a4d87032ddd0eb98434c4858	482952fd83e933c2c800b5e57c0752e2e1517d91aa9e203c692b21460e795428
3	pc-scen003-efdf2efd64ca7275caf13b6d38223d7d29833a6f50fefd45cc395141e3d4299e	efdf2efd64ca7275caf13b6d38223d7d29833a6f50fefd45cc395141e3d4299e	36	item-036	b14cc2b7a46c	尉繚子	5	15	b531b9be1bfdc7127d8dbf15cb6cb563d91b4ec0fb6b2f4475ad05fcc79d44ef	482952fd83e933c2c800b5e57c0752e2e1517d91aa9e203c692b21460e795428
3	pc-scen003-efdf2efd64ca7275caf13b6d38223d7d29833a6f50fefd45cc395141e3d4299e	efdf2efd64ca7275caf13b6d38223d7d29833a6f50fefd45cc395141e3d4299e	37	item-037	bed4b0eab5a6	戰國策	5	15	a121b16db44f07f1f284918e0b1a2e01c86185395f09344a43d7a30e4fdb068b	482952fd83e933c2c800b5e57c0752e2e1517d91aa9e203c692b21460e795428
3	pc-scen003-efdf2efd64ca7275caf13b6d38223d7d29833a6f50fefd45cc395141e3d4299e	efdf2efd64ca7275caf13b6d38223d7d29833a6f50fefd45cc395141e3d4299e	38	item-038	a571b0a8aa6b	司馬法	5	12	51e7016318eb938cdfffd51ab29fa851fe651817ab4448084af7b93e030049ec	482952fd83e933c2c800b5e57c0752e2e1517d91aa9e203c692b21460e795428
3	pc-scen003-efdf2efd64ca7275caf13b6d38223d7d29833a6f50fefd45cc395141e3d4299e	efdf2efd64ca7275caf13b6d38223d7d29833a6f50fefd45cc395141e3d4299e	39	item-039	bea5a46c	墨子	5	12	b224e3d71ed456f3b51b2b8a36b1b2296dfc72bfc5fd395fbde2abc1a8033047	482952fd83e933c2c800b5e57c0752e2e1517d91aa9e203c692b21460e795428
3	pc-scen003-efdf2efd64ca7275caf13b6d38223d7d29833a6f50fefd45cc395141e3d4299e	efdf2efd64ca7275caf13b6d38223d7d29833a6f50fefd45cc395141e3d4299e	40	item-040	a4d3a5adad6eb34e	太平要術	5	20	71c1f0a8713b8a439f9f14ade6c24484b188cfde8cdde5c81122d372b7fc70f3	482952fd83e933c2c800b5e57c0752e2e1517d91aa9e203c692b21460e795428
3	pc-scen003-efdf2efd64ca7275caf13b6d38223d7d29833a6f50fefd45cc395141e3d4299e	efdf2efd64ca7275caf13b6d38223d7d29833a6f50fefd45cc395141e3d4299e	41	item-041	a5c9c3a2	玉璽	6	50	a0e04c564aabf5aed25b312f9b4ac780ebc7a97266825c79c95afe1d1c0802dd	482952fd83e933c2c800b5e57c0752e2e1517d91aa9e203c692b21460e795428
3	pc-scen003-efdf2efd64ca7275caf13b6d38223d7d29833a6f50fefd45cc395141e3d4299e	efdf2efd64ca7275caf13b6d38223d7d29833a6f50fefd45cc395141e3d4299e	42	item-042	bbc9b3b6	銅雀	7	50	0beb379476db5f744279e3bdfe756a0e826b1a0b8c8bc71a91ad4e825874d23a	482952fd83e933c2c800b5e57c0752e2e1517d91aa9e203c692b21460e795428
4	pc-scen004-6451c22f04d2020bf43028728bf26eaede9937a76453c1dd87d9102d0e25ddae	6451c22f04d2020bf43028728bf26eaede9937a76453c1dd87d9102d0e25ddae	0	item-000	a8aaa8dfb0a8	赤兔馬	0	30	a45c3a839dff908a73034361420ca1e609b62d9bd78f9d7c980eada132b6eaed	f92a02bb9e71bfee91b426f1168ace905c41cb559679639d87592b1f73b478b4
4	pc-scen004-6451c22f04d2020bf43028728bf26eaede9937a76453c1dd87d9102d0e25ddae	6451c22f04d2020bf43028728bf26eaede9937a76453c1dd87d9102d0e25ddae	1	item-001	aababf63	的盧	0	15	2ff751e2689fe9ae0b127043dda4f4e707f47cde2798bbf7cd6f39f7a114bd2e	f92a02bb9e71bfee91b426f1168ace905c41cb559679639d87592b1f73b478b4
4	pc-scen004-6451c22f04d2020bf43028728bf26eaede9937a76453c1dd87d9102d0e25ddae	6451c22f04d2020bf43028728bf26eaede9937a76453c1dd87d9102d0e25ddae	2	item-002	a4f6b6c0adb8b971	爪黃飛電	0	10	101c8d82654ab173f991383e760867438c79b2fb95e614985a93dfad85eee15f	f92a02bb9e71bfee91b426f1168ace905c41cb559679639d87592b1f73b478b4
4	pc-scen004-6451c22f04d2020bf43028728bf26eaede9937a76453c1dd87d9102d0e25ddae	6451c22f04d2020bf43028728bf26eaede9937a76453c1dd87d9102d0e25ddae	3	item-003	b5b4bc76	絕影	0	10	caf90e84a5524c58e43306beb1ac78cf2124b1b27ee00afb41e0fca1f6fb50b2	f92a02bb9e71bfee91b426f1168ace905c41cb559679639d87592b1f73b478b4
4	pc-scen004-6451c22f04d2020bf43028728bf26eaede9937a76453c1dd87d9102d0e25ddae	6451c22f04d2020bf43028728bf26eaede9937a76453c1dd87d9102d0e25ddae	4	item-004	a46aa97bb0a8	大宛馬	0	8	fe86fd2621ebe064ef0cf7020e09142ac7d9672a867eab90f926d8f13f4d7f5b	f92a02bb9e71bfee91b426f1168ace905c41cb559679639d87592b1f73b478b4
4	pc-scen004-6451c22f04d2020bf43028728bf26eaede9937a76453c1dd87d9102d0e25ddae	6451c22f04d2020bf43028728bf26eaede9937a76453c1dd87d9102d0e25ddae	5	item-005	a46aa97bb0a8	大宛馬	0	8	4dbd2b101704ddbbeb111a5fb8fe6bbc3c137ef1756b42931f36476d9690d3e7	f92a02bb9e71bfee91b426f1168ace905c41cb559679639d87592b1f73b478b4
4	pc-scen004-6451c22f04d2020bf43028728bf26eaede9937a76453c1dd87d9102d0e25ddae	6451c22f04d2020bf43028728bf26eaede9937a76453c1dd87d9102d0e25ddae	6	item-006	a46aa97bb0a8	大宛馬	0	8	83f2ae19632688828e7cfadd7c0daa1c623b99a3500eb7a3a26b7922780e7edb	f92a02bb9e71bfee91b426f1168ace905c41cb559679639d87592b1f73b478b4
4	pc-scen004-6451c22f04d2020bf43028728bf26eaede9937a76453c1dd87d9102d0e25ddae	6451c22f04d2020bf43028728bf26eaede9937a76453c1dd87d9102d0e25ddae	7	item-007	a443ac50c45fa44d	七星寶刀	1	20	1c501220921b1bfa763800998a5fbd9c3eda62b5ed5838c537c1fdd7fb647daa	f92a02bb9e71bfee91b426f1168ace905c41cb559679639d87592b1f73b478b4
4	pc-scen004-6451c22f04d2020bf43028728bf26eaede9937a76453c1dd87d9102d0e25ddae	6451c22f04d2020bf43028728bf26eaede9937a76453c1dd87d9102d0e25ddae	8	item-008	adcaa4d1bc43	倚天劍	1	12	4f6a118bf801a8cf890e5ccba345ae00d40c7eb91537807abb4b6b9e273dc5ae	f92a02bb9e71bfee91b426f1168ace905c41cb559679639d87592b1f73b478b4
4	pc-scen004-6451c22f04d2020bf43028728bf26eaede9937a76453c1dd87d9102d0e25ddae	6451c22f04d2020bf43028728bf26eaede9937a76453c1dd87d9102d0e25ddae	9	item-009	ab43b3aabc43	青釭劍	1	12	81fc2094d0aa8746c211d3d7c84d81f2a3e9fce032a10fe6f2d6a854ce0d99c2	f92a02bb9e71bfee91b426f1168ace905c41cb559679639d87592b1f73b478b4
4	pc-scen004-6451c22f04d2020bf43028728bf26eaede9937a76453c1dd87d9102d0e25ddae	6451c22f04d2020bf43028728bf26eaede9937a76453c1dd87d9102d0e25ddae	10	item-010	bbdbb6afa440b9efbc43	雌雄一對劍	1	12	15869e06f0ec984658cf70634db24029e1b8271b14d673d3d3c1a73c22e04cda	f92a02bb9e71bfee91b426f1168ace905c41cb559679639d87592b1f73b478b4
4	pc-scen004-6451c22f04d2020bf43028728bf26eaede9937a76453c1dd87d9102d0e25ddae	6451c22f04d2020bf43028728bf26eaede9937a76453c1dd87d9102d0e25ddae	11	item-011	a4e8a4d1b565b475	方天畫戟	2	18	a55a7b2141d4160c844ffa1b2e5be5c76f1f88a8acdb8707541d308164413608	f92a02bb9e71bfee91b426f1168ace905c41cb559679639d87592b1f73b478b4
4	pc-scen004-6451c22f04d2020bf43028728bf26eaede9937a76453c1dd87d9102d0e25ddae	6451c22f04d2020bf43028728bf26eaede9937a76453c1dd87d9102d0e25ddae	12	item-012	ab43c073b0b3a4eba44d	青龍偃月刀	2	18	0a5080409208533f25208e0c12328210ccd301f0aa49d471d0809f50a20144cc	f92a02bb9e71bfee91b426f1168ace905c41cb559679639d87592b1f73b478b4
4	pc-scen004-6451c22f04d2020bf43028728bf26eaede9937a76453c1dd87d9102d0e25ddae	6451c22f04d2020bf43028728bf26eaede9937a76453c1dd87d9102d0e25ddae	13	item-013	b344a5d9	蛇矛	2	18	1770210c7f478684e23ed9c50e30b892baa258d676fb4a2d2d7860eb0de04416	f92a02bb9e71bfee91b426f1168ace905c41cb559679639d87592b1f73b478b4
4	pc-scen004-6451c22f04d2020bf43028728bf26eaede9937a76453c1dd87d9102d0e25ddae	6451c22f04d2020bf43028728bf26eaede9937a76453c1dd87d9102d0e25ddae	14	item-014	ac79ac50c2f1	流星鎚	3	7	92e15648efe750fe003ab1263541e5bfc72cc78f66efd1a03ce12c215bc6591b	f92a02bb9e71bfee91b426f1168ace905c41cb559679639d87592b1f73b478b4
4	pc-scen004-6451c22f04d2020bf43028728bf26eaede9937a76453c1dd87d9102d0e25ddae	6451c22f04d2020bf43028728bf26eaede9937a76453c1dd87d9102d0e25ddae	15	item-015	adb8a44d	飛刀	3	5	37def8af285103ca0ecd53b3e8536f336ed36fd8c18eda7fc1f45e8f94c7c94b	f92a02bb9e71bfee91b426f1168ace905c41cb559679639d87592b1f73b478b4
4	pc-scen004-6451c22f04d2020bf43028728bf26eaede9937a76453c1dd87d9102d0e25ddae	6451c22f04d2020bf43028728bf26eaede9937a76453c1dd87d9102d0e25ddae	16	item-016	adb8a44d	飛刀	3	5	8f8dddaa33d90557a332d0da5874f6c64865c67c6124a6a1a6c563ddb686e342	f92a02bb9e71bfee91b426f1168ace905c41cb559679639d87592b1f73b478b4
4	pc-scen004-6451c22f04d2020bf43028728bf26eaede9937a76453c1dd87d9102d0e25ddae	6451c22f04d2020bf43028728bf26eaede9937a76453c1dd87d9102d0e25ddae	17	item-017	b575b475	短戟	3	4	3df8baba4f70f9d65ccf0a9088124b7f7d0a46fed848ad8c095b3f7b3b225129	f92a02bb9e71bfee91b426f1168ace905c41cb559679639d87592b1f73b478b4
4	pc-scen004-6451c22f04d2020bf43028728bf26eaede9937a76453c1dd87d9102d0e25ddae	6451c22f04d2020bf43028728bf26eaede9937a76453c1dd87d9102d0e25ddae	18	item-018	b575b475	短戟	3	4	96b219b1d5bf3976598f45986518b8e77501e2c4c1ba119c65ca734142bfba82	f92a02bb9e71bfee91b426f1168ace905c41cb559679639d87592b1f73b478b4
4	pc-scen004-6451c22f04d2020bf43028728bf26eaede9937a76453c1dd87d9102d0e25ddae	6451c22f04d2020bf43028728bf26eaede9937a76453c1dd87d9102d0e25ddae	19	item-019	a4e2b475	手戟	3	3	3fa3bb3bb2fef99d27879415bf3213fe69676245d894f5e2c15d88d8a4f2c30f	f92a02bb9e71bfee91b426f1168ace905c41cb559679639d87592b1f73b478b4
4	pc-scen004-6451c22f04d2020bf43028728bf26eaede9937a76453c1dd87d9102d0e25ddae	6451c22f04d2020bf43028728bf26eaede9937a76453c1dd87d9102d0e25ddae	20	item-020	a4e2b475	手戟	3	3	d354bcbaf19aa0eb83991aabd92a6cb740a4909714e191bd64299720e5e7a9ff	f92a02bb9e71bfee91b426f1168ace905c41cb559679639d87592b1f73b478b4
4	pc-scen004-6451c22f04d2020bf43028728bf26eaede9937a76453c1dd87d9102d0e25ddae	6451c22f04d2020bf43028728bf26eaede9937a76453c1dd87d9102d0e25ddae	21	item-021	c54bc2ea	鐵鎖	3	6	1da9d5541cbed9d2e582027b99fefacd50f4d69981d075fdeb8c4ecd228a486f	f92a02bb9e71bfee91b426f1168ace905c41cb559679639d87592b1f73b478b4
4	pc-scen004-6451c22f04d2020bf43028728bf26eaede9937a76453c1dd87d9102d0e25ddae	6451c22f04d2020bf43028728bf26eaede9937a76453c1dd87d9102d0e25ddae	22	item-022	be69a5d1b0f2a47d	養由基弓	4	20	80cff19423ec9433d181ca8605ce0a2d7793b5b289caeff351c7bc3f95328a87	f92a02bb9e71bfee91b426f1168ace905c41cb559679639d87592b1f73b478b4
4	pc-scen004-6451c22f04d2020bf43028728bf26eaede9937a76453c1dd87d9102d0e25ddae	6451c22f04d2020bf43028728bf26eaede9937a76453c1dd87d9102d0e25ddae	23	item-023	a7f5bc73a47d	李廣弓	4	18	c5585aba8fefc0c0a8fafa0cd0a8e35d05fe952112ab2d59346f212d48da8655	f92a02bb9e71bfee91b426f1168ace905c41cb559679639d87592b1f73b478b4
4	pc-scen004-6451c22f04d2020bf43028728bf26eaede9937a76453c1dd87d9102d0e25ddae	6451c22f04d2020bf43028728bf26eaede9937a76453c1dd87d9102d0e25ddae	24	item-024	c0c8a47d	檀弓	4	8	e576f65c35e1d458654baf21075bbe06eca65cb7eab91b8ddbe49e57fd3653c9	f92a02bb9e71bfee91b426f1168ace905c41cb559679639d87592b1f73b478b4
4	pc-scen004-6451c22f04d2020bf43028728bf26eaede9937a76453c1dd87d9102d0e25ddae	6451c22f04d2020bf43028728bf26eaede9937a76453c1dd87d9102d0e25ddae	25	item-025	c0c8a47d	檀弓	4	8	601cc7d1a32e8e881aedccdfed8d27915f6a0126147399d6adb0aa4c22e682df	f92a02bb9e71bfee91b426f1168ace905c41cb559679639d87592b1f73b478b4
4	pc-scen004-6451c22f04d2020bf43028728bf26eaede9937a76453c1dd87d9102d0e25ddae	6451c22f04d2020bf43028728bf26eaede9937a76453c1dd87d9102d0e25ddae	26	item-026	aa46ad4aadb8a47d	東胡飛弓	4	8	274593094f44b1391b9faf6f219d6ac024ad6ac97d21fa8d688a8e8802764541	f92a02bb9e71bfee91b426f1168ace905c41cb559679639d87592b1f73b478b4
4	pc-scen004-6451c22f04d2020bf43028728bf26eaede9937a76453c1dd87d9102d0e25ddae	6451c22f04d2020bf43028728bf26eaede9937a76453c1dd87d9102d0e25ddae	27	item-027	aa46ad4aadb8a47d	東胡飛弓	4	8	a9daea3f89f65b14a906969cb201aed5ca495fe964ce03a516c5273a4d31cd2a	f92a02bb9e71bfee91b426f1168ace905c41cb559679639d87592b1f73b478b4
4	pc-scen004-6451c22f04d2020bf43028728bf26eaede9937a76453c1dd87d9102d0e25ddae	6451c22f04d2020bf43028728bf26eaede9937a76453c1dd87d9102d0e25ddae	28	item-028	b8e7a47d	貊弓	4	8	0e2c9d811137f679e90113af57fcb9889934042513ea39f2f82bad23ae7238aa	f92a02bb9e71bfee91b426f1168ace905c41cb559679639d87592b1f73b478b4
4	pc-scen004-6451c22f04d2020bf43028728bf26eaede9937a76453c1dd87d9102d0e25ddae	6451c22f04d2020bf43028728bf26eaede9937a76453c1dd87d9102d0e25ddae	29	item-029	b8e7a47d	貊弓	4	8	1c242505b7b2103e8916cd81b166a339aadf822d9f9436cc2704bd21e2c37b90	f92a02bb9e71bfee91b426f1168ace905c41cb559679639d87592b1f73b478b4
4	pc-scen004-6451c22f04d2020bf43028728bf26eaede9937a76453c1dd87d9102d0e25ddae	6451c22f04d2020bf43028728bf26eaede9937a76453c1dd87d9102d0e25ddae	30	item-030	ae5da46ca74caa6b	孫子兵法	5	30	434fa3318fbe6ecc2272aedf5d370477c8a5d8c13a6f5ba6e854e463f07b94bc	f92a02bb9e71bfee91b426f1168ace905c41cb559679639d87592b1f73b478b4
4	pc-scen004-6451c22f04d2020bf43028728bf26eaede9937a76453c1dd87d9102d0e25ddae	6451c22f04d2020bf43028728bf26eaede9937a76453c1dd87d9102d0e25ddae	31	item-031	a74caa6ba447a451a57cbd67	兵法二十四篇	5	20	84c0d1d9c16a3acaf4150ea6fe1628f663bc385318a397c4ad1b307316f3f31b	f92a02bb9e71bfee91b426f1168ace905c41cb559679639d87592b1f73b478b4
4	pc-scen004-6451c22f04d2020bf43028728bf26eaede9937a76453c1dd87d9102d0e25ddae	6451c22f04d2020bf43028728bf26eaede9937a76453c1dd87d9102d0e25ddae	32	item-032	a973bc77b773aed1	孟德新書	5	20	4498999aff35c5621a3f24cabb6d2207755f54c506bb18491955b0b003c341a3	f92a02bb9e71bfee91b426f1168ace905c41cb559679639d87592b1f73b478b4
4	pc-scen004-6451c22f04d2020bf43028728bf26eaede9937a76453c1dd87d9102d0e25ddae	6451c22f04d2020bf43028728bf26eaede9937a76453c1dd87d9102d0e25ddae	33	item-033	a4bbc3fc	六韜	5	18	c7de34e40f6e392fe43c7ee06b17eadb0fe8447b6b8f2bffd97f4211b94c8995	f92a02bb9e71bfee91b426f1168ace905c41cb559679639d87592b1f73b478b4
4	pc-scen004-6451c22f04d2020bf43028728bf26eaede9937a76453c1dd87d9102d0e25ddae	6451c22f04d2020bf43028728bf26eaede9937a76453c1dd87d9102d0e25ddae	34	item-034	a454b2a4	三略	5	18	090b613b7e9f10ccd4cc32e086b01cdecb106dd8d0da69e7c0fdec9275a058aa	f92a02bb9e71bfee91b426f1168ace905c41cb559679639d87592b1f73b478b4
4	pc-scen004-6451c22f04d2020bf43028728bf26eaede9937a76453c1dd87d9102d0e25ddae	6451c22f04d2020bf43028728bf26eaede9937a76453c1dd87d9102d0e25ddae	35	item-035	a764a46c	吳子	5	15	41c13ba2b96e7dfa5d16393fdd4160ab7a1a2c25a4d87032ddd0eb98434c4858	f92a02bb9e71bfee91b426f1168ace905c41cb559679639d87592b1f73b478b4
4	pc-scen004-6451c22f04d2020bf43028728bf26eaede9937a76453c1dd87d9102d0e25ddae	6451c22f04d2020bf43028728bf26eaede9937a76453c1dd87d9102d0e25ddae	36	item-036	b14cc2b7a46c	尉繚子	5	15	b531b9be1bfdc7127d8dbf15cb6cb563d91b4ec0fb6b2f4475ad05fcc79d44ef	f92a02bb9e71bfee91b426f1168ace905c41cb559679639d87592b1f73b478b4
4	pc-scen004-6451c22f04d2020bf43028728bf26eaede9937a76453c1dd87d9102d0e25ddae	6451c22f04d2020bf43028728bf26eaede9937a76453c1dd87d9102d0e25ddae	37	item-037	bed4b0eab5a6	戰國策	5	15	a121b16db44f07f1f284918e0b1a2e01c86185395f09344a43d7a30e4fdb068b	f92a02bb9e71bfee91b426f1168ace905c41cb559679639d87592b1f73b478b4
4	pc-scen004-6451c22f04d2020bf43028728bf26eaede9937a76453c1dd87d9102d0e25ddae	6451c22f04d2020bf43028728bf26eaede9937a76453c1dd87d9102d0e25ddae	38	item-038	a571b0a8aa6b	司馬法	5	12	51e7016318eb938cdfffd51ab29fa851fe651817ab4448084af7b93e030049ec	f92a02bb9e71bfee91b426f1168ace905c41cb559679639d87592b1f73b478b4
4	pc-scen004-6451c22f04d2020bf43028728bf26eaede9937a76453c1dd87d9102d0e25ddae	6451c22f04d2020bf43028728bf26eaede9937a76453c1dd87d9102d0e25ddae	39	item-039	bea5a46c	墨子	5	12	b224e3d71ed456f3b51b2b8a36b1b2296dfc72bfc5fd395fbde2abc1a8033047	f92a02bb9e71bfee91b426f1168ace905c41cb559679639d87592b1f73b478b4
4	pc-scen004-6451c22f04d2020bf43028728bf26eaede9937a76453c1dd87d9102d0e25ddae	6451c22f04d2020bf43028728bf26eaede9937a76453c1dd87d9102d0e25ddae	40	item-040	a4d3a5adad6eb34e	太平要術	5	20	71c1f0a8713b8a439f9f14ade6c24484b188cfde8cdde5c81122d372b7fc70f3	f92a02bb9e71bfee91b426f1168ace905c41cb559679639d87592b1f73b478b4
4	pc-scen004-6451c22f04d2020bf43028728bf26eaede9937a76453c1dd87d9102d0e25ddae	6451c22f04d2020bf43028728bf26eaede9937a76453c1dd87d9102d0e25ddae	41	item-041	a5c9c3a2	玉璽	6	50	a0e04c564aabf5aed25b312f9b4ac780ebc7a97266825c79c95afe1d1c0802dd	f92a02bb9e71bfee91b426f1168ace905c41cb559679639d87592b1f73b478b4
4	pc-scen004-6451c22f04d2020bf43028728bf26eaede9937a76453c1dd87d9102d0e25ddae	6451c22f04d2020bf43028728bf26eaede9937a76453c1dd87d9102d0e25ddae	42	item-042	bbc9b3b6	銅雀	7	50	0beb379476db5f744279e3bdfe756a0e826b1a0b8c8bc71a91ad4e825874d23a	f92a02bb9e71bfee91b426f1168ace905c41cb559679639d87592b1f73b478b4
5	pc-scen005-4ffc74a7ce91d926c8eb1394c8eeb12cc0e942d0abbcd3d10187779f8edbfe01	4ffc74a7ce91d926c8eb1394c8eeb12cc0e942d0abbcd3d10187779f8edbfe01	0	item-000	a8aaa8dfb0a8	赤兔馬	0	30	a45c3a839dff908a73034361420ca1e609b62d9bd78f9d7c980eada132b6eaed	f93275967fbc96b29f8b86d8669b5d5ab7529a837077ad8fb9d709e13466a995
5	pc-scen005-4ffc74a7ce91d926c8eb1394c8eeb12cc0e942d0abbcd3d10187779f8edbfe01	4ffc74a7ce91d926c8eb1394c8eeb12cc0e942d0abbcd3d10187779f8edbfe01	1	item-001	aababf63	的盧	0	15	2ff751e2689fe9ae0b127043dda4f4e707f47cde2798bbf7cd6f39f7a114bd2e	f93275967fbc96b29f8b86d8669b5d5ab7529a837077ad8fb9d709e13466a995
5	pc-scen005-4ffc74a7ce91d926c8eb1394c8eeb12cc0e942d0abbcd3d10187779f8edbfe01	4ffc74a7ce91d926c8eb1394c8eeb12cc0e942d0abbcd3d10187779f8edbfe01	2	item-002	a4f6b6c0adb8b971	爪黃飛電	0	10	101c8d82654ab173f991383e760867438c79b2fb95e614985a93dfad85eee15f	f93275967fbc96b29f8b86d8669b5d5ab7529a837077ad8fb9d709e13466a995
5	pc-scen005-4ffc74a7ce91d926c8eb1394c8eeb12cc0e942d0abbcd3d10187779f8edbfe01	4ffc74a7ce91d926c8eb1394c8eeb12cc0e942d0abbcd3d10187779f8edbfe01	3	item-003	b5b4bc76	絕影	0	10	caf90e84a5524c58e43306beb1ac78cf2124b1b27ee00afb41e0fca1f6fb50b2	f93275967fbc96b29f8b86d8669b5d5ab7529a837077ad8fb9d709e13466a995
5	pc-scen005-4ffc74a7ce91d926c8eb1394c8eeb12cc0e942d0abbcd3d10187779f8edbfe01	4ffc74a7ce91d926c8eb1394c8eeb12cc0e942d0abbcd3d10187779f8edbfe01	4	item-004	a46aa97bb0a8	大宛馬	0	8	fe86fd2621ebe064ef0cf7020e09142ac7d9672a867eab90f926d8f13f4d7f5b	f93275967fbc96b29f8b86d8669b5d5ab7529a837077ad8fb9d709e13466a995
5	pc-scen005-4ffc74a7ce91d926c8eb1394c8eeb12cc0e942d0abbcd3d10187779f8edbfe01	4ffc74a7ce91d926c8eb1394c8eeb12cc0e942d0abbcd3d10187779f8edbfe01	5	item-005	a46aa97bb0a8	大宛馬	0	8	4dbd2b101704ddbbeb111a5fb8fe6bbc3c137ef1756b42931f36476d9690d3e7	f93275967fbc96b29f8b86d8669b5d5ab7529a837077ad8fb9d709e13466a995
5	pc-scen005-4ffc74a7ce91d926c8eb1394c8eeb12cc0e942d0abbcd3d10187779f8edbfe01	4ffc74a7ce91d926c8eb1394c8eeb12cc0e942d0abbcd3d10187779f8edbfe01	6	item-006	a46aa97bb0a8	大宛馬	0	8	83f2ae19632688828e7cfadd7c0daa1c623b99a3500eb7a3a26b7922780e7edb	f93275967fbc96b29f8b86d8669b5d5ab7529a837077ad8fb9d709e13466a995
5	pc-scen005-4ffc74a7ce91d926c8eb1394c8eeb12cc0e942d0abbcd3d10187779f8edbfe01	4ffc74a7ce91d926c8eb1394c8eeb12cc0e942d0abbcd3d10187779f8edbfe01	7	item-007	a443ac50c45fa44d	七星寶刀	1	20	1c501220921b1bfa763800998a5fbd9c3eda62b5ed5838c537c1fdd7fb647daa	f93275967fbc96b29f8b86d8669b5d5ab7529a837077ad8fb9d709e13466a995
5	pc-scen005-4ffc74a7ce91d926c8eb1394c8eeb12cc0e942d0abbcd3d10187779f8edbfe01	4ffc74a7ce91d926c8eb1394c8eeb12cc0e942d0abbcd3d10187779f8edbfe01	8	item-008	adcaa4d1bc43	倚天劍	1	12	4f6a118bf801a8cf890e5ccba345ae00d40c7eb91537807abb4b6b9e273dc5ae	f93275967fbc96b29f8b86d8669b5d5ab7529a837077ad8fb9d709e13466a995
5	pc-scen005-4ffc74a7ce91d926c8eb1394c8eeb12cc0e942d0abbcd3d10187779f8edbfe01	4ffc74a7ce91d926c8eb1394c8eeb12cc0e942d0abbcd3d10187779f8edbfe01	9	item-009	ab43b3aabc43	青釭劍	1	12	f25e9e3f1a5c3ecac3c84ed22514539c185c340f303d6dfc09550642a6278d35	f93275967fbc96b29f8b86d8669b5d5ab7529a837077ad8fb9d709e13466a995
5	pc-scen005-4ffc74a7ce91d926c8eb1394c8eeb12cc0e942d0abbcd3d10187779f8edbfe01	4ffc74a7ce91d926c8eb1394c8eeb12cc0e942d0abbcd3d10187779f8edbfe01	10	item-010	bbdbb6afa440b9efbc43	雌雄一對劍	1	12	15869e06f0ec984658cf70634db24029e1b8271b14d673d3d3c1a73c22e04cda	f93275967fbc96b29f8b86d8669b5d5ab7529a837077ad8fb9d709e13466a995
5	pc-scen005-4ffc74a7ce91d926c8eb1394c8eeb12cc0e942d0abbcd3d10187779f8edbfe01	4ffc74a7ce91d926c8eb1394c8eeb12cc0e942d0abbcd3d10187779f8edbfe01	11	item-011	a4e8a4d1b565b475	方天畫戟	2	18	a55a7b2141d4160c844ffa1b2e5be5c76f1f88a8acdb8707541d308164413608	f93275967fbc96b29f8b86d8669b5d5ab7529a837077ad8fb9d709e13466a995
5	pc-scen005-4ffc74a7ce91d926c8eb1394c8eeb12cc0e942d0abbcd3d10187779f8edbfe01	4ffc74a7ce91d926c8eb1394c8eeb12cc0e942d0abbcd3d10187779f8edbfe01	12	item-012	ab43c073b0b3a4eba44d	青龍偃月刀	2	18	0a5080409208533f25208e0c12328210ccd301f0aa49d471d0809f50a20144cc	f93275967fbc96b29f8b86d8669b5d5ab7529a837077ad8fb9d709e13466a995
5	pc-scen005-4ffc74a7ce91d926c8eb1394c8eeb12cc0e942d0abbcd3d10187779f8edbfe01	4ffc74a7ce91d926c8eb1394c8eeb12cc0e942d0abbcd3d10187779f8edbfe01	13	item-013	b344a5d9	蛇矛	2	18	1770210c7f478684e23ed9c50e30b892baa258d676fb4a2d2d7860eb0de04416	f93275967fbc96b29f8b86d8669b5d5ab7529a837077ad8fb9d709e13466a995
5	pc-scen005-4ffc74a7ce91d926c8eb1394c8eeb12cc0e942d0abbcd3d10187779f8edbfe01	4ffc74a7ce91d926c8eb1394c8eeb12cc0e942d0abbcd3d10187779f8edbfe01	14	item-014	ac79ac50c2f1	流星鎚	3	7	92e15648efe750fe003ab1263541e5bfc72cc78f66efd1a03ce12c215bc6591b	f93275967fbc96b29f8b86d8669b5d5ab7529a837077ad8fb9d709e13466a995
5	pc-scen005-4ffc74a7ce91d926c8eb1394c8eeb12cc0e942d0abbcd3d10187779f8edbfe01	4ffc74a7ce91d926c8eb1394c8eeb12cc0e942d0abbcd3d10187779f8edbfe01	15	item-015	adb8a44d	飛刀	3	5	37def8af285103ca0ecd53b3e8536f336ed36fd8c18eda7fc1f45e8f94c7c94b	f93275967fbc96b29f8b86d8669b5d5ab7529a837077ad8fb9d709e13466a995
5	pc-scen005-4ffc74a7ce91d926c8eb1394c8eeb12cc0e942d0abbcd3d10187779f8edbfe01	4ffc74a7ce91d926c8eb1394c8eeb12cc0e942d0abbcd3d10187779f8edbfe01	16	item-016	adb8a44d	飛刀	3	5	4de9ac5eeb92263f3144617d5fb08de82fdf2c440423aff85c8fbd0fbae09040	f93275967fbc96b29f8b86d8669b5d5ab7529a837077ad8fb9d709e13466a995
5	pc-scen005-4ffc74a7ce91d926c8eb1394c8eeb12cc0e942d0abbcd3d10187779f8edbfe01	4ffc74a7ce91d926c8eb1394c8eeb12cc0e942d0abbcd3d10187779f8edbfe01	17	item-017	b575b475	短戟	3	4	3df8baba4f70f9d65ccf0a9088124b7f7d0a46fed848ad8c095b3f7b3b225129	f93275967fbc96b29f8b86d8669b5d5ab7529a837077ad8fb9d709e13466a995
5	pc-scen005-4ffc74a7ce91d926c8eb1394c8eeb12cc0e942d0abbcd3d10187779f8edbfe01	4ffc74a7ce91d926c8eb1394c8eeb12cc0e942d0abbcd3d10187779f8edbfe01	18	item-018	b575b475	短戟	3	4	96b219b1d5bf3976598f45986518b8e77501e2c4c1ba119c65ca734142bfba82	f93275967fbc96b29f8b86d8669b5d5ab7529a837077ad8fb9d709e13466a995
5	pc-scen005-4ffc74a7ce91d926c8eb1394c8eeb12cc0e942d0abbcd3d10187779f8edbfe01	4ffc74a7ce91d926c8eb1394c8eeb12cc0e942d0abbcd3d10187779f8edbfe01	19	item-019	a4e2b475	手戟	3	3	6d84d7fdf82ea0b16bddf76856082d75455887f41dfe7c4fff2e73e094af559f	f93275967fbc96b29f8b86d8669b5d5ab7529a837077ad8fb9d709e13466a995
5	pc-scen005-4ffc74a7ce91d926c8eb1394c8eeb12cc0e942d0abbcd3d10187779f8edbfe01	4ffc74a7ce91d926c8eb1394c8eeb12cc0e942d0abbcd3d10187779f8edbfe01	20	item-020	a4e2b475	手戟	3	3	d354bcbaf19aa0eb83991aabd92a6cb740a4909714e191bd64299720e5e7a9ff	f93275967fbc96b29f8b86d8669b5d5ab7529a837077ad8fb9d709e13466a995
5	pc-scen005-4ffc74a7ce91d926c8eb1394c8eeb12cc0e942d0abbcd3d10187779f8edbfe01	4ffc74a7ce91d926c8eb1394c8eeb12cc0e942d0abbcd3d10187779f8edbfe01	21	item-021	c54bc2ea	鐵鎖	3	6	1da9d5541cbed9d2e582027b99fefacd50f4d69981d075fdeb8c4ecd228a486f	f93275967fbc96b29f8b86d8669b5d5ab7529a837077ad8fb9d709e13466a995
5	pc-scen005-4ffc74a7ce91d926c8eb1394c8eeb12cc0e942d0abbcd3d10187779f8edbfe01	4ffc74a7ce91d926c8eb1394c8eeb12cc0e942d0abbcd3d10187779f8edbfe01	22	item-022	be69a5d1b0f2a47d	養由基弓	4	20	80cff19423ec9433d181ca8605ce0a2d7793b5b289caeff351c7bc3f95328a87	f93275967fbc96b29f8b86d8669b5d5ab7529a837077ad8fb9d709e13466a995
5	pc-scen005-4ffc74a7ce91d926c8eb1394c8eeb12cc0e942d0abbcd3d10187779f8edbfe01	4ffc74a7ce91d926c8eb1394c8eeb12cc0e942d0abbcd3d10187779f8edbfe01	23	item-023	a7f5bc73a47d	李廣弓	4	18	c5585aba8fefc0c0a8fafa0cd0a8e35d05fe952112ab2d59346f212d48da8655	f93275967fbc96b29f8b86d8669b5d5ab7529a837077ad8fb9d709e13466a995
5	pc-scen005-4ffc74a7ce91d926c8eb1394c8eeb12cc0e942d0abbcd3d10187779f8edbfe01	4ffc74a7ce91d926c8eb1394c8eeb12cc0e942d0abbcd3d10187779f8edbfe01	24	item-024	c0c8a47d	檀弓	4	8	e576f65c35e1d458654baf21075bbe06eca65cb7eab91b8ddbe49e57fd3653c9	f93275967fbc96b29f8b86d8669b5d5ab7529a837077ad8fb9d709e13466a995
5	pc-scen005-4ffc74a7ce91d926c8eb1394c8eeb12cc0e942d0abbcd3d10187779f8edbfe01	4ffc74a7ce91d926c8eb1394c8eeb12cc0e942d0abbcd3d10187779f8edbfe01	25	item-025	c0c8a47d	檀弓	4	8	601cc7d1a32e8e881aedccdfed8d27915f6a0126147399d6adb0aa4c22e682df	f93275967fbc96b29f8b86d8669b5d5ab7529a837077ad8fb9d709e13466a995
5	pc-scen005-4ffc74a7ce91d926c8eb1394c8eeb12cc0e942d0abbcd3d10187779f8edbfe01	4ffc74a7ce91d926c8eb1394c8eeb12cc0e942d0abbcd3d10187779f8edbfe01	26	item-026	aa46ad4aadb8a47d	東胡飛弓	4	8	274593094f44b1391b9faf6f219d6ac024ad6ac97d21fa8d688a8e8802764541	f93275967fbc96b29f8b86d8669b5d5ab7529a837077ad8fb9d709e13466a995
5	pc-scen005-4ffc74a7ce91d926c8eb1394c8eeb12cc0e942d0abbcd3d10187779f8edbfe01	4ffc74a7ce91d926c8eb1394c8eeb12cc0e942d0abbcd3d10187779f8edbfe01	27	item-027	aa46ad4aadb8a47d	東胡飛弓	4	8	a9daea3f89f65b14a906969cb201aed5ca495fe964ce03a516c5273a4d31cd2a	f93275967fbc96b29f8b86d8669b5d5ab7529a837077ad8fb9d709e13466a995
5	pc-scen005-4ffc74a7ce91d926c8eb1394c8eeb12cc0e942d0abbcd3d10187779f8edbfe01	4ffc74a7ce91d926c8eb1394c8eeb12cc0e942d0abbcd3d10187779f8edbfe01	28	item-028	b8e7a47d	貊弓	4	8	0e2c9d811137f679e90113af57fcb9889934042513ea39f2f82bad23ae7238aa	f93275967fbc96b29f8b86d8669b5d5ab7529a837077ad8fb9d709e13466a995
5	pc-scen005-4ffc74a7ce91d926c8eb1394c8eeb12cc0e942d0abbcd3d10187779f8edbfe01	4ffc74a7ce91d926c8eb1394c8eeb12cc0e942d0abbcd3d10187779f8edbfe01	29	item-029	b8e7a47d	貊弓	4	8	1c242505b7b2103e8916cd81b166a339aadf822d9f9436cc2704bd21e2c37b90	f93275967fbc96b29f8b86d8669b5d5ab7529a837077ad8fb9d709e13466a995
5	pc-scen005-4ffc74a7ce91d926c8eb1394c8eeb12cc0e942d0abbcd3d10187779f8edbfe01	4ffc74a7ce91d926c8eb1394c8eeb12cc0e942d0abbcd3d10187779f8edbfe01	30	item-030	ae5da46ca74caa6b	孫子兵法	5	30	434fa3318fbe6ecc2272aedf5d370477c8a5d8c13a6f5ba6e854e463f07b94bc	f93275967fbc96b29f8b86d8669b5d5ab7529a837077ad8fb9d709e13466a995
5	pc-scen005-4ffc74a7ce91d926c8eb1394c8eeb12cc0e942d0abbcd3d10187779f8edbfe01	4ffc74a7ce91d926c8eb1394c8eeb12cc0e942d0abbcd3d10187779f8edbfe01	31	item-031	a74caa6ba447a451a57cbd67	兵法二十四篇	5	20	84c0d1d9c16a3acaf4150ea6fe1628f663bc385318a397c4ad1b307316f3f31b	f93275967fbc96b29f8b86d8669b5d5ab7529a837077ad8fb9d709e13466a995
5	pc-scen005-4ffc74a7ce91d926c8eb1394c8eeb12cc0e942d0abbcd3d10187779f8edbfe01	4ffc74a7ce91d926c8eb1394c8eeb12cc0e942d0abbcd3d10187779f8edbfe01	32	item-032	a973bc77b773aed1	孟德新書	5	20	4498999aff35c5621a3f24cabb6d2207755f54c506bb18491955b0b003c341a3	f93275967fbc96b29f8b86d8669b5d5ab7529a837077ad8fb9d709e13466a995
5	pc-scen005-4ffc74a7ce91d926c8eb1394c8eeb12cc0e942d0abbcd3d10187779f8edbfe01	4ffc74a7ce91d926c8eb1394c8eeb12cc0e942d0abbcd3d10187779f8edbfe01	33	item-033	a4bbc3fc	六韜	5	18	c7de34e40f6e392fe43c7ee06b17eadb0fe8447b6b8f2bffd97f4211b94c8995	f93275967fbc96b29f8b86d8669b5d5ab7529a837077ad8fb9d709e13466a995
5	pc-scen005-4ffc74a7ce91d926c8eb1394c8eeb12cc0e942d0abbcd3d10187779f8edbfe01	4ffc74a7ce91d926c8eb1394c8eeb12cc0e942d0abbcd3d10187779f8edbfe01	34	item-034	a454b2a4	三略	5	18	090b613b7e9f10ccd4cc32e086b01cdecb106dd8d0da69e7c0fdec9275a058aa	f93275967fbc96b29f8b86d8669b5d5ab7529a837077ad8fb9d709e13466a995
5	pc-scen005-4ffc74a7ce91d926c8eb1394c8eeb12cc0e942d0abbcd3d10187779f8edbfe01	4ffc74a7ce91d926c8eb1394c8eeb12cc0e942d0abbcd3d10187779f8edbfe01	35	item-035	a764a46c	吳子	5	15	41c13ba2b96e7dfa5d16393fdd4160ab7a1a2c25a4d87032ddd0eb98434c4858	f93275967fbc96b29f8b86d8669b5d5ab7529a837077ad8fb9d709e13466a995
5	pc-scen005-4ffc74a7ce91d926c8eb1394c8eeb12cc0e942d0abbcd3d10187779f8edbfe01	4ffc74a7ce91d926c8eb1394c8eeb12cc0e942d0abbcd3d10187779f8edbfe01	36	item-036	b14cc2b7a46c	尉繚子	5	15	b531b9be1bfdc7127d8dbf15cb6cb563d91b4ec0fb6b2f4475ad05fcc79d44ef	f93275967fbc96b29f8b86d8669b5d5ab7529a837077ad8fb9d709e13466a995
5	pc-scen005-4ffc74a7ce91d926c8eb1394c8eeb12cc0e942d0abbcd3d10187779f8edbfe01	4ffc74a7ce91d926c8eb1394c8eeb12cc0e942d0abbcd3d10187779f8edbfe01	37	item-037	bed4b0eab5a6	戰國策	5	15	a121b16db44f07f1f284918e0b1a2e01c86185395f09344a43d7a30e4fdb068b	f93275967fbc96b29f8b86d8669b5d5ab7529a837077ad8fb9d709e13466a995
5	pc-scen005-4ffc74a7ce91d926c8eb1394c8eeb12cc0e942d0abbcd3d10187779f8edbfe01	4ffc74a7ce91d926c8eb1394c8eeb12cc0e942d0abbcd3d10187779f8edbfe01	38	item-038	a571b0a8aa6b	司馬法	5	12	51e7016318eb938cdfffd51ab29fa851fe651817ab4448084af7b93e030049ec	f93275967fbc96b29f8b86d8669b5d5ab7529a837077ad8fb9d709e13466a995
5	pc-scen005-4ffc74a7ce91d926c8eb1394c8eeb12cc0e942d0abbcd3d10187779f8edbfe01	4ffc74a7ce91d926c8eb1394c8eeb12cc0e942d0abbcd3d10187779f8edbfe01	39	item-039	bea5a46c	墨子	5	12	b224e3d71ed456f3b51b2b8a36b1b2296dfc72bfc5fd395fbde2abc1a8033047	f93275967fbc96b29f8b86d8669b5d5ab7529a837077ad8fb9d709e13466a995
5	pc-scen005-4ffc74a7ce91d926c8eb1394c8eeb12cc0e942d0abbcd3d10187779f8edbfe01	4ffc74a7ce91d926c8eb1394c8eeb12cc0e942d0abbcd3d10187779f8edbfe01	40	item-040	a4d3a5adad6eb34e	太平要術	5	20	71c1f0a8713b8a439f9f14ade6c24484b188cfde8cdde5c81122d372b7fc70f3	f93275967fbc96b29f8b86d8669b5d5ab7529a837077ad8fb9d709e13466a995
5	pc-scen005-4ffc74a7ce91d926c8eb1394c8eeb12cc0e942d0abbcd3d10187779f8edbfe01	4ffc74a7ce91d926c8eb1394c8eeb12cc0e942d0abbcd3d10187779f8edbfe01	41	item-041	a5c9c3a2	玉璽	6	50	a0e04c564aabf5aed25b312f9b4ac780ebc7a97266825c79c95afe1d1c0802dd	f93275967fbc96b29f8b86d8669b5d5ab7529a837077ad8fb9d709e13466a995
5	pc-scen005-4ffc74a7ce91d926c8eb1394c8eeb12cc0e942d0abbcd3d10187779f8edbfe01	4ffc74a7ce91d926c8eb1394c8eeb12cc0e942d0abbcd3d10187779f8edbfe01	42	item-042	bbc9b3b6	銅雀	7	50	0beb379476db5f744279e3bdfe756a0e826b1a0b8c8bc71a91ad4e825874d23a	f93275967fbc96b29f8b86d8669b5d5ab7529a837077ad8fb9d709e13466a995
6	pc-scen006-b4a9809071c817c1b6391b99b541f9161f233c401d0ce712b70b8d511075ad88	b4a9809071c817c1b6391b99b541f9161f233c401d0ce712b70b8d511075ad88	0	item-000	a8aaa8dfb0a8	赤兔馬	0	30	3d6f32ebb998d223dc3728f7c5d3f0e0b281703eb93925a94fd059c0297b7369	50d170bc64b9fa12130884b30c408ce45dcb98ef24549594a480a67275c8a5c4
6	pc-scen006-b4a9809071c817c1b6391b99b541f9161f233c401d0ce712b70b8d511075ad88	b4a9809071c817c1b6391b99b541f9161f233c401d0ce712b70b8d511075ad88	1	item-001	aababf63	的盧	0	15	a217735952dda921b418a70f9f777fa135f0e5950f18f13e5d21aef19d98b7f9	50d170bc64b9fa12130884b30c408ce45dcb98ef24549594a480a67275c8a5c4
6	pc-scen006-b4a9809071c817c1b6391b99b541f9161f233c401d0ce712b70b8d511075ad88	b4a9809071c817c1b6391b99b541f9161f233c401d0ce712b70b8d511075ad88	2	item-002	a4f6b6c0adb8b971	爪黃飛電	0	10	fa20f7db224f434e153b2f9ede5fa04e917569a26bc99263e8c2e72e3f47e870	50d170bc64b9fa12130884b30c408ce45dcb98ef24549594a480a67275c8a5c4
6	pc-scen006-b4a9809071c817c1b6391b99b541f9161f233c401d0ce712b70b8d511075ad88	b4a9809071c817c1b6391b99b541f9161f233c401d0ce712b70b8d511075ad88	3	item-003	b5b4bc76	絕影	0	10	caf90e84a5524c58e43306beb1ac78cf2124b1b27ee00afb41e0fca1f6fb50b2	50d170bc64b9fa12130884b30c408ce45dcb98ef24549594a480a67275c8a5c4
6	pc-scen006-b4a9809071c817c1b6391b99b541f9161f233c401d0ce712b70b8d511075ad88	b4a9809071c817c1b6391b99b541f9161f233c401d0ce712b70b8d511075ad88	4	item-004	a46aa97bb0a8	大宛馬	0	8	1189840263aa8a128b30bfed8c93e2508aef87b9dff91f08b346a5aa8b1bc4bc	50d170bc64b9fa12130884b30c408ce45dcb98ef24549594a480a67275c8a5c4
6	pc-scen006-b4a9809071c817c1b6391b99b541f9161f233c401d0ce712b70b8d511075ad88	b4a9809071c817c1b6391b99b541f9161f233c401d0ce712b70b8d511075ad88	5	item-005	a46aa97bb0a8	大宛馬	0	8	4dbd2b101704ddbbeb111a5fb8fe6bbc3c137ef1756b42931f36476d9690d3e7	50d170bc64b9fa12130884b30c408ce45dcb98ef24549594a480a67275c8a5c4
6	pc-scen006-b4a9809071c817c1b6391b99b541f9161f233c401d0ce712b70b8d511075ad88	b4a9809071c817c1b6391b99b541f9161f233c401d0ce712b70b8d511075ad88	6	item-006	a46aa97bb0a8	大宛馬	0	8	83f2ae19632688828e7cfadd7c0daa1c623b99a3500eb7a3a26b7922780e7edb	50d170bc64b9fa12130884b30c408ce45dcb98ef24549594a480a67275c8a5c4
6	pc-scen006-b4a9809071c817c1b6391b99b541f9161f233c401d0ce712b70b8d511075ad88	b4a9809071c817c1b6391b99b541f9161f233c401d0ce712b70b8d511075ad88	7	item-007	a443ac50c45fa44d	七星寶刀	1	20	1c501220921b1bfa763800998a5fbd9c3eda62b5ed5838c537c1fdd7fb647daa	50d170bc64b9fa12130884b30c408ce45dcb98ef24549594a480a67275c8a5c4
6	pc-scen006-b4a9809071c817c1b6391b99b541f9161f233c401d0ce712b70b8d511075ad88	b4a9809071c817c1b6391b99b541f9161f233c401d0ce712b70b8d511075ad88	8	item-008	adcaa4d1bc43	倚天劍	1	12	c448eb620fe0d6df79a1aeb7ad093aff05a4e271eb4120432ea0a46b72007f75	50d170bc64b9fa12130884b30c408ce45dcb98ef24549594a480a67275c8a5c4
6	pc-scen006-b4a9809071c817c1b6391b99b541f9161f233c401d0ce712b70b8d511075ad88	b4a9809071c817c1b6391b99b541f9161f233c401d0ce712b70b8d511075ad88	9	item-009	ab43b3aabc43	青釭劍	1	12	f25e9e3f1a5c3ecac3c84ed22514539c185c340f303d6dfc09550642a6278d35	50d170bc64b9fa12130884b30c408ce45dcb98ef24549594a480a67275c8a5c4
6	pc-scen006-b4a9809071c817c1b6391b99b541f9161f233c401d0ce712b70b8d511075ad88	b4a9809071c817c1b6391b99b541f9161f233c401d0ce712b70b8d511075ad88	10	item-010	bbdbb6afa440b9efbc43	雌雄一對劍	1	12	9f38731a919e76303227b1ff1e22317604ec36eac63a6583ab757e291bfc51ec	50d170bc64b9fa12130884b30c408ce45dcb98ef24549594a480a67275c8a5c4
6	pc-scen006-b4a9809071c817c1b6391b99b541f9161f233c401d0ce712b70b8d511075ad88	b4a9809071c817c1b6391b99b541f9161f233c401d0ce712b70b8d511075ad88	11	item-011	a4e8a4d1b565b475	方天畫戟	2	18	a55a7b2141d4160c844ffa1b2e5be5c76f1f88a8acdb8707541d308164413608	50d170bc64b9fa12130884b30c408ce45dcb98ef24549594a480a67275c8a5c4
6	pc-scen006-b4a9809071c817c1b6391b99b541f9161f233c401d0ce712b70b8d511075ad88	b4a9809071c817c1b6391b99b541f9161f233c401d0ce712b70b8d511075ad88	12	item-012	ab43c073b0b3a4eba44d	青龍偃月刀	2	18	381dda819f7a21830f794fd5bda8e606e27906c91f60d0ccde3ebba5f7400c36	50d170bc64b9fa12130884b30c408ce45dcb98ef24549594a480a67275c8a5c4
6	pc-scen006-b4a9809071c817c1b6391b99b541f9161f233c401d0ce712b70b8d511075ad88	b4a9809071c817c1b6391b99b541f9161f233c401d0ce712b70b8d511075ad88	13	item-013	b344a5d9	蛇矛	2	18	e2ce136b800305b9ee95e9e83f3a24f60edb7f400de8e6acc8438d43bccd09bd	50d170bc64b9fa12130884b30c408ce45dcb98ef24549594a480a67275c8a5c4
6	pc-scen006-b4a9809071c817c1b6391b99b541f9161f233c401d0ce712b70b8d511075ad88	b4a9809071c817c1b6391b99b541f9161f233c401d0ce712b70b8d511075ad88	14	item-014	ac79ac50c2f1	流星鎚	3	7	b4b292da4523aa3437433084e8bdc72ad72518cb3604c88c8ebab3c67aa00b81	50d170bc64b9fa12130884b30c408ce45dcb98ef24549594a480a67275c8a5c4
6	pc-scen006-b4a9809071c817c1b6391b99b541f9161f233c401d0ce712b70b8d511075ad88	b4a9809071c817c1b6391b99b541f9161f233c401d0ce712b70b8d511075ad88	15	item-015	adb8a44d	飛刀	3	5	37def8af285103ca0ecd53b3e8536f336ed36fd8c18eda7fc1f45e8f94c7c94b	50d170bc64b9fa12130884b30c408ce45dcb98ef24549594a480a67275c8a5c4
6	pc-scen006-b4a9809071c817c1b6391b99b541f9161f233c401d0ce712b70b8d511075ad88	b4a9809071c817c1b6391b99b541f9161f233c401d0ce712b70b8d511075ad88	16	item-016	adb8a44d	飛刀	3	5	4de9ac5eeb92263f3144617d5fb08de82fdf2c440423aff85c8fbd0fbae09040	50d170bc64b9fa12130884b30c408ce45dcb98ef24549594a480a67275c8a5c4
6	pc-scen006-b4a9809071c817c1b6391b99b541f9161f233c401d0ce712b70b8d511075ad88	b4a9809071c817c1b6391b99b541f9161f233c401d0ce712b70b8d511075ad88	17	item-017	b575b475	短戟	3	4	3df8baba4f70f9d65ccf0a9088124b7f7d0a46fed848ad8c095b3f7b3b225129	50d170bc64b9fa12130884b30c408ce45dcb98ef24549594a480a67275c8a5c4
6	pc-scen006-b4a9809071c817c1b6391b99b541f9161f233c401d0ce712b70b8d511075ad88	b4a9809071c817c1b6391b99b541f9161f233c401d0ce712b70b8d511075ad88	18	item-018	b575b475	短戟	3	4	96b219b1d5bf3976598f45986518b8e77501e2c4c1ba119c65ca734142bfba82	50d170bc64b9fa12130884b30c408ce45dcb98ef24549594a480a67275c8a5c4
6	pc-scen006-b4a9809071c817c1b6391b99b541f9161f233c401d0ce712b70b8d511075ad88	b4a9809071c817c1b6391b99b541f9161f233c401d0ce712b70b8d511075ad88	19	item-019	a4e2b475	手戟	3	3	6d84d7fdf82ea0b16bddf76856082d75455887f41dfe7c4fff2e73e094af559f	50d170bc64b9fa12130884b30c408ce45dcb98ef24549594a480a67275c8a5c4
6	pc-scen006-b4a9809071c817c1b6391b99b541f9161f233c401d0ce712b70b8d511075ad88	b4a9809071c817c1b6391b99b541f9161f233c401d0ce712b70b8d511075ad88	20	item-020	a4e2b475	手戟	3	3	d354bcbaf19aa0eb83991aabd92a6cb740a4909714e191bd64299720e5e7a9ff	50d170bc64b9fa12130884b30c408ce45dcb98ef24549594a480a67275c8a5c4
6	pc-scen006-b4a9809071c817c1b6391b99b541f9161f233c401d0ce712b70b8d511075ad88	b4a9809071c817c1b6391b99b541f9161f233c401d0ce712b70b8d511075ad88	21	item-021	c54bc2ea	鐵鎖	3	6	5ede210546140591e46f425e687b365e7b8334aedd36ecd9b17f6cdd0c6b95be	50d170bc64b9fa12130884b30c408ce45dcb98ef24549594a480a67275c8a5c4
6	pc-scen006-b4a9809071c817c1b6391b99b541f9161f233c401d0ce712b70b8d511075ad88	b4a9809071c817c1b6391b99b541f9161f233c401d0ce712b70b8d511075ad88	22	item-022	be69a5d1b0f2a47d	養由基弓	4	20	80cff19423ec9433d181ca8605ce0a2d7793b5b289caeff351c7bc3f95328a87	50d170bc64b9fa12130884b30c408ce45dcb98ef24549594a480a67275c8a5c4
6	pc-scen006-b4a9809071c817c1b6391b99b541f9161f233c401d0ce712b70b8d511075ad88	b4a9809071c817c1b6391b99b541f9161f233c401d0ce712b70b8d511075ad88	23	item-023	a7f5bc73a47d	李廣弓	4	18	c5585aba8fefc0c0a8fafa0cd0a8e35d05fe952112ab2d59346f212d48da8655	50d170bc64b9fa12130884b30c408ce45dcb98ef24549594a480a67275c8a5c4
6	pc-scen006-b4a9809071c817c1b6391b99b541f9161f233c401d0ce712b70b8d511075ad88	b4a9809071c817c1b6391b99b541f9161f233c401d0ce712b70b8d511075ad88	24	item-024	c0c8a47d	檀弓	4	8	e576f65c35e1d458654baf21075bbe06eca65cb7eab91b8ddbe49e57fd3653c9	50d170bc64b9fa12130884b30c408ce45dcb98ef24549594a480a67275c8a5c4
6	pc-scen006-b4a9809071c817c1b6391b99b541f9161f233c401d0ce712b70b8d511075ad88	b4a9809071c817c1b6391b99b541f9161f233c401d0ce712b70b8d511075ad88	25	item-025	c0c8a47d	檀弓	4	8	601cc7d1a32e8e881aedccdfed8d27915f6a0126147399d6adb0aa4c22e682df	50d170bc64b9fa12130884b30c408ce45dcb98ef24549594a480a67275c8a5c4
6	pc-scen006-b4a9809071c817c1b6391b99b541f9161f233c401d0ce712b70b8d511075ad88	b4a9809071c817c1b6391b99b541f9161f233c401d0ce712b70b8d511075ad88	26	item-026	aa46ad4aadb8a47d	東胡飛弓	4	8	274593094f44b1391b9faf6f219d6ac024ad6ac97d21fa8d688a8e8802764541	50d170bc64b9fa12130884b30c408ce45dcb98ef24549594a480a67275c8a5c4
6	pc-scen006-b4a9809071c817c1b6391b99b541f9161f233c401d0ce712b70b8d511075ad88	b4a9809071c817c1b6391b99b541f9161f233c401d0ce712b70b8d511075ad88	27	item-027	aa46ad4aadb8a47d	東胡飛弓	4	8	a9daea3f89f65b14a906969cb201aed5ca495fe964ce03a516c5273a4d31cd2a	50d170bc64b9fa12130884b30c408ce45dcb98ef24549594a480a67275c8a5c4
6	pc-scen006-b4a9809071c817c1b6391b99b541f9161f233c401d0ce712b70b8d511075ad88	b4a9809071c817c1b6391b99b541f9161f233c401d0ce712b70b8d511075ad88	28	item-028	b8e7a47d	貊弓	4	8	0e2c9d811137f679e90113af57fcb9889934042513ea39f2f82bad23ae7238aa	50d170bc64b9fa12130884b30c408ce45dcb98ef24549594a480a67275c8a5c4
6	pc-scen006-b4a9809071c817c1b6391b99b541f9161f233c401d0ce712b70b8d511075ad88	b4a9809071c817c1b6391b99b541f9161f233c401d0ce712b70b8d511075ad88	29	item-029	b8e7a47d	貊弓	4	8	1c242505b7b2103e8916cd81b166a339aadf822d9f9436cc2704bd21e2c37b90	50d170bc64b9fa12130884b30c408ce45dcb98ef24549594a480a67275c8a5c4
6	pc-scen006-b4a9809071c817c1b6391b99b541f9161f233c401d0ce712b70b8d511075ad88	b4a9809071c817c1b6391b99b541f9161f233c401d0ce712b70b8d511075ad88	30	item-030	ae5da46ca74caa6b	孫子兵法	5	30	434fa3318fbe6ecc2272aedf5d370477c8a5d8c13a6f5ba6e854e463f07b94bc	50d170bc64b9fa12130884b30c408ce45dcb98ef24549594a480a67275c8a5c4
6	pc-scen006-b4a9809071c817c1b6391b99b541f9161f233c401d0ce712b70b8d511075ad88	b4a9809071c817c1b6391b99b541f9161f233c401d0ce712b70b8d511075ad88	31	item-031	a74caa6ba447a451a57cbd67	兵法二十四篇	5	20	84c0d1d9c16a3acaf4150ea6fe1628f663bc385318a397c4ad1b307316f3f31b	50d170bc64b9fa12130884b30c408ce45dcb98ef24549594a480a67275c8a5c4
6	pc-scen006-b4a9809071c817c1b6391b99b541f9161f233c401d0ce712b70b8d511075ad88	b4a9809071c817c1b6391b99b541f9161f233c401d0ce712b70b8d511075ad88	32	item-032	a973bc77b773aed1	孟德新書	5	20	b8c805e5fcc1b9df344271cd02010c7eec83add69dfb753e5390a81f06db7d5c	50d170bc64b9fa12130884b30c408ce45dcb98ef24549594a480a67275c8a5c4
6	pc-scen006-b4a9809071c817c1b6391b99b541f9161f233c401d0ce712b70b8d511075ad88	b4a9809071c817c1b6391b99b541f9161f233c401d0ce712b70b8d511075ad88	33	item-033	a4bbc3fc	六韜	5	18	c7de34e40f6e392fe43c7ee06b17eadb0fe8447b6b8f2bffd97f4211b94c8995	50d170bc64b9fa12130884b30c408ce45dcb98ef24549594a480a67275c8a5c4
6	pc-scen006-b4a9809071c817c1b6391b99b541f9161f233c401d0ce712b70b8d511075ad88	b4a9809071c817c1b6391b99b541f9161f233c401d0ce712b70b8d511075ad88	34	item-034	a454b2a4	三略	5	18	090b613b7e9f10ccd4cc32e086b01cdecb106dd8d0da69e7c0fdec9275a058aa	50d170bc64b9fa12130884b30c408ce45dcb98ef24549594a480a67275c8a5c4
6	pc-scen006-b4a9809071c817c1b6391b99b541f9161f233c401d0ce712b70b8d511075ad88	b4a9809071c817c1b6391b99b541f9161f233c401d0ce712b70b8d511075ad88	35	item-035	a764a46c	吳子	5	15	41c13ba2b96e7dfa5d16393fdd4160ab7a1a2c25a4d87032ddd0eb98434c4858	50d170bc64b9fa12130884b30c408ce45dcb98ef24549594a480a67275c8a5c4
6	pc-scen006-b4a9809071c817c1b6391b99b541f9161f233c401d0ce712b70b8d511075ad88	b4a9809071c817c1b6391b99b541f9161f233c401d0ce712b70b8d511075ad88	36	item-036	b14cc2b7a46c	尉繚子	5	15	b531b9be1bfdc7127d8dbf15cb6cb563d91b4ec0fb6b2f4475ad05fcc79d44ef	50d170bc64b9fa12130884b30c408ce45dcb98ef24549594a480a67275c8a5c4
6	pc-scen006-b4a9809071c817c1b6391b99b541f9161f233c401d0ce712b70b8d511075ad88	b4a9809071c817c1b6391b99b541f9161f233c401d0ce712b70b8d511075ad88	37	item-037	bed4b0eab5a6	戰國策	5	15	a121b16db44f07f1f284918e0b1a2e01c86185395f09344a43d7a30e4fdb068b	50d170bc64b9fa12130884b30c408ce45dcb98ef24549594a480a67275c8a5c4
6	pc-scen006-b4a9809071c817c1b6391b99b541f9161f233c401d0ce712b70b8d511075ad88	b4a9809071c817c1b6391b99b541f9161f233c401d0ce712b70b8d511075ad88	38	item-038	a571b0a8aa6b	司馬法	5	12	51e7016318eb938cdfffd51ab29fa851fe651817ab4448084af7b93e030049ec	50d170bc64b9fa12130884b30c408ce45dcb98ef24549594a480a67275c8a5c4
6	pc-scen006-b4a9809071c817c1b6391b99b541f9161f233c401d0ce712b70b8d511075ad88	b4a9809071c817c1b6391b99b541f9161f233c401d0ce712b70b8d511075ad88	39	item-039	bea5a46c	墨子	5	12	b224e3d71ed456f3b51b2b8a36b1b2296dfc72bfc5fd395fbde2abc1a8033047	50d170bc64b9fa12130884b30c408ce45dcb98ef24549594a480a67275c8a5c4
6	pc-scen006-b4a9809071c817c1b6391b99b541f9161f233c401d0ce712b70b8d511075ad88	b4a9809071c817c1b6391b99b541f9161f233c401d0ce712b70b8d511075ad88	40	item-040	a4d3a5adad6eb34e	太平要術	5	20	71c1f0a8713b8a439f9f14ade6c24484b188cfde8cdde5c81122d372b7fc70f3	50d170bc64b9fa12130884b30c408ce45dcb98ef24549594a480a67275c8a5c4
6	pc-scen006-b4a9809071c817c1b6391b99b541f9161f233c401d0ce712b70b8d511075ad88	b4a9809071c817c1b6391b99b541f9161f233c401d0ce712b70b8d511075ad88	41	item-041	a5c9c3a2	玉璽	6	50	4013212ea5432ffb0d0f967837ce932364a5b9becb25b8c9852a9b05b2c6eaa5	50d170bc64b9fa12130884b30c408ce45dcb98ef24549594a480a67275c8a5c4
6	pc-scen006-b4a9809071c817c1b6391b99b541f9161f233c401d0ce712b70b8d511075ad88	b4a9809071c817c1b6391b99b541f9161f233c401d0ce712b70b8d511075ad88	42	item-042	bbc9b3b6	銅雀	7	50	0beb379476db5f744279e3bdfe756a0e826b1a0b8c8bc71a91ad4e825874d23a	50d170bc64b9fa12130884b30c408ce45dcb98ef24549594a480a67275c8a5c4
7	pc-scen007-703458345e24bec9c6a466252211c5594d25f6c6c10ab78f2c2ac51ab4f7c709	703458345e24bec9c6a466252211c5594d25f6c6c10ab78f2c2ac51ab4f7c709	0	item-000	a8aaa8dfb0a8	赤兔馬	0	30	71aa901a78f926953fb6c4495d71c4939d0ea89b69f81a19ec90986f4bc56662	dc4ca801991ca79ae605eba683a8550519e9c2ce4289b8520ffdeaabb3fab304
7	pc-scen007-703458345e24bec9c6a466252211c5594d25f6c6c10ab78f2c2ac51ab4f7c709	703458345e24bec9c6a466252211c5594d25f6c6c10ab78f2c2ac51ab4f7c709	1	item-001	aababf63	的盧	0	15	2ff751e2689fe9ae0b127043dda4f4e707f47cde2798bbf7cd6f39f7a114bd2e	dc4ca801991ca79ae605eba683a8550519e9c2ce4289b8520ffdeaabb3fab304
7	pc-scen007-703458345e24bec9c6a466252211c5594d25f6c6c10ab78f2c2ac51ab4f7c709	703458345e24bec9c6a466252211c5594d25f6c6c10ab78f2c2ac51ab4f7c709	2	item-002	a4f6b6c0adb8b971	爪黃飛電	0	10	101c8d82654ab173f991383e760867438c79b2fb95e614985a93dfad85eee15f	dc4ca801991ca79ae605eba683a8550519e9c2ce4289b8520ffdeaabb3fab304
7	pc-scen007-703458345e24bec9c6a466252211c5594d25f6c6c10ab78f2c2ac51ab4f7c709	703458345e24bec9c6a466252211c5594d25f6c6c10ab78f2c2ac51ab4f7c709	3	item-003	b5b4bc76	絕影	0	10	25e0cc7b53098531684746bf95dca6835ac7a4f65ac409ffc1dfae3f505b697d	dc4ca801991ca79ae605eba683a8550519e9c2ce4289b8520ffdeaabb3fab304
7	pc-scen007-703458345e24bec9c6a466252211c5594d25f6c6c10ab78f2c2ac51ab4f7c709	703458345e24bec9c6a466252211c5594d25f6c6c10ab78f2c2ac51ab4f7c709	4	item-004	a46aa97bb0a8	大宛馬	0	8	1189840263aa8a128b30bfed8c93e2508aef87b9dff91f08b346a5aa8b1bc4bc	dc4ca801991ca79ae605eba683a8550519e9c2ce4289b8520ffdeaabb3fab304
7	pc-scen007-703458345e24bec9c6a466252211c5594d25f6c6c10ab78f2c2ac51ab4f7c709	703458345e24bec9c6a466252211c5594d25f6c6c10ab78f2c2ac51ab4f7c709	5	item-005	a46aa97bb0a8	大宛馬	0	8	4dbd2b101704ddbbeb111a5fb8fe6bbc3c137ef1756b42931f36476d9690d3e7	dc4ca801991ca79ae605eba683a8550519e9c2ce4289b8520ffdeaabb3fab304
7	pc-scen007-703458345e24bec9c6a466252211c5594d25f6c6c10ab78f2c2ac51ab4f7c709	703458345e24bec9c6a466252211c5594d25f6c6c10ab78f2c2ac51ab4f7c709	6	item-006	a46aa97bb0a8	大宛馬	0	8	83f2ae19632688828e7cfadd7c0daa1c623b99a3500eb7a3a26b7922780e7edb	dc4ca801991ca79ae605eba683a8550519e9c2ce4289b8520ffdeaabb3fab304
7	pc-scen007-703458345e24bec9c6a466252211c5594d25f6c6c10ab78f2c2ac51ab4f7c709	703458345e24bec9c6a466252211c5594d25f6c6c10ab78f2c2ac51ab4f7c709	7	item-007	a443ac50c45fa44d	七星寶刀	1	20	923bab06f54d857456d5ca2bcdcf6ece124c269c833d9cc5eb9227f05ba287d6	dc4ca801991ca79ae605eba683a8550519e9c2ce4289b8520ffdeaabb3fab304
7	pc-scen007-703458345e24bec9c6a466252211c5594d25f6c6c10ab78f2c2ac51ab4f7c709	703458345e24bec9c6a466252211c5594d25f6c6c10ab78f2c2ac51ab4f7c709	8	item-008	adcaa4d1bc43	倚天劍	1	12	4f6a118bf801a8cf890e5ccba345ae00d40c7eb91537807abb4b6b9e273dc5ae	dc4ca801991ca79ae605eba683a8550519e9c2ce4289b8520ffdeaabb3fab304
7	pc-scen007-703458345e24bec9c6a466252211c5594d25f6c6c10ab78f2c2ac51ab4f7c709	703458345e24bec9c6a466252211c5594d25f6c6c10ab78f2c2ac51ab4f7c709	9	item-009	ab43b3aabc43	青釭劍	1	12	81fc2094d0aa8746c211d3d7c84d81f2a3e9fce032a10fe6f2d6a854ce0d99c2	dc4ca801991ca79ae605eba683a8550519e9c2ce4289b8520ffdeaabb3fab304
7	pc-scen007-703458345e24bec9c6a466252211c5594d25f6c6c10ab78f2c2ac51ab4f7c709	703458345e24bec9c6a466252211c5594d25f6c6c10ab78f2c2ac51ab4f7c709	10	item-010	bbdbb6afa440b9efbc43	雌雄一對劍	1	12	15869e06f0ec984658cf70634db24029e1b8271b14d673d3d3c1a73c22e04cda	dc4ca801991ca79ae605eba683a8550519e9c2ce4289b8520ffdeaabb3fab304
7	pc-scen007-703458345e24bec9c6a466252211c5594d25f6c6c10ab78f2c2ac51ab4f7c709	703458345e24bec9c6a466252211c5594d25f6c6c10ab78f2c2ac51ab4f7c709	11	item-011	a4e8a4d1b565b475	方天畫戟	2	18	ef3ddc1f23417fc31131677ec7c20e47e9f6b47904c67d489fe3b1dc40dbecf8	dc4ca801991ca79ae605eba683a8550519e9c2ce4289b8520ffdeaabb3fab304
7	pc-scen007-703458345e24bec9c6a466252211c5594d25f6c6c10ab78f2c2ac51ab4f7c709	703458345e24bec9c6a466252211c5594d25f6c6c10ab78f2c2ac51ab4f7c709	12	item-012	ab43c073b0b3a4eba44d	青龍偃月刀	2	18	0a5080409208533f25208e0c12328210ccd301f0aa49d471d0809f50a20144cc	dc4ca801991ca79ae605eba683a8550519e9c2ce4289b8520ffdeaabb3fab304
7	pc-scen007-703458345e24bec9c6a466252211c5594d25f6c6c10ab78f2c2ac51ab4f7c709	703458345e24bec9c6a466252211c5594d25f6c6c10ab78f2c2ac51ab4f7c709	13	item-013	b344a5d9	蛇矛	2	18	1770210c7f478684e23ed9c50e30b892baa258d676fb4a2d2d7860eb0de04416	dc4ca801991ca79ae605eba683a8550519e9c2ce4289b8520ffdeaabb3fab304
7	pc-scen007-703458345e24bec9c6a466252211c5594d25f6c6c10ab78f2c2ac51ab4f7c709	703458345e24bec9c6a466252211c5594d25f6c6c10ab78f2c2ac51ab4f7c709	14	item-014	ac79ac50c2f1	流星鎚	3	7	b4b292da4523aa3437433084e8bdc72ad72518cb3604c88c8ebab3c67aa00b81	dc4ca801991ca79ae605eba683a8550519e9c2ce4289b8520ffdeaabb3fab304
7	pc-scen007-703458345e24bec9c6a466252211c5594d25f6c6c10ab78f2c2ac51ab4f7c709	703458345e24bec9c6a466252211c5594d25f6c6c10ab78f2c2ac51ab4f7c709	15	item-015	adb8a44d	飛刀	3	5	37def8af285103ca0ecd53b3e8536f336ed36fd8c18eda7fc1f45e8f94c7c94b	dc4ca801991ca79ae605eba683a8550519e9c2ce4289b8520ffdeaabb3fab304
7	pc-scen007-703458345e24bec9c6a466252211c5594d25f6c6c10ab78f2c2ac51ab4f7c709	703458345e24bec9c6a466252211c5594d25f6c6c10ab78f2c2ac51ab4f7c709	16	item-016	adb8a44d	飛刀	3	5	4de9ac5eeb92263f3144617d5fb08de82fdf2c440423aff85c8fbd0fbae09040	dc4ca801991ca79ae605eba683a8550519e9c2ce4289b8520ffdeaabb3fab304
7	pc-scen007-703458345e24bec9c6a466252211c5594d25f6c6c10ab78f2c2ac51ab4f7c709	703458345e24bec9c6a466252211c5594d25f6c6c10ab78f2c2ac51ab4f7c709	17	item-017	b575b475	短戟	3	4	63ef97a25837b530adce718d3a99e8fdb62f4f43e75c4b02a9e17a5466de83fa	dc4ca801991ca79ae605eba683a8550519e9c2ce4289b8520ffdeaabb3fab304
7	pc-scen007-703458345e24bec9c6a466252211c5594d25f6c6c10ab78f2c2ac51ab4f7c709	703458345e24bec9c6a466252211c5594d25f6c6c10ab78f2c2ac51ab4f7c709	18	item-018	b575b475	短戟	3	4	96b219b1d5bf3976598f45986518b8e77501e2c4c1ba119c65ca734142bfba82	dc4ca801991ca79ae605eba683a8550519e9c2ce4289b8520ffdeaabb3fab304
7	pc-scen007-703458345e24bec9c6a466252211c5594d25f6c6c10ab78f2c2ac51ab4f7c709	703458345e24bec9c6a466252211c5594d25f6c6c10ab78f2c2ac51ab4f7c709	19	item-019	a4e2b475	手戟	3	3	3fa3bb3bb2fef99d27879415bf3213fe69676245d894f5e2c15d88d8a4f2c30f	dc4ca801991ca79ae605eba683a8550519e9c2ce4289b8520ffdeaabb3fab304
7	pc-scen007-703458345e24bec9c6a466252211c5594d25f6c6c10ab78f2c2ac51ab4f7c709	703458345e24bec9c6a466252211c5594d25f6c6c10ab78f2c2ac51ab4f7c709	20	item-020	a4e2b475	手戟	3	3	1a9ff95ebdc84745555384b0d0442e11563c53d7eaca2a2afc2e37a64d25a4cb	dc4ca801991ca79ae605eba683a8550519e9c2ce4289b8520ffdeaabb3fab304
7	pc-scen007-703458345e24bec9c6a466252211c5594d25f6c6c10ab78f2c2ac51ab4f7c709	703458345e24bec9c6a466252211c5594d25f6c6c10ab78f2c2ac51ab4f7c709	21	item-021	c54bc2ea	鐵鎖	3	6	1da9d5541cbed9d2e582027b99fefacd50f4d69981d075fdeb8c4ecd228a486f	dc4ca801991ca79ae605eba683a8550519e9c2ce4289b8520ffdeaabb3fab304
7	pc-scen007-703458345e24bec9c6a466252211c5594d25f6c6c10ab78f2c2ac51ab4f7c709	703458345e24bec9c6a466252211c5594d25f6c6c10ab78f2c2ac51ab4f7c709	22	item-022	be69a5d1b0f2a47d	養由基弓	4	20	80cff19423ec9433d181ca8605ce0a2d7793b5b289caeff351c7bc3f95328a87	dc4ca801991ca79ae605eba683a8550519e9c2ce4289b8520ffdeaabb3fab304
7	pc-scen007-703458345e24bec9c6a466252211c5594d25f6c6c10ab78f2c2ac51ab4f7c709	703458345e24bec9c6a466252211c5594d25f6c6c10ab78f2c2ac51ab4f7c709	23	item-023	a7f5bc73a47d	李廣弓	4	18	c5585aba8fefc0c0a8fafa0cd0a8e35d05fe952112ab2d59346f212d48da8655	dc4ca801991ca79ae605eba683a8550519e9c2ce4289b8520ffdeaabb3fab304
7	pc-scen007-703458345e24bec9c6a466252211c5594d25f6c6c10ab78f2c2ac51ab4f7c709	703458345e24bec9c6a466252211c5594d25f6c6c10ab78f2c2ac51ab4f7c709	24	item-024	c0c8a47d	檀弓	4	8	e576f65c35e1d458654baf21075bbe06eca65cb7eab91b8ddbe49e57fd3653c9	dc4ca801991ca79ae605eba683a8550519e9c2ce4289b8520ffdeaabb3fab304
7	pc-scen007-703458345e24bec9c6a466252211c5594d25f6c6c10ab78f2c2ac51ab4f7c709	703458345e24bec9c6a466252211c5594d25f6c6c10ab78f2c2ac51ab4f7c709	25	item-025	c0c8a47d	檀弓	4	8	601cc7d1a32e8e881aedccdfed8d27915f6a0126147399d6adb0aa4c22e682df	dc4ca801991ca79ae605eba683a8550519e9c2ce4289b8520ffdeaabb3fab304
7	pc-scen007-703458345e24bec9c6a466252211c5594d25f6c6c10ab78f2c2ac51ab4f7c709	703458345e24bec9c6a466252211c5594d25f6c6c10ab78f2c2ac51ab4f7c709	26	item-026	aa46ad4aadb8a47d	東胡飛弓	4	8	274593094f44b1391b9faf6f219d6ac024ad6ac97d21fa8d688a8e8802764541	dc4ca801991ca79ae605eba683a8550519e9c2ce4289b8520ffdeaabb3fab304
7	pc-scen007-703458345e24bec9c6a466252211c5594d25f6c6c10ab78f2c2ac51ab4f7c709	703458345e24bec9c6a466252211c5594d25f6c6c10ab78f2c2ac51ab4f7c709	27	item-027	aa46ad4aadb8a47d	東胡飛弓	4	8	a9daea3f89f65b14a906969cb201aed5ca495fe964ce03a516c5273a4d31cd2a	dc4ca801991ca79ae605eba683a8550519e9c2ce4289b8520ffdeaabb3fab304
7	pc-scen007-703458345e24bec9c6a466252211c5594d25f6c6c10ab78f2c2ac51ab4f7c709	703458345e24bec9c6a466252211c5594d25f6c6c10ab78f2c2ac51ab4f7c709	28	item-028	b8e7a47d	貊弓	4	8	0e2c9d811137f679e90113af57fcb9889934042513ea39f2f82bad23ae7238aa	dc4ca801991ca79ae605eba683a8550519e9c2ce4289b8520ffdeaabb3fab304
7	pc-scen007-703458345e24bec9c6a466252211c5594d25f6c6c10ab78f2c2ac51ab4f7c709	703458345e24bec9c6a466252211c5594d25f6c6c10ab78f2c2ac51ab4f7c709	29	item-029	b8e7a47d	貊弓	4	8	1c242505b7b2103e8916cd81b166a339aadf822d9f9436cc2704bd21e2c37b90	dc4ca801991ca79ae605eba683a8550519e9c2ce4289b8520ffdeaabb3fab304
7	pc-scen007-703458345e24bec9c6a466252211c5594d25f6c6c10ab78f2c2ac51ab4f7c709	703458345e24bec9c6a466252211c5594d25f6c6c10ab78f2c2ac51ab4f7c709	30	item-030	ae5da46ca74caa6b	孫子兵法	5	30	83b8d3e143712216175d7063b0d73363aa56f5e9344a215f9a114e7bded8a48a	dc4ca801991ca79ae605eba683a8550519e9c2ce4289b8520ffdeaabb3fab304
7	pc-scen007-703458345e24bec9c6a466252211c5594d25f6c6c10ab78f2c2ac51ab4f7c709	703458345e24bec9c6a466252211c5594d25f6c6c10ab78f2c2ac51ab4f7c709	31	item-031	a74caa6ba447a451a57cbd67	兵法二十四篇	5	20	84c0d1d9c16a3acaf4150ea6fe1628f663bc385318a397c4ad1b307316f3f31b	dc4ca801991ca79ae605eba683a8550519e9c2ce4289b8520ffdeaabb3fab304
7	pc-scen007-703458345e24bec9c6a466252211c5594d25f6c6c10ab78f2c2ac51ab4f7c709	703458345e24bec9c6a466252211c5594d25f6c6c10ab78f2c2ac51ab4f7c709	32	item-032	a973bc77b773aed1	孟德新書	5	20	4498999aff35c5621a3f24cabb6d2207755f54c506bb18491955b0b003c341a3	dc4ca801991ca79ae605eba683a8550519e9c2ce4289b8520ffdeaabb3fab304
7	pc-scen007-703458345e24bec9c6a466252211c5594d25f6c6c10ab78f2c2ac51ab4f7c709	703458345e24bec9c6a466252211c5594d25f6c6c10ab78f2c2ac51ab4f7c709	33	item-033	a4bbc3fc	六韜	5	18	c7de34e40f6e392fe43c7ee06b17eadb0fe8447b6b8f2bffd97f4211b94c8995	dc4ca801991ca79ae605eba683a8550519e9c2ce4289b8520ffdeaabb3fab304
7	pc-scen007-703458345e24bec9c6a466252211c5594d25f6c6c10ab78f2c2ac51ab4f7c709	703458345e24bec9c6a466252211c5594d25f6c6c10ab78f2c2ac51ab4f7c709	34	item-034	a454b2a4	三略	5	18	090b613b7e9f10ccd4cc32e086b01cdecb106dd8d0da69e7c0fdec9275a058aa	dc4ca801991ca79ae605eba683a8550519e9c2ce4289b8520ffdeaabb3fab304
7	pc-scen007-703458345e24bec9c6a466252211c5594d25f6c6c10ab78f2c2ac51ab4f7c709	703458345e24bec9c6a466252211c5594d25f6c6c10ab78f2c2ac51ab4f7c709	35	item-035	a764a46c	吳子	5	15	41c13ba2b96e7dfa5d16393fdd4160ab7a1a2c25a4d87032ddd0eb98434c4858	dc4ca801991ca79ae605eba683a8550519e9c2ce4289b8520ffdeaabb3fab304
7	pc-scen007-703458345e24bec9c6a466252211c5594d25f6c6c10ab78f2c2ac51ab4f7c709	703458345e24bec9c6a466252211c5594d25f6c6c10ab78f2c2ac51ab4f7c709	36	item-036	b14cc2b7a46c	尉繚子	5	15	b531b9be1bfdc7127d8dbf15cb6cb563d91b4ec0fb6b2f4475ad05fcc79d44ef	dc4ca801991ca79ae605eba683a8550519e9c2ce4289b8520ffdeaabb3fab304
7	pc-scen007-703458345e24bec9c6a466252211c5594d25f6c6c10ab78f2c2ac51ab4f7c709	703458345e24bec9c6a466252211c5594d25f6c6c10ab78f2c2ac51ab4f7c709	37	item-037	bed4b0eab5a6	戰國策	5	15	a121b16db44f07f1f284918e0b1a2e01c86185395f09344a43d7a30e4fdb068b	dc4ca801991ca79ae605eba683a8550519e9c2ce4289b8520ffdeaabb3fab304
7	pc-scen007-703458345e24bec9c6a466252211c5594d25f6c6c10ab78f2c2ac51ab4f7c709	703458345e24bec9c6a466252211c5594d25f6c6c10ab78f2c2ac51ab4f7c709	38	item-038	a571b0a8aa6b	司馬法	5	12	51e7016318eb938cdfffd51ab29fa851fe651817ab4448084af7b93e030049ec	dc4ca801991ca79ae605eba683a8550519e9c2ce4289b8520ffdeaabb3fab304
7	pc-scen007-703458345e24bec9c6a466252211c5594d25f6c6c10ab78f2c2ac51ab4f7c709	703458345e24bec9c6a466252211c5594d25f6c6c10ab78f2c2ac51ab4f7c709	39	item-039	bea5a46c	墨子	5	12	b224e3d71ed456f3b51b2b8a36b1b2296dfc72bfc5fd395fbde2abc1a8033047	dc4ca801991ca79ae605eba683a8550519e9c2ce4289b8520ffdeaabb3fab304
7	pc-scen007-703458345e24bec9c6a466252211c5594d25f6c6c10ab78f2c2ac51ab4f7c709	703458345e24bec9c6a466252211c5594d25f6c6c10ab78f2c2ac51ab4f7c709	40	item-040	a4d3a5adad6eb34e	太平要術	5	20	3ae5cdc73d8bececbe184a361e473b6611578d3e40950b3e1260d5fa30291ff4	dc4ca801991ca79ae605eba683a8550519e9c2ce4289b8520ffdeaabb3fab304
7	pc-scen007-703458345e24bec9c6a466252211c5594d25f6c6c10ab78f2c2ac51ab4f7c709	703458345e24bec9c6a466252211c5594d25f6c6c10ab78f2c2ac51ab4f7c709	41	item-041	a5c9c3a2	玉璽	6	50	f6c45062caa075b894bfb4a4628fc43fc9738c83d69dce9778d81f147968c996	dc4ca801991ca79ae605eba683a8550519e9c2ce4289b8520ffdeaabb3fab304
7	pc-scen007-703458345e24bec9c6a466252211c5594d25f6c6c10ab78f2c2ac51ab4f7c709	703458345e24bec9c6a466252211c5594d25f6c6c10ab78f2c2ac51ab4f7c709	42	item-042	bbc9b3b6	銅雀	7	50	0beb379476db5f744279e3bdfe756a0e826b1a0b8c8bc71a91ad4e825874d23a	dc4ca801991ca79ae605eba683a8550519e9c2ce4289b8520ffdeaabb3fab304
8	pc-scen008-ad0b87d3f4376c5e1bc8c65d01a02741f7b93a9ba908fe4c77f221ec937a0cba	ad0b87d3f4376c5e1bc8c65d01a02741f7b93a9ba908fe4c77f221ec937a0cba	0	item-000	a8aaa8dfb0a8	赤兔馬	0	30	71aa901a78f926953fb6c4495d71c4939d0ea89b69f81a19ec90986f4bc56662	9e4a530412695a8b781149ece337e112334063d681c6315c5ee41723d6ce84bb
8	pc-scen008-ad0b87d3f4376c5e1bc8c65d01a02741f7b93a9ba908fe4c77f221ec937a0cba	ad0b87d3f4376c5e1bc8c65d01a02741f7b93a9ba908fe4c77f221ec937a0cba	1	item-001	aababf63	的盧	0	15	d682a2deee0eb1dd0659d80358220c553cd0448b2e4321795333b5210de3a070	9e4a530412695a8b781149ece337e112334063d681c6315c5ee41723d6ce84bb
8	pc-scen008-ad0b87d3f4376c5e1bc8c65d01a02741f7b93a9ba908fe4c77f221ec937a0cba	ad0b87d3f4376c5e1bc8c65d01a02741f7b93a9ba908fe4c77f221ec937a0cba	2	item-002	a4f6b6c0adb8b971	爪黃飛電	0	10	101c8d82654ab173f991383e760867438c79b2fb95e614985a93dfad85eee15f	9e4a530412695a8b781149ece337e112334063d681c6315c5ee41723d6ce84bb
8	pc-scen008-ad0b87d3f4376c5e1bc8c65d01a02741f7b93a9ba908fe4c77f221ec937a0cba	ad0b87d3f4376c5e1bc8c65d01a02741f7b93a9ba908fe4c77f221ec937a0cba	3	item-003	b5b4bc76	絕影	0	10	caf90e84a5524c58e43306beb1ac78cf2124b1b27ee00afb41e0fca1f6fb50b2	9e4a530412695a8b781149ece337e112334063d681c6315c5ee41723d6ce84bb
8	pc-scen008-ad0b87d3f4376c5e1bc8c65d01a02741f7b93a9ba908fe4c77f221ec937a0cba	ad0b87d3f4376c5e1bc8c65d01a02741f7b93a9ba908fe4c77f221ec937a0cba	4	item-004	a46aa97bb0a8	大宛馬	0	8	fe86fd2621ebe064ef0cf7020e09142ac7d9672a867eab90f926d8f13f4d7f5b	9e4a530412695a8b781149ece337e112334063d681c6315c5ee41723d6ce84bb
8	pc-scen008-ad0b87d3f4376c5e1bc8c65d01a02741f7b93a9ba908fe4c77f221ec937a0cba	ad0b87d3f4376c5e1bc8c65d01a02741f7b93a9ba908fe4c77f221ec937a0cba	5	item-005	a46aa97bb0a8	大宛馬	0	8	4dbd2b101704ddbbeb111a5fb8fe6bbc3c137ef1756b42931f36476d9690d3e7	9e4a530412695a8b781149ece337e112334063d681c6315c5ee41723d6ce84bb
8	pc-scen008-ad0b87d3f4376c5e1bc8c65d01a02741f7b93a9ba908fe4c77f221ec937a0cba	ad0b87d3f4376c5e1bc8c65d01a02741f7b93a9ba908fe4c77f221ec937a0cba	6	item-006	a46aa97bb0a8	大宛馬	0	8	83f2ae19632688828e7cfadd7c0daa1c623b99a3500eb7a3a26b7922780e7edb	9e4a530412695a8b781149ece337e112334063d681c6315c5ee41723d6ce84bb
8	pc-scen008-ad0b87d3f4376c5e1bc8c65d01a02741f7b93a9ba908fe4c77f221ec937a0cba	ad0b87d3f4376c5e1bc8c65d01a02741f7b93a9ba908fe4c77f221ec937a0cba	7	item-007	a443ac50c45fa44d	七星寶刀	1	20	1c501220921b1bfa763800998a5fbd9c3eda62b5ed5838c537c1fdd7fb647daa	9e4a530412695a8b781149ece337e112334063d681c6315c5ee41723d6ce84bb
8	pc-scen008-ad0b87d3f4376c5e1bc8c65d01a02741f7b93a9ba908fe4c77f221ec937a0cba	ad0b87d3f4376c5e1bc8c65d01a02741f7b93a9ba908fe4c77f221ec937a0cba	8	item-008	adcaa4d1bc43	倚天劍	1	12	4f6a118bf801a8cf890e5ccba345ae00d40c7eb91537807abb4b6b9e273dc5ae	9e4a530412695a8b781149ece337e112334063d681c6315c5ee41723d6ce84bb
8	pc-scen008-ad0b87d3f4376c5e1bc8c65d01a02741f7b93a9ba908fe4c77f221ec937a0cba	ad0b87d3f4376c5e1bc8c65d01a02741f7b93a9ba908fe4c77f221ec937a0cba	9	item-009	ab43b3aabc43	青釭劍	1	12	81fc2094d0aa8746c211d3d7c84d81f2a3e9fce032a10fe6f2d6a854ce0d99c2	9e4a530412695a8b781149ece337e112334063d681c6315c5ee41723d6ce84bb
8	pc-scen008-ad0b87d3f4376c5e1bc8c65d01a02741f7b93a9ba908fe4c77f221ec937a0cba	ad0b87d3f4376c5e1bc8c65d01a02741f7b93a9ba908fe4c77f221ec937a0cba	10	item-010	bbdbb6afa440b9efbc43	雌雄一對劍	1	12	15869e06f0ec984658cf70634db24029e1b8271b14d673d3d3c1a73c22e04cda	9e4a530412695a8b781149ece337e112334063d681c6315c5ee41723d6ce84bb
8	pc-scen008-ad0b87d3f4376c5e1bc8c65d01a02741f7b93a9ba908fe4c77f221ec937a0cba	ad0b87d3f4376c5e1bc8c65d01a02741f7b93a9ba908fe4c77f221ec937a0cba	11	item-011	a4e8a4d1b565b475	方天畫戟	2	18	ef3ddc1f23417fc31131677ec7c20e47e9f6b47904c67d489fe3b1dc40dbecf8	9e4a530412695a8b781149ece337e112334063d681c6315c5ee41723d6ce84bb
8	pc-scen008-ad0b87d3f4376c5e1bc8c65d01a02741f7b93a9ba908fe4c77f221ec937a0cba	ad0b87d3f4376c5e1bc8c65d01a02741f7b93a9ba908fe4c77f221ec937a0cba	12	item-012	ab43c073b0b3a4eba44d	青龍偃月刀	2	18	0a5080409208533f25208e0c12328210ccd301f0aa49d471d0809f50a20144cc	9e4a530412695a8b781149ece337e112334063d681c6315c5ee41723d6ce84bb
8	pc-scen008-ad0b87d3f4376c5e1bc8c65d01a02741f7b93a9ba908fe4c77f221ec937a0cba	ad0b87d3f4376c5e1bc8c65d01a02741f7b93a9ba908fe4c77f221ec937a0cba	13	item-013	b344a5d9	蛇矛	2	18	1770210c7f478684e23ed9c50e30b892baa258d676fb4a2d2d7860eb0de04416	9e4a530412695a8b781149ece337e112334063d681c6315c5ee41723d6ce84bb
8	pc-scen008-ad0b87d3f4376c5e1bc8c65d01a02741f7b93a9ba908fe4c77f221ec937a0cba	ad0b87d3f4376c5e1bc8c65d01a02741f7b93a9ba908fe4c77f221ec937a0cba	14	item-014	ac79ac50c2f1	流星鎚	3	7	92e15648efe750fe003ab1263541e5bfc72cc78f66efd1a03ce12c215bc6591b	9e4a530412695a8b781149ece337e112334063d681c6315c5ee41723d6ce84bb
8	pc-scen008-ad0b87d3f4376c5e1bc8c65d01a02741f7b93a9ba908fe4c77f221ec937a0cba	ad0b87d3f4376c5e1bc8c65d01a02741f7b93a9ba908fe4c77f221ec937a0cba	15	item-015	adb8a44d	飛刀	3	5	37def8af285103ca0ecd53b3e8536f336ed36fd8c18eda7fc1f45e8f94c7c94b	9e4a530412695a8b781149ece337e112334063d681c6315c5ee41723d6ce84bb
8	pc-scen008-ad0b87d3f4376c5e1bc8c65d01a02741f7b93a9ba908fe4c77f221ec937a0cba	ad0b87d3f4376c5e1bc8c65d01a02741f7b93a9ba908fe4c77f221ec937a0cba	16	item-016	adb8a44d	飛刀	3	5	8f8dddaa33d90557a332d0da5874f6c64865c67c6124a6a1a6c563ddb686e342	9e4a530412695a8b781149ece337e112334063d681c6315c5ee41723d6ce84bb
8	pc-scen008-ad0b87d3f4376c5e1bc8c65d01a02741f7b93a9ba908fe4c77f221ec937a0cba	ad0b87d3f4376c5e1bc8c65d01a02741f7b93a9ba908fe4c77f221ec937a0cba	17	item-017	b575b475	短戟	3	4	d563998fc4f5d633631f85ab5707bba3d658f15b6b96fd19a898dfc5ef6a17c8	9e4a530412695a8b781149ece337e112334063d681c6315c5ee41723d6ce84bb
8	pc-scen008-ad0b87d3f4376c5e1bc8c65d01a02741f7b93a9ba908fe4c77f221ec937a0cba	ad0b87d3f4376c5e1bc8c65d01a02741f7b93a9ba908fe4c77f221ec937a0cba	18	item-018	b575b475	短戟	3	4	96b219b1d5bf3976598f45986518b8e77501e2c4c1ba119c65ca734142bfba82	9e4a530412695a8b781149ece337e112334063d681c6315c5ee41723d6ce84bb
8	pc-scen008-ad0b87d3f4376c5e1bc8c65d01a02741f7b93a9ba908fe4c77f221ec937a0cba	ad0b87d3f4376c5e1bc8c65d01a02741f7b93a9ba908fe4c77f221ec937a0cba	19	item-019	a4e2b475	手戟	3	3	3fa3bb3bb2fef99d27879415bf3213fe69676245d894f5e2c15d88d8a4f2c30f	9e4a530412695a8b781149ece337e112334063d681c6315c5ee41723d6ce84bb
8	pc-scen008-ad0b87d3f4376c5e1bc8c65d01a02741f7b93a9ba908fe4c77f221ec937a0cba	ad0b87d3f4376c5e1bc8c65d01a02741f7b93a9ba908fe4c77f221ec937a0cba	20	item-020	a4e2b475	手戟	3	3	1a9ff95ebdc84745555384b0d0442e11563c53d7eaca2a2afc2e37a64d25a4cb	9e4a530412695a8b781149ece337e112334063d681c6315c5ee41723d6ce84bb
8	pc-scen008-ad0b87d3f4376c5e1bc8c65d01a02741f7b93a9ba908fe4c77f221ec937a0cba	ad0b87d3f4376c5e1bc8c65d01a02741f7b93a9ba908fe4c77f221ec937a0cba	21	item-021	c54bc2ea	鐵鎖	3	6	1da9d5541cbed9d2e582027b99fefacd50f4d69981d075fdeb8c4ecd228a486f	9e4a530412695a8b781149ece337e112334063d681c6315c5ee41723d6ce84bb
8	pc-scen008-ad0b87d3f4376c5e1bc8c65d01a02741f7b93a9ba908fe4c77f221ec937a0cba	ad0b87d3f4376c5e1bc8c65d01a02741f7b93a9ba908fe4c77f221ec937a0cba	22	item-022	be69a5d1b0f2a47d	養由基弓	4	20	80cff19423ec9433d181ca8605ce0a2d7793b5b289caeff351c7bc3f95328a87	9e4a530412695a8b781149ece337e112334063d681c6315c5ee41723d6ce84bb
8	pc-scen008-ad0b87d3f4376c5e1bc8c65d01a02741f7b93a9ba908fe4c77f221ec937a0cba	ad0b87d3f4376c5e1bc8c65d01a02741f7b93a9ba908fe4c77f221ec937a0cba	23	item-023	a7f5bc73a47d	李廣弓	4	18	c5585aba8fefc0c0a8fafa0cd0a8e35d05fe952112ab2d59346f212d48da8655	9e4a530412695a8b781149ece337e112334063d681c6315c5ee41723d6ce84bb
8	pc-scen008-ad0b87d3f4376c5e1bc8c65d01a02741f7b93a9ba908fe4c77f221ec937a0cba	ad0b87d3f4376c5e1bc8c65d01a02741f7b93a9ba908fe4c77f221ec937a0cba	24	item-024	c0c8a47d	檀弓	4	8	e576f65c35e1d458654baf21075bbe06eca65cb7eab91b8ddbe49e57fd3653c9	9e4a530412695a8b781149ece337e112334063d681c6315c5ee41723d6ce84bb
8	pc-scen008-ad0b87d3f4376c5e1bc8c65d01a02741f7b93a9ba908fe4c77f221ec937a0cba	ad0b87d3f4376c5e1bc8c65d01a02741f7b93a9ba908fe4c77f221ec937a0cba	25	item-025	c0c8a47d	檀弓	4	8	601cc7d1a32e8e881aedccdfed8d27915f6a0126147399d6adb0aa4c22e682df	9e4a530412695a8b781149ece337e112334063d681c6315c5ee41723d6ce84bb
8	pc-scen008-ad0b87d3f4376c5e1bc8c65d01a02741f7b93a9ba908fe4c77f221ec937a0cba	ad0b87d3f4376c5e1bc8c65d01a02741f7b93a9ba908fe4c77f221ec937a0cba	26	item-026	aa46ad4aadb8a47d	東胡飛弓	4	8	274593094f44b1391b9faf6f219d6ac024ad6ac97d21fa8d688a8e8802764541	9e4a530412695a8b781149ece337e112334063d681c6315c5ee41723d6ce84bb
8	pc-scen008-ad0b87d3f4376c5e1bc8c65d01a02741f7b93a9ba908fe4c77f221ec937a0cba	ad0b87d3f4376c5e1bc8c65d01a02741f7b93a9ba908fe4c77f221ec937a0cba	27	item-027	aa46ad4aadb8a47d	東胡飛弓	4	8	a9daea3f89f65b14a906969cb201aed5ca495fe964ce03a516c5273a4d31cd2a	9e4a530412695a8b781149ece337e112334063d681c6315c5ee41723d6ce84bb
8	pc-scen008-ad0b87d3f4376c5e1bc8c65d01a02741f7b93a9ba908fe4c77f221ec937a0cba	ad0b87d3f4376c5e1bc8c65d01a02741f7b93a9ba908fe4c77f221ec937a0cba	28	item-028	b8e7a47d	貊弓	4	8	0e2c9d811137f679e90113af57fcb9889934042513ea39f2f82bad23ae7238aa	9e4a530412695a8b781149ece337e112334063d681c6315c5ee41723d6ce84bb
8	pc-scen008-ad0b87d3f4376c5e1bc8c65d01a02741f7b93a9ba908fe4c77f221ec937a0cba	ad0b87d3f4376c5e1bc8c65d01a02741f7b93a9ba908fe4c77f221ec937a0cba	29	item-029	b8e7a47d	貊弓	4	8	1c242505b7b2103e8916cd81b166a339aadf822d9f9436cc2704bd21e2c37b90	9e4a530412695a8b781149ece337e112334063d681c6315c5ee41723d6ce84bb
8	pc-scen008-ad0b87d3f4376c5e1bc8c65d01a02741f7b93a9ba908fe4c77f221ec937a0cba	ad0b87d3f4376c5e1bc8c65d01a02741f7b93a9ba908fe4c77f221ec937a0cba	30	item-030	ae5da46ca74caa6b	孫子兵法	5	30	090a4d38bdd12212509dfadd65153b5dadf30d0b7167a2595db7c19fcf689491	9e4a530412695a8b781149ece337e112334063d681c6315c5ee41723d6ce84bb
8	pc-scen008-ad0b87d3f4376c5e1bc8c65d01a02741f7b93a9ba908fe4c77f221ec937a0cba	ad0b87d3f4376c5e1bc8c65d01a02741f7b93a9ba908fe4c77f221ec937a0cba	31	item-031	a74caa6ba447a451a57cbd67	兵法二十四篇	5	20	84c0d1d9c16a3acaf4150ea6fe1628f663bc385318a397c4ad1b307316f3f31b	9e4a530412695a8b781149ece337e112334063d681c6315c5ee41723d6ce84bb
8	pc-scen008-ad0b87d3f4376c5e1bc8c65d01a02741f7b93a9ba908fe4c77f221ec937a0cba	ad0b87d3f4376c5e1bc8c65d01a02741f7b93a9ba908fe4c77f221ec937a0cba	32	item-032	a973bc77b773aed1	孟德新書	5	20	4498999aff35c5621a3f24cabb6d2207755f54c506bb18491955b0b003c341a3	9e4a530412695a8b781149ece337e112334063d681c6315c5ee41723d6ce84bb
8	pc-scen008-ad0b87d3f4376c5e1bc8c65d01a02741f7b93a9ba908fe4c77f221ec937a0cba	ad0b87d3f4376c5e1bc8c65d01a02741f7b93a9ba908fe4c77f221ec937a0cba	33	item-033	a4bbc3fc	六韜	5	18	c7de34e40f6e392fe43c7ee06b17eadb0fe8447b6b8f2bffd97f4211b94c8995	9e4a530412695a8b781149ece337e112334063d681c6315c5ee41723d6ce84bb
8	pc-scen008-ad0b87d3f4376c5e1bc8c65d01a02741f7b93a9ba908fe4c77f221ec937a0cba	ad0b87d3f4376c5e1bc8c65d01a02741f7b93a9ba908fe4c77f221ec937a0cba	34	item-034	a454b2a4	三略	5	18	090b613b7e9f10ccd4cc32e086b01cdecb106dd8d0da69e7c0fdec9275a058aa	9e4a530412695a8b781149ece337e112334063d681c6315c5ee41723d6ce84bb
8	pc-scen008-ad0b87d3f4376c5e1bc8c65d01a02741f7b93a9ba908fe4c77f221ec937a0cba	ad0b87d3f4376c5e1bc8c65d01a02741f7b93a9ba908fe4c77f221ec937a0cba	35	item-035	a764a46c	吳子	5	15	41c13ba2b96e7dfa5d16393fdd4160ab7a1a2c25a4d87032ddd0eb98434c4858	9e4a530412695a8b781149ece337e112334063d681c6315c5ee41723d6ce84bb
8	pc-scen008-ad0b87d3f4376c5e1bc8c65d01a02741f7b93a9ba908fe4c77f221ec937a0cba	ad0b87d3f4376c5e1bc8c65d01a02741f7b93a9ba908fe4c77f221ec937a0cba	36	item-036	b14cc2b7a46c	尉繚子	5	15	b531b9be1bfdc7127d8dbf15cb6cb563d91b4ec0fb6b2f4475ad05fcc79d44ef	9e4a530412695a8b781149ece337e112334063d681c6315c5ee41723d6ce84bb
8	pc-scen008-ad0b87d3f4376c5e1bc8c65d01a02741f7b93a9ba908fe4c77f221ec937a0cba	ad0b87d3f4376c5e1bc8c65d01a02741f7b93a9ba908fe4c77f221ec937a0cba	37	item-037	bed4b0eab5a6	戰國策	5	15	a121b16db44f07f1f284918e0b1a2e01c86185395f09344a43d7a30e4fdb068b	9e4a530412695a8b781149ece337e112334063d681c6315c5ee41723d6ce84bb
8	pc-scen008-ad0b87d3f4376c5e1bc8c65d01a02741f7b93a9ba908fe4c77f221ec937a0cba	ad0b87d3f4376c5e1bc8c65d01a02741f7b93a9ba908fe4c77f221ec937a0cba	38	item-038	a571b0a8aa6b	司馬法	5	12	51e7016318eb938cdfffd51ab29fa851fe651817ab4448084af7b93e030049ec	9e4a530412695a8b781149ece337e112334063d681c6315c5ee41723d6ce84bb
8	pc-scen008-ad0b87d3f4376c5e1bc8c65d01a02741f7b93a9ba908fe4c77f221ec937a0cba	ad0b87d3f4376c5e1bc8c65d01a02741f7b93a9ba908fe4c77f221ec937a0cba	39	item-039	bea5a46c	墨子	5	12	b224e3d71ed456f3b51b2b8a36b1b2296dfc72bfc5fd395fbde2abc1a8033047	9e4a530412695a8b781149ece337e112334063d681c6315c5ee41723d6ce84bb
8	pc-scen008-ad0b87d3f4376c5e1bc8c65d01a02741f7b93a9ba908fe4c77f221ec937a0cba	ad0b87d3f4376c5e1bc8c65d01a02741f7b93a9ba908fe4c77f221ec937a0cba	40	item-040	a4d3a5adad6eb34e	太平要術	5	20	71c1f0a8713b8a439f9f14ade6c24484b188cfde8cdde5c81122d372b7fc70f3	9e4a530412695a8b781149ece337e112334063d681c6315c5ee41723d6ce84bb
8	pc-scen008-ad0b87d3f4376c5e1bc8c65d01a02741f7b93a9ba908fe4c77f221ec937a0cba	ad0b87d3f4376c5e1bc8c65d01a02741f7b93a9ba908fe4c77f221ec937a0cba	41	item-041	a5c9c3a2	玉璽	6	50	b20e953d7d1c19926490fa10a71ee6cf68b7092c450a130dc2b407d4b8fb4235	9e4a530412695a8b781149ece337e112334063d681c6315c5ee41723d6ce84bb
8	pc-scen008-ad0b87d3f4376c5e1bc8c65d01a02741f7b93a9ba908fe4c77f221ec937a0cba	ad0b87d3f4376c5e1bc8c65d01a02741f7b93a9ba908fe4c77f221ec937a0cba	42	item-042	bbc9b3b6	銅雀	7	50	0beb379476db5f744279e3bdfe756a0e826b1a0b8c8bc71a91ad4e825874d23a	9e4a530412695a8b781149ece337e112334063d681c6315c5ee41723d6ce84bb
9	pc-scen009-64d73700fb0159422c4b2f88901c53ffd414226431826e82138d63ebf1c25e9a	64d73700fb0159422c4b2f88901c53ffd414226431826e82138d63ebf1c25e9a	0	item-000	a8aaa8dfb0a8	赤兔馬	0	30	a45c3a839dff908a73034361420ca1e609b62d9bd78f9d7c980eada132b6eaed	be8f65a4d1b1e4f374a73e5326f433b2c309d1eca69d9f557c435e7b9238bf30
9	pc-scen009-64d73700fb0159422c4b2f88901c53ffd414226431826e82138d63ebf1c25e9a	64d73700fb0159422c4b2f88901c53ffd414226431826e82138d63ebf1c25e9a	1	item-001	aababf63	的盧	0	15	d682a2deee0eb1dd0659d80358220c553cd0448b2e4321795333b5210de3a070	be8f65a4d1b1e4f374a73e5326f433b2c309d1eca69d9f557c435e7b9238bf30
9	pc-scen009-64d73700fb0159422c4b2f88901c53ffd414226431826e82138d63ebf1c25e9a	64d73700fb0159422c4b2f88901c53ffd414226431826e82138d63ebf1c25e9a	2	item-002	a4f6b6c0adb8b971	爪黃飛電	0	10	101c8d82654ab173f991383e760867438c79b2fb95e614985a93dfad85eee15f	be8f65a4d1b1e4f374a73e5326f433b2c309d1eca69d9f557c435e7b9238bf30
9	pc-scen009-64d73700fb0159422c4b2f88901c53ffd414226431826e82138d63ebf1c25e9a	64d73700fb0159422c4b2f88901c53ffd414226431826e82138d63ebf1c25e9a	3	item-003	b5b4bc76	絕影	0	10	caf90e84a5524c58e43306beb1ac78cf2124b1b27ee00afb41e0fca1f6fb50b2	be8f65a4d1b1e4f374a73e5326f433b2c309d1eca69d9f557c435e7b9238bf30
9	pc-scen009-64d73700fb0159422c4b2f88901c53ffd414226431826e82138d63ebf1c25e9a	64d73700fb0159422c4b2f88901c53ffd414226431826e82138d63ebf1c25e9a	4	item-004	a46aa97bb0a8	大宛馬	0	8	fe86fd2621ebe064ef0cf7020e09142ac7d9672a867eab90f926d8f13f4d7f5b	be8f65a4d1b1e4f374a73e5326f433b2c309d1eca69d9f557c435e7b9238bf30
9	pc-scen009-64d73700fb0159422c4b2f88901c53ffd414226431826e82138d63ebf1c25e9a	64d73700fb0159422c4b2f88901c53ffd414226431826e82138d63ebf1c25e9a	5	item-005	a46aa97bb0a8	大宛馬	0	8	4dbd2b101704ddbbeb111a5fb8fe6bbc3c137ef1756b42931f36476d9690d3e7	be8f65a4d1b1e4f374a73e5326f433b2c309d1eca69d9f557c435e7b9238bf30
9	pc-scen009-64d73700fb0159422c4b2f88901c53ffd414226431826e82138d63ebf1c25e9a	64d73700fb0159422c4b2f88901c53ffd414226431826e82138d63ebf1c25e9a	6	item-006	a46aa97bb0a8	大宛馬	0	8	83f2ae19632688828e7cfadd7c0daa1c623b99a3500eb7a3a26b7922780e7edb	be8f65a4d1b1e4f374a73e5326f433b2c309d1eca69d9f557c435e7b9238bf30
9	pc-scen009-64d73700fb0159422c4b2f88901c53ffd414226431826e82138d63ebf1c25e9a	64d73700fb0159422c4b2f88901c53ffd414226431826e82138d63ebf1c25e9a	7	item-007	a443ac50c45fa44d	七星寶刀	1	20	1c501220921b1bfa763800998a5fbd9c3eda62b5ed5838c537c1fdd7fb647daa	be8f65a4d1b1e4f374a73e5326f433b2c309d1eca69d9f557c435e7b9238bf30
9	pc-scen009-64d73700fb0159422c4b2f88901c53ffd414226431826e82138d63ebf1c25e9a	64d73700fb0159422c4b2f88901c53ffd414226431826e82138d63ebf1c25e9a	8	item-008	adcaa4d1bc43	倚天劍	1	12	4f6a118bf801a8cf890e5ccba345ae00d40c7eb91537807abb4b6b9e273dc5ae	be8f65a4d1b1e4f374a73e5326f433b2c309d1eca69d9f557c435e7b9238bf30
9	pc-scen009-64d73700fb0159422c4b2f88901c53ffd414226431826e82138d63ebf1c25e9a	64d73700fb0159422c4b2f88901c53ffd414226431826e82138d63ebf1c25e9a	9	item-009	ab43b3aabc43	青釭劍	1	12	81fc2094d0aa8746c211d3d7c84d81f2a3e9fce032a10fe6f2d6a854ce0d99c2	be8f65a4d1b1e4f374a73e5326f433b2c309d1eca69d9f557c435e7b9238bf30
9	pc-scen009-64d73700fb0159422c4b2f88901c53ffd414226431826e82138d63ebf1c25e9a	64d73700fb0159422c4b2f88901c53ffd414226431826e82138d63ebf1c25e9a	10	item-010	bbdbb6afa440b9efbc43	雌雄一對劍	1	12	15869e06f0ec984658cf70634db24029e1b8271b14d673d3d3c1a73c22e04cda	be8f65a4d1b1e4f374a73e5326f433b2c309d1eca69d9f557c435e7b9238bf30
9	pc-scen009-64d73700fb0159422c4b2f88901c53ffd414226431826e82138d63ebf1c25e9a	64d73700fb0159422c4b2f88901c53ffd414226431826e82138d63ebf1c25e9a	11	item-011	a4e8a4d1b565b475	方天畫戟	2	18	a55a7b2141d4160c844ffa1b2e5be5c76f1f88a8acdb8707541d308164413608	be8f65a4d1b1e4f374a73e5326f433b2c309d1eca69d9f557c435e7b9238bf30
9	pc-scen009-64d73700fb0159422c4b2f88901c53ffd414226431826e82138d63ebf1c25e9a	64d73700fb0159422c4b2f88901c53ffd414226431826e82138d63ebf1c25e9a	12	item-012	ab43c073b0b3a4eba44d	青龍偃月刀	2	18	0a5080409208533f25208e0c12328210ccd301f0aa49d471d0809f50a20144cc	be8f65a4d1b1e4f374a73e5326f433b2c309d1eca69d9f557c435e7b9238bf30
9	pc-scen009-64d73700fb0159422c4b2f88901c53ffd414226431826e82138d63ebf1c25e9a	64d73700fb0159422c4b2f88901c53ffd414226431826e82138d63ebf1c25e9a	13	item-013	b344a5d9	蛇矛	2	18	1770210c7f478684e23ed9c50e30b892baa258d676fb4a2d2d7860eb0de04416	be8f65a4d1b1e4f374a73e5326f433b2c309d1eca69d9f557c435e7b9238bf30
9	pc-scen009-64d73700fb0159422c4b2f88901c53ffd414226431826e82138d63ebf1c25e9a	64d73700fb0159422c4b2f88901c53ffd414226431826e82138d63ebf1c25e9a	14	item-014	ac79ac50c2f1	流星鎚	3	7	92e15648efe750fe003ab1263541e5bfc72cc78f66efd1a03ce12c215bc6591b	be8f65a4d1b1e4f374a73e5326f433b2c309d1eca69d9f557c435e7b9238bf30
9	pc-scen009-64d73700fb0159422c4b2f88901c53ffd414226431826e82138d63ebf1c25e9a	64d73700fb0159422c4b2f88901c53ffd414226431826e82138d63ebf1c25e9a	15	item-015	adb8a44d	飛刀	3	5	37def8af285103ca0ecd53b3e8536f336ed36fd8c18eda7fc1f45e8f94c7c94b	be8f65a4d1b1e4f374a73e5326f433b2c309d1eca69d9f557c435e7b9238bf30
9	pc-scen009-64d73700fb0159422c4b2f88901c53ffd414226431826e82138d63ebf1c25e9a	64d73700fb0159422c4b2f88901c53ffd414226431826e82138d63ebf1c25e9a	16	item-016	adb8a44d	飛刀	3	5	8f8dddaa33d90557a332d0da5874f6c64865c67c6124a6a1a6c563ddb686e342	be8f65a4d1b1e4f374a73e5326f433b2c309d1eca69d9f557c435e7b9238bf30
9	pc-scen009-64d73700fb0159422c4b2f88901c53ffd414226431826e82138d63ebf1c25e9a	64d73700fb0159422c4b2f88901c53ffd414226431826e82138d63ebf1c25e9a	17	item-017	b575b475	短戟	3	4	3df8baba4f70f9d65ccf0a9088124b7f7d0a46fed848ad8c095b3f7b3b225129	be8f65a4d1b1e4f374a73e5326f433b2c309d1eca69d9f557c435e7b9238bf30
9	pc-scen009-64d73700fb0159422c4b2f88901c53ffd414226431826e82138d63ebf1c25e9a	64d73700fb0159422c4b2f88901c53ffd414226431826e82138d63ebf1c25e9a	18	item-018	b575b475	短戟	3	4	96b219b1d5bf3976598f45986518b8e77501e2c4c1ba119c65ca734142bfba82	be8f65a4d1b1e4f374a73e5326f433b2c309d1eca69d9f557c435e7b9238bf30
9	pc-scen009-64d73700fb0159422c4b2f88901c53ffd414226431826e82138d63ebf1c25e9a	64d73700fb0159422c4b2f88901c53ffd414226431826e82138d63ebf1c25e9a	19	item-019	a4e2b475	手戟	3	3	3fa3bb3bb2fef99d27879415bf3213fe69676245d894f5e2c15d88d8a4f2c30f	be8f65a4d1b1e4f374a73e5326f433b2c309d1eca69d9f557c435e7b9238bf30
9	pc-scen009-64d73700fb0159422c4b2f88901c53ffd414226431826e82138d63ebf1c25e9a	64d73700fb0159422c4b2f88901c53ffd414226431826e82138d63ebf1c25e9a	20	item-020	a4e2b475	手戟	3	3	875224a29f356dc27071d32f251f9ba5c917f8c4080f78e49bb07329942d5105	be8f65a4d1b1e4f374a73e5326f433b2c309d1eca69d9f557c435e7b9238bf30
9	pc-scen009-64d73700fb0159422c4b2f88901c53ffd414226431826e82138d63ebf1c25e9a	64d73700fb0159422c4b2f88901c53ffd414226431826e82138d63ebf1c25e9a	21	item-021	c54bc2ea	鐵鎖	3	6	1da9d5541cbed9d2e582027b99fefacd50f4d69981d075fdeb8c4ecd228a486f	be8f65a4d1b1e4f374a73e5326f433b2c309d1eca69d9f557c435e7b9238bf30
9	pc-scen009-64d73700fb0159422c4b2f88901c53ffd414226431826e82138d63ebf1c25e9a	64d73700fb0159422c4b2f88901c53ffd414226431826e82138d63ebf1c25e9a	22	item-022	be69a5d1b0f2a47d	養由基弓	4	20	80cff19423ec9433d181ca8605ce0a2d7793b5b289caeff351c7bc3f95328a87	be8f65a4d1b1e4f374a73e5326f433b2c309d1eca69d9f557c435e7b9238bf30
9	pc-scen009-64d73700fb0159422c4b2f88901c53ffd414226431826e82138d63ebf1c25e9a	64d73700fb0159422c4b2f88901c53ffd414226431826e82138d63ebf1c25e9a	23	item-023	a7f5bc73a47d	李廣弓	4	18	c5585aba8fefc0c0a8fafa0cd0a8e35d05fe952112ab2d59346f212d48da8655	be8f65a4d1b1e4f374a73e5326f433b2c309d1eca69d9f557c435e7b9238bf30
9	pc-scen009-64d73700fb0159422c4b2f88901c53ffd414226431826e82138d63ebf1c25e9a	64d73700fb0159422c4b2f88901c53ffd414226431826e82138d63ebf1c25e9a	24	item-024	c0c8a47d	檀弓	4	8	e576f65c35e1d458654baf21075bbe06eca65cb7eab91b8ddbe49e57fd3653c9	be8f65a4d1b1e4f374a73e5326f433b2c309d1eca69d9f557c435e7b9238bf30
9	pc-scen009-64d73700fb0159422c4b2f88901c53ffd414226431826e82138d63ebf1c25e9a	64d73700fb0159422c4b2f88901c53ffd414226431826e82138d63ebf1c25e9a	25	item-025	c0c8a47d	檀弓	4	8	601cc7d1a32e8e881aedccdfed8d27915f6a0126147399d6adb0aa4c22e682df	be8f65a4d1b1e4f374a73e5326f433b2c309d1eca69d9f557c435e7b9238bf30
9	pc-scen009-64d73700fb0159422c4b2f88901c53ffd414226431826e82138d63ebf1c25e9a	64d73700fb0159422c4b2f88901c53ffd414226431826e82138d63ebf1c25e9a	26	item-026	aa46ad4aadb8a47d	東胡飛弓	4	8	274593094f44b1391b9faf6f219d6ac024ad6ac97d21fa8d688a8e8802764541	be8f65a4d1b1e4f374a73e5326f433b2c309d1eca69d9f557c435e7b9238bf30
9	pc-scen009-64d73700fb0159422c4b2f88901c53ffd414226431826e82138d63ebf1c25e9a	64d73700fb0159422c4b2f88901c53ffd414226431826e82138d63ebf1c25e9a	27	item-027	aa46ad4aadb8a47d	東胡飛弓	4	8	a9daea3f89f65b14a906969cb201aed5ca495fe964ce03a516c5273a4d31cd2a	be8f65a4d1b1e4f374a73e5326f433b2c309d1eca69d9f557c435e7b9238bf30
9	pc-scen009-64d73700fb0159422c4b2f88901c53ffd414226431826e82138d63ebf1c25e9a	64d73700fb0159422c4b2f88901c53ffd414226431826e82138d63ebf1c25e9a	28	item-028	b8e7a47d	貊弓	4	8	0e2c9d811137f679e90113af57fcb9889934042513ea39f2f82bad23ae7238aa	be8f65a4d1b1e4f374a73e5326f433b2c309d1eca69d9f557c435e7b9238bf30
9	pc-scen009-64d73700fb0159422c4b2f88901c53ffd414226431826e82138d63ebf1c25e9a	64d73700fb0159422c4b2f88901c53ffd414226431826e82138d63ebf1c25e9a	29	item-029	b8e7a47d	貊弓	4	8	1c242505b7b2103e8916cd81b166a339aadf822d9f9436cc2704bd21e2c37b90	be8f65a4d1b1e4f374a73e5326f433b2c309d1eca69d9f557c435e7b9238bf30
9	pc-scen009-64d73700fb0159422c4b2f88901c53ffd414226431826e82138d63ebf1c25e9a	64d73700fb0159422c4b2f88901c53ffd414226431826e82138d63ebf1c25e9a	30	item-030	ae5da46ca74caa6b	孫子兵法	5	30	434fa3318fbe6ecc2272aedf5d370477c8a5d8c13a6f5ba6e854e463f07b94bc	be8f65a4d1b1e4f374a73e5326f433b2c309d1eca69d9f557c435e7b9238bf30
9	pc-scen009-64d73700fb0159422c4b2f88901c53ffd414226431826e82138d63ebf1c25e9a	64d73700fb0159422c4b2f88901c53ffd414226431826e82138d63ebf1c25e9a	31	item-031	a74caa6ba447a451a57cbd67	兵法二十四篇	5	20	84c0d1d9c16a3acaf4150ea6fe1628f663bc385318a397c4ad1b307316f3f31b	be8f65a4d1b1e4f374a73e5326f433b2c309d1eca69d9f557c435e7b9238bf30
9	pc-scen009-64d73700fb0159422c4b2f88901c53ffd414226431826e82138d63ebf1c25e9a	64d73700fb0159422c4b2f88901c53ffd414226431826e82138d63ebf1c25e9a	32	item-032	a973bc77b773aed1	孟德新書	5	20	4498999aff35c5621a3f24cabb6d2207755f54c506bb18491955b0b003c341a3	be8f65a4d1b1e4f374a73e5326f433b2c309d1eca69d9f557c435e7b9238bf30
9	pc-scen009-64d73700fb0159422c4b2f88901c53ffd414226431826e82138d63ebf1c25e9a	64d73700fb0159422c4b2f88901c53ffd414226431826e82138d63ebf1c25e9a	33	item-033	a4bbc3fc	六韜	5	18	c7de34e40f6e392fe43c7ee06b17eadb0fe8447b6b8f2bffd97f4211b94c8995	be8f65a4d1b1e4f374a73e5326f433b2c309d1eca69d9f557c435e7b9238bf30
9	pc-scen009-64d73700fb0159422c4b2f88901c53ffd414226431826e82138d63ebf1c25e9a	64d73700fb0159422c4b2f88901c53ffd414226431826e82138d63ebf1c25e9a	34	item-034	a454b2a4	三略	5	18	090b613b7e9f10ccd4cc32e086b01cdecb106dd8d0da69e7c0fdec9275a058aa	be8f65a4d1b1e4f374a73e5326f433b2c309d1eca69d9f557c435e7b9238bf30
9	pc-scen009-64d73700fb0159422c4b2f88901c53ffd414226431826e82138d63ebf1c25e9a	64d73700fb0159422c4b2f88901c53ffd414226431826e82138d63ebf1c25e9a	35	item-035	a764a46c	吳子	5	15	41c13ba2b96e7dfa5d16393fdd4160ab7a1a2c25a4d87032ddd0eb98434c4858	be8f65a4d1b1e4f374a73e5326f433b2c309d1eca69d9f557c435e7b9238bf30
9	pc-scen009-64d73700fb0159422c4b2f88901c53ffd414226431826e82138d63ebf1c25e9a	64d73700fb0159422c4b2f88901c53ffd414226431826e82138d63ebf1c25e9a	36	item-036	b14cc2b7a46c	尉繚子	5	15	b531b9be1bfdc7127d8dbf15cb6cb563d91b4ec0fb6b2f4475ad05fcc79d44ef	be8f65a4d1b1e4f374a73e5326f433b2c309d1eca69d9f557c435e7b9238bf30
9	pc-scen009-64d73700fb0159422c4b2f88901c53ffd414226431826e82138d63ebf1c25e9a	64d73700fb0159422c4b2f88901c53ffd414226431826e82138d63ebf1c25e9a	37	item-037	bed4b0eab5a6	戰國策	5	15	a121b16db44f07f1f284918e0b1a2e01c86185395f09344a43d7a30e4fdb068b	be8f65a4d1b1e4f374a73e5326f433b2c309d1eca69d9f557c435e7b9238bf30
9	pc-scen009-64d73700fb0159422c4b2f88901c53ffd414226431826e82138d63ebf1c25e9a	64d73700fb0159422c4b2f88901c53ffd414226431826e82138d63ebf1c25e9a	38	item-038	a571b0a8aa6b	司馬法	5	12	51e7016318eb938cdfffd51ab29fa851fe651817ab4448084af7b93e030049ec	be8f65a4d1b1e4f374a73e5326f433b2c309d1eca69d9f557c435e7b9238bf30
9	pc-scen009-64d73700fb0159422c4b2f88901c53ffd414226431826e82138d63ebf1c25e9a	64d73700fb0159422c4b2f88901c53ffd414226431826e82138d63ebf1c25e9a	39	item-039	bea5a46c	墨子	5	12	b224e3d71ed456f3b51b2b8a36b1b2296dfc72bfc5fd395fbde2abc1a8033047	be8f65a4d1b1e4f374a73e5326f433b2c309d1eca69d9f557c435e7b9238bf30
9	pc-scen009-64d73700fb0159422c4b2f88901c53ffd414226431826e82138d63ebf1c25e9a	64d73700fb0159422c4b2f88901c53ffd414226431826e82138d63ebf1c25e9a	40	item-040	a4d3a5adad6eb34e	太平要術	5	20	71c1f0a8713b8a439f9f14ade6c24484b188cfde8cdde5c81122d372b7fc70f3	be8f65a4d1b1e4f374a73e5326f433b2c309d1eca69d9f557c435e7b9238bf30
9	pc-scen009-64d73700fb0159422c4b2f88901c53ffd414226431826e82138d63ebf1c25e9a	64d73700fb0159422c4b2f88901c53ffd414226431826e82138d63ebf1c25e9a	41	item-041	a5c9c3a2	玉璽	6	50	a0e04c564aabf5aed25b312f9b4ac780ebc7a97266825c79c95afe1d1c0802dd	be8f65a4d1b1e4f374a73e5326f433b2c309d1eca69d9f557c435e7b9238bf30
9	pc-scen009-64d73700fb0159422c4b2f88901c53ffd414226431826e82138d63ebf1c25e9a	64d73700fb0159422c4b2f88901c53ffd414226431826e82138d63ebf1c25e9a	42	item-042	bbc9b3b6	銅雀	7	50	0beb379476db5f744279e3bdfe756a0e826b1a0b8c8bc71a91ad4e825874d23a	be8f65a4d1b1e4f374a73e5326f433b2c309d1eca69d9f557c435e7b9238bf30
10	pc-scen010-4b52422dfb2341a1e1e74df1ce62f9af1ec535d228d7ad317e0f1f29e9a2e9ba	4b52422dfb2341a1e1e74df1ce62f9af1ec535d228d7ad317e0f1f29e9a2e9ba	0	item-000	a8aaa8dfb0a8	赤兔馬	0	30	a45c3a839dff908a73034361420ca1e609b62d9bd78f9d7c980eada132b6eaed	db564a0e540b0015508f31bc28524fa0e708cc4a269da6d3e4900381c946e0b6
10	pc-scen010-4b52422dfb2341a1e1e74df1ce62f9af1ec535d228d7ad317e0f1f29e9a2e9ba	4b52422dfb2341a1e1e74df1ce62f9af1ec535d228d7ad317e0f1f29e9a2e9ba	1	item-001	aababf63	的盧	0	15	2ff751e2689fe9ae0b127043dda4f4e707f47cde2798bbf7cd6f39f7a114bd2e	db564a0e540b0015508f31bc28524fa0e708cc4a269da6d3e4900381c946e0b6
10	pc-scen010-4b52422dfb2341a1e1e74df1ce62f9af1ec535d228d7ad317e0f1f29e9a2e9ba	4b52422dfb2341a1e1e74df1ce62f9af1ec535d228d7ad317e0f1f29e9a2e9ba	2	item-002	a4f6b6c0adb8b971	爪黃飛電	0	10	101c8d82654ab173f991383e760867438c79b2fb95e614985a93dfad85eee15f	db564a0e540b0015508f31bc28524fa0e708cc4a269da6d3e4900381c946e0b6
10	pc-scen010-4b52422dfb2341a1e1e74df1ce62f9af1ec535d228d7ad317e0f1f29e9a2e9ba	4b52422dfb2341a1e1e74df1ce62f9af1ec535d228d7ad317e0f1f29e9a2e9ba	3	item-003	b5b4bc76	絕影	0	10	caf90e84a5524c58e43306beb1ac78cf2124b1b27ee00afb41e0fca1f6fb50b2	db564a0e540b0015508f31bc28524fa0e708cc4a269da6d3e4900381c946e0b6
10	pc-scen010-4b52422dfb2341a1e1e74df1ce62f9af1ec535d228d7ad317e0f1f29e9a2e9ba	4b52422dfb2341a1e1e74df1ce62f9af1ec535d228d7ad317e0f1f29e9a2e9ba	4	item-004	a46aa97bb0a8	大宛馬	0	8	fe86fd2621ebe064ef0cf7020e09142ac7d9672a867eab90f926d8f13f4d7f5b	db564a0e540b0015508f31bc28524fa0e708cc4a269da6d3e4900381c946e0b6
10	pc-scen010-4b52422dfb2341a1e1e74df1ce62f9af1ec535d228d7ad317e0f1f29e9a2e9ba	4b52422dfb2341a1e1e74df1ce62f9af1ec535d228d7ad317e0f1f29e9a2e9ba	5	item-005	a46aa97bb0a8	大宛馬	0	8	4dbd2b101704ddbbeb111a5fb8fe6bbc3c137ef1756b42931f36476d9690d3e7	db564a0e540b0015508f31bc28524fa0e708cc4a269da6d3e4900381c946e0b6
10	pc-scen010-4b52422dfb2341a1e1e74df1ce62f9af1ec535d228d7ad317e0f1f29e9a2e9ba	4b52422dfb2341a1e1e74df1ce62f9af1ec535d228d7ad317e0f1f29e9a2e9ba	6	item-006	a46aa97bb0a8	大宛馬	0	8	83f2ae19632688828e7cfadd7c0daa1c623b99a3500eb7a3a26b7922780e7edb	db564a0e540b0015508f31bc28524fa0e708cc4a269da6d3e4900381c946e0b6
10	pc-scen010-4b52422dfb2341a1e1e74df1ce62f9af1ec535d228d7ad317e0f1f29e9a2e9ba	4b52422dfb2341a1e1e74df1ce62f9af1ec535d228d7ad317e0f1f29e9a2e9ba	7	item-007	a443ac50c45fa44d	七星寶刀	1	20	1c501220921b1bfa763800998a5fbd9c3eda62b5ed5838c537c1fdd7fb647daa	db564a0e540b0015508f31bc28524fa0e708cc4a269da6d3e4900381c946e0b6
10	pc-scen010-4b52422dfb2341a1e1e74df1ce62f9af1ec535d228d7ad317e0f1f29e9a2e9ba	4b52422dfb2341a1e1e74df1ce62f9af1ec535d228d7ad317e0f1f29e9a2e9ba	8	item-008	adcaa4d1bc43	倚天劍	1	12	4f6a118bf801a8cf890e5ccba345ae00d40c7eb91537807abb4b6b9e273dc5ae	db564a0e540b0015508f31bc28524fa0e708cc4a269da6d3e4900381c946e0b6
10	pc-scen010-4b52422dfb2341a1e1e74df1ce62f9af1ec535d228d7ad317e0f1f29e9a2e9ba	4b52422dfb2341a1e1e74df1ce62f9af1ec535d228d7ad317e0f1f29e9a2e9ba	9	item-009	ab43b3aabc43	青釭劍	1	12	f25e9e3f1a5c3ecac3c84ed22514539c185c340f303d6dfc09550642a6278d35	db564a0e540b0015508f31bc28524fa0e708cc4a269da6d3e4900381c946e0b6
10	pc-scen010-4b52422dfb2341a1e1e74df1ce62f9af1ec535d228d7ad317e0f1f29e9a2e9ba	4b52422dfb2341a1e1e74df1ce62f9af1ec535d228d7ad317e0f1f29e9a2e9ba	10	item-010	bbdbb6afa440b9efbc43	雌雄一對劍	1	12	15869e06f0ec984658cf70634db24029e1b8271b14d673d3d3c1a73c22e04cda	db564a0e540b0015508f31bc28524fa0e708cc4a269da6d3e4900381c946e0b6
10	pc-scen010-4b52422dfb2341a1e1e74df1ce62f9af1ec535d228d7ad317e0f1f29e9a2e9ba	4b52422dfb2341a1e1e74df1ce62f9af1ec535d228d7ad317e0f1f29e9a2e9ba	11	item-011	a4e8a4d1b565b475	方天畫戟	2	18	a55a7b2141d4160c844ffa1b2e5be5c76f1f88a8acdb8707541d308164413608	db564a0e540b0015508f31bc28524fa0e708cc4a269da6d3e4900381c946e0b6
10	pc-scen010-4b52422dfb2341a1e1e74df1ce62f9af1ec535d228d7ad317e0f1f29e9a2e9ba	4b52422dfb2341a1e1e74df1ce62f9af1ec535d228d7ad317e0f1f29e9a2e9ba	12	item-012	ab43c073b0b3a4eba44d	青龍偃月刀	2	18	0a5080409208533f25208e0c12328210ccd301f0aa49d471d0809f50a20144cc	db564a0e540b0015508f31bc28524fa0e708cc4a269da6d3e4900381c946e0b6
10	pc-scen010-4b52422dfb2341a1e1e74df1ce62f9af1ec535d228d7ad317e0f1f29e9a2e9ba	4b52422dfb2341a1e1e74df1ce62f9af1ec535d228d7ad317e0f1f29e9a2e9ba	13	item-013	b344a5d9	蛇矛	2	18	1770210c7f478684e23ed9c50e30b892baa258d676fb4a2d2d7860eb0de04416	db564a0e540b0015508f31bc28524fa0e708cc4a269da6d3e4900381c946e0b6
10	pc-scen010-4b52422dfb2341a1e1e74df1ce62f9af1ec535d228d7ad317e0f1f29e9a2e9ba	4b52422dfb2341a1e1e74df1ce62f9af1ec535d228d7ad317e0f1f29e9a2e9ba	14	item-014	ac79ac50c2f1	流星鎚	3	7	92e15648efe750fe003ab1263541e5bfc72cc78f66efd1a03ce12c215bc6591b	db564a0e540b0015508f31bc28524fa0e708cc4a269da6d3e4900381c946e0b6
10	pc-scen010-4b52422dfb2341a1e1e74df1ce62f9af1ec535d228d7ad317e0f1f29e9a2e9ba	4b52422dfb2341a1e1e74df1ce62f9af1ec535d228d7ad317e0f1f29e9a2e9ba	15	item-015	adb8a44d	飛刀	3	5	37def8af285103ca0ecd53b3e8536f336ed36fd8c18eda7fc1f45e8f94c7c94b	db564a0e540b0015508f31bc28524fa0e708cc4a269da6d3e4900381c946e0b6
10	pc-scen010-4b52422dfb2341a1e1e74df1ce62f9af1ec535d228d7ad317e0f1f29e9a2e9ba	4b52422dfb2341a1e1e74df1ce62f9af1ec535d228d7ad317e0f1f29e9a2e9ba	16	item-016	adb8a44d	飛刀	3	5	4de9ac5eeb92263f3144617d5fb08de82fdf2c440423aff85c8fbd0fbae09040	db564a0e540b0015508f31bc28524fa0e708cc4a269da6d3e4900381c946e0b6
10	pc-scen010-4b52422dfb2341a1e1e74df1ce62f9af1ec535d228d7ad317e0f1f29e9a2e9ba	4b52422dfb2341a1e1e74df1ce62f9af1ec535d228d7ad317e0f1f29e9a2e9ba	17	item-017	b575b475	短戟	3	4	3df8baba4f70f9d65ccf0a9088124b7f7d0a46fed848ad8c095b3f7b3b225129	db564a0e540b0015508f31bc28524fa0e708cc4a269da6d3e4900381c946e0b6
10	pc-scen010-4b52422dfb2341a1e1e74df1ce62f9af1ec535d228d7ad317e0f1f29e9a2e9ba	4b52422dfb2341a1e1e74df1ce62f9af1ec535d228d7ad317e0f1f29e9a2e9ba	18	item-018	b575b475	短戟	3	4	96b219b1d5bf3976598f45986518b8e77501e2c4c1ba119c65ca734142bfba82	db564a0e540b0015508f31bc28524fa0e708cc4a269da6d3e4900381c946e0b6
10	pc-scen010-4b52422dfb2341a1e1e74df1ce62f9af1ec535d228d7ad317e0f1f29e9a2e9ba	4b52422dfb2341a1e1e74df1ce62f9af1ec535d228d7ad317e0f1f29e9a2e9ba	19	item-019	a4e2b475	手戟	3	3	6d84d7fdf82ea0b16bddf76856082d75455887f41dfe7c4fff2e73e094af559f	db564a0e540b0015508f31bc28524fa0e708cc4a269da6d3e4900381c946e0b6
10	pc-scen010-4b52422dfb2341a1e1e74df1ce62f9af1ec535d228d7ad317e0f1f29e9a2e9ba	4b52422dfb2341a1e1e74df1ce62f9af1ec535d228d7ad317e0f1f29e9a2e9ba	20	item-020	a4e2b475	手戟	3	3	d354bcbaf19aa0eb83991aabd92a6cb740a4909714e191bd64299720e5e7a9ff	db564a0e540b0015508f31bc28524fa0e708cc4a269da6d3e4900381c946e0b6
10	pc-scen010-4b52422dfb2341a1e1e74df1ce62f9af1ec535d228d7ad317e0f1f29e9a2e9ba	4b52422dfb2341a1e1e74df1ce62f9af1ec535d228d7ad317e0f1f29e9a2e9ba	21	item-021	c54bc2ea	鐵鎖	3	6	1da9d5541cbed9d2e582027b99fefacd50f4d69981d075fdeb8c4ecd228a486f	db564a0e540b0015508f31bc28524fa0e708cc4a269da6d3e4900381c946e0b6
10	pc-scen010-4b52422dfb2341a1e1e74df1ce62f9af1ec535d228d7ad317e0f1f29e9a2e9ba	4b52422dfb2341a1e1e74df1ce62f9af1ec535d228d7ad317e0f1f29e9a2e9ba	22	item-022	be69a5d1b0f2a47d	養由基弓	4	20	80cff19423ec9433d181ca8605ce0a2d7793b5b289caeff351c7bc3f95328a87	db564a0e540b0015508f31bc28524fa0e708cc4a269da6d3e4900381c946e0b6
10	pc-scen010-4b52422dfb2341a1e1e74df1ce62f9af1ec535d228d7ad317e0f1f29e9a2e9ba	4b52422dfb2341a1e1e74df1ce62f9af1ec535d228d7ad317e0f1f29e9a2e9ba	23	item-023	a7f5bc73a47d	李廣弓	4	18	c5585aba8fefc0c0a8fafa0cd0a8e35d05fe952112ab2d59346f212d48da8655	db564a0e540b0015508f31bc28524fa0e708cc4a269da6d3e4900381c946e0b6
10	pc-scen010-4b52422dfb2341a1e1e74df1ce62f9af1ec535d228d7ad317e0f1f29e9a2e9ba	4b52422dfb2341a1e1e74df1ce62f9af1ec535d228d7ad317e0f1f29e9a2e9ba	24	item-024	c0c8a47d	檀弓	4	8	e576f65c35e1d458654baf21075bbe06eca65cb7eab91b8ddbe49e57fd3653c9	db564a0e540b0015508f31bc28524fa0e708cc4a269da6d3e4900381c946e0b6
10	pc-scen010-4b52422dfb2341a1e1e74df1ce62f9af1ec535d228d7ad317e0f1f29e9a2e9ba	4b52422dfb2341a1e1e74df1ce62f9af1ec535d228d7ad317e0f1f29e9a2e9ba	25	item-025	c0c8a47d	檀弓	4	8	601cc7d1a32e8e881aedccdfed8d27915f6a0126147399d6adb0aa4c22e682df	db564a0e540b0015508f31bc28524fa0e708cc4a269da6d3e4900381c946e0b6
10	pc-scen010-4b52422dfb2341a1e1e74df1ce62f9af1ec535d228d7ad317e0f1f29e9a2e9ba	4b52422dfb2341a1e1e74df1ce62f9af1ec535d228d7ad317e0f1f29e9a2e9ba	26	item-026	aa46ad4aadb8a47d	東胡飛弓	4	8	274593094f44b1391b9faf6f219d6ac024ad6ac97d21fa8d688a8e8802764541	db564a0e540b0015508f31bc28524fa0e708cc4a269da6d3e4900381c946e0b6
10	pc-scen010-4b52422dfb2341a1e1e74df1ce62f9af1ec535d228d7ad317e0f1f29e9a2e9ba	4b52422dfb2341a1e1e74df1ce62f9af1ec535d228d7ad317e0f1f29e9a2e9ba	27	item-027	aa46ad4aadb8a47d	東胡飛弓	4	8	a9daea3f89f65b14a906969cb201aed5ca495fe964ce03a516c5273a4d31cd2a	db564a0e540b0015508f31bc28524fa0e708cc4a269da6d3e4900381c946e0b6
10	pc-scen010-4b52422dfb2341a1e1e74df1ce62f9af1ec535d228d7ad317e0f1f29e9a2e9ba	4b52422dfb2341a1e1e74df1ce62f9af1ec535d228d7ad317e0f1f29e9a2e9ba	28	item-028	b8e7a47d	貊弓	4	8	0e2c9d811137f679e90113af57fcb9889934042513ea39f2f82bad23ae7238aa	db564a0e540b0015508f31bc28524fa0e708cc4a269da6d3e4900381c946e0b6
10	pc-scen010-4b52422dfb2341a1e1e74df1ce62f9af1ec535d228d7ad317e0f1f29e9a2e9ba	4b52422dfb2341a1e1e74df1ce62f9af1ec535d228d7ad317e0f1f29e9a2e9ba	29	item-029	b8e7a47d	貊弓	4	8	1c242505b7b2103e8916cd81b166a339aadf822d9f9436cc2704bd21e2c37b90	db564a0e540b0015508f31bc28524fa0e708cc4a269da6d3e4900381c946e0b6
10	pc-scen010-4b52422dfb2341a1e1e74df1ce62f9af1ec535d228d7ad317e0f1f29e9a2e9ba	4b52422dfb2341a1e1e74df1ce62f9af1ec535d228d7ad317e0f1f29e9a2e9ba	30	item-030	ae5da46ca74caa6b	孫子兵法	5	30	434fa3318fbe6ecc2272aedf5d370477c8a5d8c13a6f5ba6e854e463f07b94bc	db564a0e540b0015508f31bc28524fa0e708cc4a269da6d3e4900381c946e0b6
10	pc-scen010-4b52422dfb2341a1e1e74df1ce62f9af1ec535d228d7ad317e0f1f29e9a2e9ba	4b52422dfb2341a1e1e74df1ce62f9af1ec535d228d7ad317e0f1f29e9a2e9ba	31	item-031	a74caa6ba447a451a57cbd67	兵法二十四篇	5	20	84c0d1d9c16a3acaf4150ea6fe1628f663bc385318a397c4ad1b307316f3f31b	db564a0e540b0015508f31bc28524fa0e708cc4a269da6d3e4900381c946e0b6
10	pc-scen010-4b52422dfb2341a1e1e74df1ce62f9af1ec535d228d7ad317e0f1f29e9a2e9ba	4b52422dfb2341a1e1e74df1ce62f9af1ec535d228d7ad317e0f1f29e9a2e9ba	32	item-032	a973bc77b773aed1	孟德新書	5	20	4498999aff35c5621a3f24cabb6d2207755f54c506bb18491955b0b003c341a3	db564a0e540b0015508f31bc28524fa0e708cc4a269da6d3e4900381c946e0b6
10	pc-scen010-4b52422dfb2341a1e1e74df1ce62f9af1ec535d228d7ad317e0f1f29e9a2e9ba	4b52422dfb2341a1e1e74df1ce62f9af1ec535d228d7ad317e0f1f29e9a2e9ba	33	item-033	a4bbc3fc	六韜	5	18	c7de34e40f6e392fe43c7ee06b17eadb0fe8447b6b8f2bffd97f4211b94c8995	db564a0e540b0015508f31bc28524fa0e708cc4a269da6d3e4900381c946e0b6
10	pc-scen010-4b52422dfb2341a1e1e74df1ce62f9af1ec535d228d7ad317e0f1f29e9a2e9ba	4b52422dfb2341a1e1e74df1ce62f9af1ec535d228d7ad317e0f1f29e9a2e9ba	34	item-034	a454b2a4	三略	5	18	090b613b7e9f10ccd4cc32e086b01cdecb106dd8d0da69e7c0fdec9275a058aa	db564a0e540b0015508f31bc28524fa0e708cc4a269da6d3e4900381c946e0b6
10	pc-scen010-4b52422dfb2341a1e1e74df1ce62f9af1ec535d228d7ad317e0f1f29e9a2e9ba	4b52422dfb2341a1e1e74df1ce62f9af1ec535d228d7ad317e0f1f29e9a2e9ba	35	item-035	a764a46c	吳子	5	15	41c13ba2b96e7dfa5d16393fdd4160ab7a1a2c25a4d87032ddd0eb98434c4858	db564a0e540b0015508f31bc28524fa0e708cc4a269da6d3e4900381c946e0b6
10	pc-scen010-4b52422dfb2341a1e1e74df1ce62f9af1ec535d228d7ad317e0f1f29e9a2e9ba	4b52422dfb2341a1e1e74df1ce62f9af1ec535d228d7ad317e0f1f29e9a2e9ba	36	item-036	b14cc2b7a46c	尉繚子	5	15	b531b9be1bfdc7127d8dbf15cb6cb563d91b4ec0fb6b2f4475ad05fcc79d44ef	db564a0e540b0015508f31bc28524fa0e708cc4a269da6d3e4900381c946e0b6
10	pc-scen010-4b52422dfb2341a1e1e74df1ce62f9af1ec535d228d7ad317e0f1f29e9a2e9ba	4b52422dfb2341a1e1e74df1ce62f9af1ec535d228d7ad317e0f1f29e9a2e9ba	37	item-037	bed4b0eab5a6	戰國策	5	15	a121b16db44f07f1f284918e0b1a2e01c86185395f09344a43d7a30e4fdb068b	db564a0e540b0015508f31bc28524fa0e708cc4a269da6d3e4900381c946e0b6
10	pc-scen010-4b52422dfb2341a1e1e74df1ce62f9af1ec535d228d7ad317e0f1f29e9a2e9ba	4b52422dfb2341a1e1e74df1ce62f9af1ec535d228d7ad317e0f1f29e9a2e9ba	38	item-038	a571b0a8aa6b	司馬法	5	12	51e7016318eb938cdfffd51ab29fa851fe651817ab4448084af7b93e030049ec	db564a0e540b0015508f31bc28524fa0e708cc4a269da6d3e4900381c946e0b6
10	pc-scen010-4b52422dfb2341a1e1e74df1ce62f9af1ec535d228d7ad317e0f1f29e9a2e9ba	4b52422dfb2341a1e1e74df1ce62f9af1ec535d228d7ad317e0f1f29e9a2e9ba	39	item-039	bea5a46c	墨子	5	12	b224e3d71ed456f3b51b2b8a36b1b2296dfc72bfc5fd395fbde2abc1a8033047	db564a0e540b0015508f31bc28524fa0e708cc4a269da6d3e4900381c946e0b6
10	pc-scen010-4b52422dfb2341a1e1e74df1ce62f9af1ec535d228d7ad317e0f1f29e9a2e9ba	4b52422dfb2341a1e1e74df1ce62f9af1ec535d228d7ad317e0f1f29e9a2e9ba	40	item-040	a4d3a5adad6eb34e	太平要術	5	20	71c1f0a8713b8a439f9f14ade6c24484b188cfde8cdde5c81122d372b7fc70f3	db564a0e540b0015508f31bc28524fa0e708cc4a269da6d3e4900381c946e0b6
10	pc-scen010-4b52422dfb2341a1e1e74df1ce62f9af1ec535d228d7ad317e0f1f29e9a2e9ba	4b52422dfb2341a1e1e74df1ce62f9af1ec535d228d7ad317e0f1f29e9a2e9ba	41	item-041	a5c9c3a2	玉璽	6	50	a0e04c564aabf5aed25b312f9b4ac780ebc7a97266825c79c95afe1d1c0802dd	db564a0e540b0015508f31bc28524fa0e708cc4a269da6d3e4900381c946e0b6
10	pc-scen010-4b52422dfb2341a1e1e74df1ce62f9af1ec535d228d7ad317e0f1f29e9a2e9ba	4b52422dfb2341a1e1e74df1ce62f9af1ec535d228d7ad317e0f1f29e9a2e9ba	42	item-042	bbc9b3b6	銅雀	7	50	0beb379476db5f744279e3bdfe756a0e826b1a0b8c8bc71a91ad4e825874d23a	db564a0e540b0015508f31bc28524fa0e708cc4a269da6d3e4900381c946e0b6
11	pc-scen011-48401444389dda2b1662f3ec263fe8aedcad39faeb665722a8c500170b89c4d4	48401444389dda2b1662f3ec263fe8aedcad39faeb665722a8c500170b89c4d4	0	item-000	a8aaa8dfb0a8	赤兔馬	0	30	7988b689a4bb91ea4f29efc45570cb094c10336bcd4904486ac5d0e04cae457f	762c5db475a92395d62495269643e6471cf11e745bc2b7d3ae1e517b80154e12
11	pc-scen011-48401444389dda2b1662f3ec263fe8aedcad39faeb665722a8c500170b89c4d4	48401444389dda2b1662f3ec263fe8aedcad39faeb665722a8c500170b89c4d4	1	item-001	aababf63	的盧	0	15	d682a2deee0eb1dd0659d80358220c553cd0448b2e4321795333b5210de3a070	762c5db475a92395d62495269643e6471cf11e745bc2b7d3ae1e517b80154e12
11	pc-scen011-48401444389dda2b1662f3ec263fe8aedcad39faeb665722a8c500170b89c4d4	48401444389dda2b1662f3ec263fe8aedcad39faeb665722a8c500170b89c4d4	2	item-002	a4f6b6c0adb8b971	爪黃飛電	0	10	101c8d82654ab173f991383e760867438c79b2fb95e614985a93dfad85eee15f	762c5db475a92395d62495269643e6471cf11e745bc2b7d3ae1e517b80154e12
11	pc-scen011-48401444389dda2b1662f3ec263fe8aedcad39faeb665722a8c500170b89c4d4	48401444389dda2b1662f3ec263fe8aedcad39faeb665722a8c500170b89c4d4	3	item-003	b5b4bc76	絕影	0	10	25e0cc7b53098531684746bf95dca6835ac7a4f65ac409ffc1dfae3f505b697d	762c5db475a92395d62495269643e6471cf11e745bc2b7d3ae1e517b80154e12
11	pc-scen011-48401444389dda2b1662f3ec263fe8aedcad39faeb665722a8c500170b89c4d4	48401444389dda2b1662f3ec263fe8aedcad39faeb665722a8c500170b89c4d4	4	item-004	a46aa97bb0a8	大宛馬	0	8	fe86fd2621ebe064ef0cf7020e09142ac7d9672a867eab90f926d8f13f4d7f5b	762c5db475a92395d62495269643e6471cf11e745bc2b7d3ae1e517b80154e12
11	pc-scen011-48401444389dda2b1662f3ec263fe8aedcad39faeb665722a8c500170b89c4d4	48401444389dda2b1662f3ec263fe8aedcad39faeb665722a8c500170b89c4d4	5	item-005	a46aa97bb0a8	大宛馬	0	8	4dbd2b101704ddbbeb111a5fb8fe6bbc3c137ef1756b42931f36476d9690d3e7	762c5db475a92395d62495269643e6471cf11e745bc2b7d3ae1e517b80154e12
11	pc-scen011-48401444389dda2b1662f3ec263fe8aedcad39faeb665722a8c500170b89c4d4	48401444389dda2b1662f3ec263fe8aedcad39faeb665722a8c500170b89c4d4	6	item-006	a46aa97bb0a8	大宛馬	0	8	83f2ae19632688828e7cfadd7c0daa1c623b99a3500eb7a3a26b7922780e7edb	762c5db475a92395d62495269643e6471cf11e745bc2b7d3ae1e517b80154e12
11	pc-scen011-48401444389dda2b1662f3ec263fe8aedcad39faeb665722a8c500170b89c4d4	48401444389dda2b1662f3ec263fe8aedcad39faeb665722a8c500170b89c4d4	7	item-007	a443ac50c45fa44d	七星寶刀	1	20	923bab06f54d857456d5ca2bcdcf6ece124c269c833d9cc5eb9227f05ba287d6	762c5db475a92395d62495269643e6471cf11e745bc2b7d3ae1e517b80154e12
11	pc-scen011-48401444389dda2b1662f3ec263fe8aedcad39faeb665722a8c500170b89c4d4	48401444389dda2b1662f3ec263fe8aedcad39faeb665722a8c500170b89c4d4	8	item-008	adcaa4d1bc43	倚天劍	1	12	4f6a118bf801a8cf890e5ccba345ae00d40c7eb91537807abb4b6b9e273dc5ae	762c5db475a92395d62495269643e6471cf11e745bc2b7d3ae1e517b80154e12
11	pc-scen011-48401444389dda2b1662f3ec263fe8aedcad39faeb665722a8c500170b89c4d4	48401444389dda2b1662f3ec263fe8aedcad39faeb665722a8c500170b89c4d4	9	item-009	ab43b3aabc43	青釭劍	1	12	07b06bc2040506e1281a4b80c6c300b22784c92458b3744258938dd4771338d8	762c5db475a92395d62495269643e6471cf11e745bc2b7d3ae1e517b80154e12
11	pc-scen011-48401444389dda2b1662f3ec263fe8aedcad39faeb665722a8c500170b89c4d4	48401444389dda2b1662f3ec263fe8aedcad39faeb665722a8c500170b89c4d4	10	item-010	bbdbb6afa440b9efbc43	雌雄一對劍	1	12	15869e06f0ec984658cf70634db24029e1b8271b14d673d3d3c1a73c22e04cda	762c5db475a92395d62495269643e6471cf11e745bc2b7d3ae1e517b80154e12
11	pc-scen011-48401444389dda2b1662f3ec263fe8aedcad39faeb665722a8c500170b89c4d4	48401444389dda2b1662f3ec263fe8aedcad39faeb665722a8c500170b89c4d4	11	item-011	a4e8a4d1b565b475	方天畫戟	2	18	ef3ddc1f23417fc31131677ec7c20e47e9f6b47904c67d489fe3b1dc40dbecf8	762c5db475a92395d62495269643e6471cf11e745bc2b7d3ae1e517b80154e12
11	pc-scen011-48401444389dda2b1662f3ec263fe8aedcad39faeb665722a8c500170b89c4d4	48401444389dda2b1662f3ec263fe8aedcad39faeb665722a8c500170b89c4d4	12	item-012	ab43c073b0b3a4eba44d	青龍偃月刀	2	18	0a5080409208533f25208e0c12328210ccd301f0aa49d471d0809f50a20144cc	762c5db475a92395d62495269643e6471cf11e745bc2b7d3ae1e517b80154e12
11	pc-scen011-48401444389dda2b1662f3ec263fe8aedcad39faeb665722a8c500170b89c4d4	48401444389dda2b1662f3ec263fe8aedcad39faeb665722a8c500170b89c4d4	13	item-013	b344a5d9	蛇矛	2	18	1770210c7f478684e23ed9c50e30b892baa258d676fb4a2d2d7860eb0de04416	762c5db475a92395d62495269643e6471cf11e745bc2b7d3ae1e517b80154e12
11	pc-scen011-48401444389dda2b1662f3ec263fe8aedcad39faeb665722a8c500170b89c4d4	48401444389dda2b1662f3ec263fe8aedcad39faeb665722a8c500170b89c4d4	14	item-014	ac79ac50c2f1	流星鎚	3	7	92e15648efe750fe003ab1263541e5bfc72cc78f66efd1a03ce12c215bc6591b	762c5db475a92395d62495269643e6471cf11e745bc2b7d3ae1e517b80154e12
11	pc-scen011-48401444389dda2b1662f3ec263fe8aedcad39faeb665722a8c500170b89c4d4	48401444389dda2b1662f3ec263fe8aedcad39faeb665722a8c500170b89c4d4	15	item-015	adb8a44d	飛刀	3	5	37def8af285103ca0ecd53b3e8536f336ed36fd8c18eda7fc1f45e8f94c7c94b	762c5db475a92395d62495269643e6471cf11e745bc2b7d3ae1e517b80154e12
11	pc-scen011-48401444389dda2b1662f3ec263fe8aedcad39faeb665722a8c500170b89c4d4	48401444389dda2b1662f3ec263fe8aedcad39faeb665722a8c500170b89c4d4	16	item-016	adb8a44d	飛刀	3	5	8f8dddaa33d90557a332d0da5874f6c64865c67c6124a6a1a6c563ddb686e342	762c5db475a92395d62495269643e6471cf11e745bc2b7d3ae1e517b80154e12
11	pc-scen011-48401444389dda2b1662f3ec263fe8aedcad39faeb665722a8c500170b89c4d4	48401444389dda2b1662f3ec263fe8aedcad39faeb665722a8c500170b89c4d4	17	item-017	b575b475	短戟	3	4	63ef97a25837b530adce718d3a99e8fdb62f4f43e75c4b02a9e17a5466de83fa	762c5db475a92395d62495269643e6471cf11e745bc2b7d3ae1e517b80154e12
11	pc-scen011-48401444389dda2b1662f3ec263fe8aedcad39faeb665722a8c500170b89c4d4	48401444389dda2b1662f3ec263fe8aedcad39faeb665722a8c500170b89c4d4	18	item-018	b575b475	短戟	3	4	96b219b1d5bf3976598f45986518b8e77501e2c4c1ba119c65ca734142bfba82	762c5db475a92395d62495269643e6471cf11e745bc2b7d3ae1e517b80154e12
11	pc-scen011-48401444389dda2b1662f3ec263fe8aedcad39faeb665722a8c500170b89c4d4	48401444389dda2b1662f3ec263fe8aedcad39faeb665722a8c500170b89c4d4	19	item-019	a4e2b475	手戟	3	3	3fa3bb3bb2fef99d27879415bf3213fe69676245d894f5e2c15d88d8a4f2c30f	762c5db475a92395d62495269643e6471cf11e745bc2b7d3ae1e517b80154e12
11	pc-scen011-48401444389dda2b1662f3ec263fe8aedcad39faeb665722a8c500170b89c4d4	48401444389dda2b1662f3ec263fe8aedcad39faeb665722a8c500170b89c4d4	20	item-020	a4e2b475	手戟	3	3	1a9ff95ebdc84745555384b0d0442e11563c53d7eaca2a2afc2e37a64d25a4cb	762c5db475a92395d62495269643e6471cf11e745bc2b7d3ae1e517b80154e12
11	pc-scen011-48401444389dda2b1662f3ec263fe8aedcad39faeb665722a8c500170b89c4d4	48401444389dda2b1662f3ec263fe8aedcad39faeb665722a8c500170b89c4d4	21	item-021	c54bc2ea	鐵鎖	3	6	f774e62f5b3331a406fb22eafa693595b31d5eedc4965bf04d2a1dde9cc1b24a	762c5db475a92395d62495269643e6471cf11e745bc2b7d3ae1e517b80154e12
11	pc-scen011-48401444389dda2b1662f3ec263fe8aedcad39faeb665722a8c500170b89c4d4	48401444389dda2b1662f3ec263fe8aedcad39faeb665722a8c500170b89c4d4	22	item-022	be69a5d1b0f2a47d	養由基弓	4	20	80cff19423ec9433d181ca8605ce0a2d7793b5b289caeff351c7bc3f95328a87	762c5db475a92395d62495269643e6471cf11e745bc2b7d3ae1e517b80154e12
11	pc-scen011-48401444389dda2b1662f3ec263fe8aedcad39faeb665722a8c500170b89c4d4	48401444389dda2b1662f3ec263fe8aedcad39faeb665722a8c500170b89c4d4	23	item-023	a7f5bc73a47d	李廣弓	4	18	c5585aba8fefc0c0a8fafa0cd0a8e35d05fe952112ab2d59346f212d48da8655	762c5db475a92395d62495269643e6471cf11e745bc2b7d3ae1e517b80154e12
11	pc-scen011-48401444389dda2b1662f3ec263fe8aedcad39faeb665722a8c500170b89c4d4	48401444389dda2b1662f3ec263fe8aedcad39faeb665722a8c500170b89c4d4	24	item-024	c0c8a47d	檀弓	4	8	e576f65c35e1d458654baf21075bbe06eca65cb7eab91b8ddbe49e57fd3653c9	762c5db475a92395d62495269643e6471cf11e745bc2b7d3ae1e517b80154e12
11	pc-scen011-48401444389dda2b1662f3ec263fe8aedcad39faeb665722a8c500170b89c4d4	48401444389dda2b1662f3ec263fe8aedcad39faeb665722a8c500170b89c4d4	25	item-025	c0c8a47d	檀弓	4	8	601cc7d1a32e8e881aedccdfed8d27915f6a0126147399d6adb0aa4c22e682df	762c5db475a92395d62495269643e6471cf11e745bc2b7d3ae1e517b80154e12
11	pc-scen011-48401444389dda2b1662f3ec263fe8aedcad39faeb665722a8c500170b89c4d4	48401444389dda2b1662f3ec263fe8aedcad39faeb665722a8c500170b89c4d4	26	item-026	aa46ad4aadb8a47d	東胡飛弓	4	8	274593094f44b1391b9faf6f219d6ac024ad6ac97d21fa8d688a8e8802764541	762c5db475a92395d62495269643e6471cf11e745bc2b7d3ae1e517b80154e12
11	pc-scen011-48401444389dda2b1662f3ec263fe8aedcad39faeb665722a8c500170b89c4d4	48401444389dda2b1662f3ec263fe8aedcad39faeb665722a8c500170b89c4d4	27	item-027	aa46ad4aadb8a47d	東胡飛弓	4	8	a9daea3f89f65b14a906969cb201aed5ca495fe964ce03a516c5273a4d31cd2a	762c5db475a92395d62495269643e6471cf11e745bc2b7d3ae1e517b80154e12
11	pc-scen011-48401444389dda2b1662f3ec263fe8aedcad39faeb665722a8c500170b89c4d4	48401444389dda2b1662f3ec263fe8aedcad39faeb665722a8c500170b89c4d4	28	item-028	b8e7a47d	貊弓	4	8	0e2c9d811137f679e90113af57fcb9889934042513ea39f2f82bad23ae7238aa	762c5db475a92395d62495269643e6471cf11e745bc2b7d3ae1e517b80154e12
11	pc-scen011-48401444389dda2b1662f3ec263fe8aedcad39faeb665722a8c500170b89c4d4	48401444389dda2b1662f3ec263fe8aedcad39faeb665722a8c500170b89c4d4	29	item-029	b8e7a47d	貊弓	4	8	1c242505b7b2103e8916cd81b166a339aadf822d9f9436cc2704bd21e2c37b90	762c5db475a92395d62495269643e6471cf11e745bc2b7d3ae1e517b80154e12
11	pc-scen011-48401444389dda2b1662f3ec263fe8aedcad39faeb665722a8c500170b89c4d4	48401444389dda2b1662f3ec263fe8aedcad39faeb665722a8c500170b89c4d4	30	item-030	ae5da46ca74caa6b	孫子兵法	5	30	83b8d3e143712216175d7063b0d73363aa56f5e9344a215f9a114e7bded8a48a	762c5db475a92395d62495269643e6471cf11e745bc2b7d3ae1e517b80154e12
11	pc-scen011-48401444389dda2b1662f3ec263fe8aedcad39faeb665722a8c500170b89c4d4	48401444389dda2b1662f3ec263fe8aedcad39faeb665722a8c500170b89c4d4	31	item-031	a74caa6ba447a451a57cbd67	兵法二十四篇	5	20	84c0d1d9c16a3acaf4150ea6fe1628f663bc385318a397c4ad1b307316f3f31b	762c5db475a92395d62495269643e6471cf11e745bc2b7d3ae1e517b80154e12
11	pc-scen011-48401444389dda2b1662f3ec263fe8aedcad39faeb665722a8c500170b89c4d4	48401444389dda2b1662f3ec263fe8aedcad39faeb665722a8c500170b89c4d4	32	item-032	a973bc77b773aed1	孟德新書	5	20	4498999aff35c5621a3f24cabb6d2207755f54c506bb18491955b0b003c341a3	762c5db475a92395d62495269643e6471cf11e745bc2b7d3ae1e517b80154e12
11	pc-scen011-48401444389dda2b1662f3ec263fe8aedcad39faeb665722a8c500170b89c4d4	48401444389dda2b1662f3ec263fe8aedcad39faeb665722a8c500170b89c4d4	33	item-033	a4bbc3fc	六韜	5	18	c7de34e40f6e392fe43c7ee06b17eadb0fe8447b6b8f2bffd97f4211b94c8995	762c5db475a92395d62495269643e6471cf11e745bc2b7d3ae1e517b80154e12
11	pc-scen011-48401444389dda2b1662f3ec263fe8aedcad39faeb665722a8c500170b89c4d4	48401444389dda2b1662f3ec263fe8aedcad39faeb665722a8c500170b89c4d4	34	item-034	a454b2a4	三略	5	18	090b613b7e9f10ccd4cc32e086b01cdecb106dd8d0da69e7c0fdec9275a058aa	762c5db475a92395d62495269643e6471cf11e745bc2b7d3ae1e517b80154e12
11	pc-scen011-48401444389dda2b1662f3ec263fe8aedcad39faeb665722a8c500170b89c4d4	48401444389dda2b1662f3ec263fe8aedcad39faeb665722a8c500170b89c4d4	35	item-035	a764a46c	吳子	5	15	41c13ba2b96e7dfa5d16393fdd4160ab7a1a2c25a4d87032ddd0eb98434c4858	762c5db475a92395d62495269643e6471cf11e745bc2b7d3ae1e517b80154e12
11	pc-scen011-48401444389dda2b1662f3ec263fe8aedcad39faeb665722a8c500170b89c4d4	48401444389dda2b1662f3ec263fe8aedcad39faeb665722a8c500170b89c4d4	36	item-036	b14cc2b7a46c	尉繚子	5	15	b531b9be1bfdc7127d8dbf15cb6cb563d91b4ec0fb6b2f4475ad05fcc79d44ef	762c5db475a92395d62495269643e6471cf11e745bc2b7d3ae1e517b80154e12
11	pc-scen011-48401444389dda2b1662f3ec263fe8aedcad39faeb665722a8c500170b89c4d4	48401444389dda2b1662f3ec263fe8aedcad39faeb665722a8c500170b89c4d4	37	item-037	bed4b0eab5a6	戰國策	5	15	a121b16db44f07f1f284918e0b1a2e01c86185395f09344a43d7a30e4fdb068b	762c5db475a92395d62495269643e6471cf11e745bc2b7d3ae1e517b80154e12
11	pc-scen011-48401444389dda2b1662f3ec263fe8aedcad39faeb665722a8c500170b89c4d4	48401444389dda2b1662f3ec263fe8aedcad39faeb665722a8c500170b89c4d4	38	item-038	a571b0a8aa6b	司馬法	5	12	51e7016318eb938cdfffd51ab29fa851fe651817ab4448084af7b93e030049ec	762c5db475a92395d62495269643e6471cf11e745bc2b7d3ae1e517b80154e12
11	pc-scen011-48401444389dda2b1662f3ec263fe8aedcad39faeb665722a8c500170b89c4d4	48401444389dda2b1662f3ec263fe8aedcad39faeb665722a8c500170b89c4d4	39	item-039	bea5a46c	墨子	5	12	b224e3d71ed456f3b51b2b8a36b1b2296dfc72bfc5fd395fbde2abc1a8033047	762c5db475a92395d62495269643e6471cf11e745bc2b7d3ae1e517b80154e12
11	pc-scen011-48401444389dda2b1662f3ec263fe8aedcad39faeb665722a8c500170b89c4d4	48401444389dda2b1662f3ec263fe8aedcad39faeb665722a8c500170b89c4d4	40	item-040	a4d3a5adad6eb34e	太平要術	5	20	71c1f0a8713b8a439f9f14ade6c24484b188cfde8cdde5c81122d372b7fc70f3	762c5db475a92395d62495269643e6471cf11e745bc2b7d3ae1e517b80154e12
11	pc-scen011-48401444389dda2b1662f3ec263fe8aedcad39faeb665722a8c500170b89c4d4	48401444389dda2b1662f3ec263fe8aedcad39faeb665722a8c500170b89c4d4	41	item-041	a5c9c3a2	玉璽	6	50	f6c45062caa075b894bfb4a4628fc43fc9738c83d69dce9778d81f147968c996	762c5db475a92395d62495269643e6471cf11e745bc2b7d3ae1e517b80154e12
11	pc-scen011-48401444389dda2b1662f3ec263fe8aedcad39faeb665722a8c500170b89c4d4	48401444389dda2b1662f3ec263fe8aedcad39faeb665722a8c500170b89c4d4	42	item-042	bbc9b3b6	銅雀	7	50	0beb379476db5f744279e3bdfe756a0e826b1a0b8c8bc71a91ad4e825874d23a	762c5db475a92395d62495269643e6471cf11e745bc2b7d3ae1e517b80154e12
12	pc-scen012-d6e120895d53835c2cbd8279a3a2cf26aca82ef57f096f847be9ec91494e6772	d6e120895d53835c2cbd8279a3a2cf26aca82ef57f096f847be9ec91494e6772	0	item-000	a8aaa8dfb0a8	赤兔馬	0	30	71aa901a78f926953fb6c4495d71c4939d0ea89b69f81a19ec90986f4bc56662	06a7c7d3dedd723414a94dcb4975c0ad4471f38ca833a13f31d2c929c9e2efa9
12	pc-scen012-d6e120895d53835c2cbd8279a3a2cf26aca82ef57f096f847be9ec91494e6772	d6e120895d53835c2cbd8279a3a2cf26aca82ef57f096f847be9ec91494e6772	1	item-001	aababf63	的盧	0	15	d682a2deee0eb1dd0659d80358220c553cd0448b2e4321795333b5210de3a070	06a7c7d3dedd723414a94dcb4975c0ad4471f38ca833a13f31d2c929c9e2efa9
12	pc-scen012-d6e120895d53835c2cbd8279a3a2cf26aca82ef57f096f847be9ec91494e6772	d6e120895d53835c2cbd8279a3a2cf26aca82ef57f096f847be9ec91494e6772	2	item-002	a4f6b6c0adb8b971	爪黃飛電	0	10	101c8d82654ab173f991383e760867438c79b2fb95e614985a93dfad85eee15f	06a7c7d3dedd723414a94dcb4975c0ad4471f38ca833a13f31d2c929c9e2efa9
12	pc-scen012-d6e120895d53835c2cbd8279a3a2cf26aca82ef57f096f847be9ec91494e6772	d6e120895d53835c2cbd8279a3a2cf26aca82ef57f096f847be9ec91494e6772	3	item-003	b5b4bc76	絕影	0	10	25e0cc7b53098531684746bf95dca6835ac7a4f65ac409ffc1dfae3f505b697d	06a7c7d3dedd723414a94dcb4975c0ad4471f38ca833a13f31d2c929c9e2efa9
12	pc-scen012-d6e120895d53835c2cbd8279a3a2cf26aca82ef57f096f847be9ec91494e6772	d6e120895d53835c2cbd8279a3a2cf26aca82ef57f096f847be9ec91494e6772	4	item-004	a46aa97bb0a8	大宛馬	0	8	fe86fd2621ebe064ef0cf7020e09142ac7d9672a867eab90f926d8f13f4d7f5b	06a7c7d3dedd723414a94dcb4975c0ad4471f38ca833a13f31d2c929c9e2efa9
12	pc-scen012-d6e120895d53835c2cbd8279a3a2cf26aca82ef57f096f847be9ec91494e6772	d6e120895d53835c2cbd8279a3a2cf26aca82ef57f096f847be9ec91494e6772	5	item-005	a46aa97bb0a8	大宛馬	0	8	4dbd2b101704ddbbeb111a5fb8fe6bbc3c137ef1756b42931f36476d9690d3e7	06a7c7d3dedd723414a94dcb4975c0ad4471f38ca833a13f31d2c929c9e2efa9
12	pc-scen012-d6e120895d53835c2cbd8279a3a2cf26aca82ef57f096f847be9ec91494e6772	d6e120895d53835c2cbd8279a3a2cf26aca82ef57f096f847be9ec91494e6772	6	item-006	a46aa97bb0a8	大宛馬	0	8	83f2ae19632688828e7cfadd7c0daa1c623b99a3500eb7a3a26b7922780e7edb	06a7c7d3dedd723414a94dcb4975c0ad4471f38ca833a13f31d2c929c9e2efa9
12	pc-scen012-d6e120895d53835c2cbd8279a3a2cf26aca82ef57f096f847be9ec91494e6772	d6e120895d53835c2cbd8279a3a2cf26aca82ef57f096f847be9ec91494e6772	7	item-007	a443ac50c45fa44d	七星寶刀	1	20	f543dca66fddb20df6c86c3991952f6a8ce010e22eeb6f208e2c2d6750bc5319	06a7c7d3dedd723414a94dcb4975c0ad4471f38ca833a13f31d2c929c9e2efa9
12	pc-scen012-d6e120895d53835c2cbd8279a3a2cf26aca82ef57f096f847be9ec91494e6772	d6e120895d53835c2cbd8279a3a2cf26aca82ef57f096f847be9ec91494e6772	8	item-008	adcaa4d1bc43	倚天劍	1	12	4f6a118bf801a8cf890e5ccba345ae00d40c7eb91537807abb4b6b9e273dc5ae	06a7c7d3dedd723414a94dcb4975c0ad4471f38ca833a13f31d2c929c9e2efa9
12	pc-scen012-d6e120895d53835c2cbd8279a3a2cf26aca82ef57f096f847be9ec91494e6772	d6e120895d53835c2cbd8279a3a2cf26aca82ef57f096f847be9ec91494e6772	9	item-009	ab43b3aabc43	青釭劍	1	12	07b06bc2040506e1281a4b80c6c300b22784c92458b3744258938dd4771338d8	06a7c7d3dedd723414a94dcb4975c0ad4471f38ca833a13f31d2c929c9e2efa9
12	pc-scen012-d6e120895d53835c2cbd8279a3a2cf26aca82ef57f096f847be9ec91494e6772	d6e120895d53835c2cbd8279a3a2cf26aca82ef57f096f847be9ec91494e6772	10	item-010	bbdbb6afa440b9efbc43	雌雄一對劍	1	12	15869e06f0ec984658cf70634db24029e1b8271b14d673d3d3c1a73c22e04cda	06a7c7d3dedd723414a94dcb4975c0ad4471f38ca833a13f31d2c929c9e2efa9
12	pc-scen012-d6e120895d53835c2cbd8279a3a2cf26aca82ef57f096f847be9ec91494e6772	d6e120895d53835c2cbd8279a3a2cf26aca82ef57f096f847be9ec91494e6772	11	item-011	a4e8a4d1b565b475	方天畫戟	2	18	ef3ddc1f23417fc31131677ec7c20e47e9f6b47904c67d489fe3b1dc40dbecf8	06a7c7d3dedd723414a94dcb4975c0ad4471f38ca833a13f31d2c929c9e2efa9
12	pc-scen012-d6e120895d53835c2cbd8279a3a2cf26aca82ef57f096f847be9ec91494e6772	d6e120895d53835c2cbd8279a3a2cf26aca82ef57f096f847be9ec91494e6772	12	item-012	ab43c073b0b3a4eba44d	青龍偃月刀	2	18	0a5080409208533f25208e0c12328210ccd301f0aa49d471d0809f50a20144cc	06a7c7d3dedd723414a94dcb4975c0ad4471f38ca833a13f31d2c929c9e2efa9
12	pc-scen012-d6e120895d53835c2cbd8279a3a2cf26aca82ef57f096f847be9ec91494e6772	d6e120895d53835c2cbd8279a3a2cf26aca82ef57f096f847be9ec91494e6772	13	item-013	b344a5d9	蛇矛	2	18	1770210c7f478684e23ed9c50e30b892baa258d676fb4a2d2d7860eb0de04416	06a7c7d3dedd723414a94dcb4975c0ad4471f38ca833a13f31d2c929c9e2efa9
12	pc-scen012-d6e120895d53835c2cbd8279a3a2cf26aca82ef57f096f847be9ec91494e6772	d6e120895d53835c2cbd8279a3a2cf26aca82ef57f096f847be9ec91494e6772	14	item-014	ac79ac50c2f1	流星鎚	3	7	92e15648efe750fe003ab1263541e5bfc72cc78f66efd1a03ce12c215bc6591b	06a7c7d3dedd723414a94dcb4975c0ad4471f38ca833a13f31d2c929c9e2efa9
12	pc-scen012-d6e120895d53835c2cbd8279a3a2cf26aca82ef57f096f847be9ec91494e6772	d6e120895d53835c2cbd8279a3a2cf26aca82ef57f096f847be9ec91494e6772	15	item-015	adb8a44d	飛刀	3	5	37def8af285103ca0ecd53b3e8536f336ed36fd8c18eda7fc1f45e8f94c7c94b	06a7c7d3dedd723414a94dcb4975c0ad4471f38ca833a13f31d2c929c9e2efa9
12	pc-scen012-d6e120895d53835c2cbd8279a3a2cf26aca82ef57f096f847be9ec91494e6772	d6e120895d53835c2cbd8279a3a2cf26aca82ef57f096f847be9ec91494e6772	16	item-016	adb8a44d	飛刀	3	5	8f8dddaa33d90557a332d0da5874f6c64865c67c6124a6a1a6c563ddb686e342	06a7c7d3dedd723414a94dcb4975c0ad4471f38ca833a13f31d2c929c9e2efa9
12	pc-scen012-d6e120895d53835c2cbd8279a3a2cf26aca82ef57f096f847be9ec91494e6772	d6e120895d53835c2cbd8279a3a2cf26aca82ef57f096f847be9ec91494e6772	17	item-017	b575b475	短戟	3	4	63ef97a25837b530adce718d3a99e8fdb62f4f43e75c4b02a9e17a5466de83fa	06a7c7d3dedd723414a94dcb4975c0ad4471f38ca833a13f31d2c929c9e2efa9
12	pc-scen012-d6e120895d53835c2cbd8279a3a2cf26aca82ef57f096f847be9ec91494e6772	d6e120895d53835c2cbd8279a3a2cf26aca82ef57f096f847be9ec91494e6772	18	item-018	b575b475	短戟	3	4	96b219b1d5bf3976598f45986518b8e77501e2c4c1ba119c65ca734142bfba82	06a7c7d3dedd723414a94dcb4975c0ad4471f38ca833a13f31d2c929c9e2efa9
12	pc-scen012-d6e120895d53835c2cbd8279a3a2cf26aca82ef57f096f847be9ec91494e6772	d6e120895d53835c2cbd8279a3a2cf26aca82ef57f096f847be9ec91494e6772	19	item-019	a4e2b475	手戟	3	3	3fa3bb3bb2fef99d27879415bf3213fe69676245d894f5e2c15d88d8a4f2c30f	06a7c7d3dedd723414a94dcb4975c0ad4471f38ca833a13f31d2c929c9e2efa9
12	pc-scen012-d6e120895d53835c2cbd8279a3a2cf26aca82ef57f096f847be9ec91494e6772	d6e120895d53835c2cbd8279a3a2cf26aca82ef57f096f847be9ec91494e6772	20	item-020	a4e2b475	手戟	3	3	1a9ff95ebdc84745555384b0d0442e11563c53d7eaca2a2afc2e37a64d25a4cb	06a7c7d3dedd723414a94dcb4975c0ad4471f38ca833a13f31d2c929c9e2efa9
12	pc-scen012-d6e120895d53835c2cbd8279a3a2cf26aca82ef57f096f847be9ec91494e6772	d6e120895d53835c2cbd8279a3a2cf26aca82ef57f096f847be9ec91494e6772	21	item-021	c54bc2ea	鐵鎖	3	6	f774e62f5b3331a406fb22eafa693595b31d5eedc4965bf04d2a1dde9cc1b24a	06a7c7d3dedd723414a94dcb4975c0ad4471f38ca833a13f31d2c929c9e2efa9
12	pc-scen012-d6e120895d53835c2cbd8279a3a2cf26aca82ef57f096f847be9ec91494e6772	d6e120895d53835c2cbd8279a3a2cf26aca82ef57f096f847be9ec91494e6772	22	item-022	be69a5d1b0f2a47d	養由基弓	4	20	80cff19423ec9433d181ca8605ce0a2d7793b5b289caeff351c7bc3f95328a87	06a7c7d3dedd723414a94dcb4975c0ad4471f38ca833a13f31d2c929c9e2efa9
12	pc-scen012-d6e120895d53835c2cbd8279a3a2cf26aca82ef57f096f847be9ec91494e6772	d6e120895d53835c2cbd8279a3a2cf26aca82ef57f096f847be9ec91494e6772	23	item-023	a7f5bc73a47d	李廣弓	4	18	c5585aba8fefc0c0a8fafa0cd0a8e35d05fe952112ab2d59346f212d48da8655	06a7c7d3dedd723414a94dcb4975c0ad4471f38ca833a13f31d2c929c9e2efa9
12	pc-scen012-d6e120895d53835c2cbd8279a3a2cf26aca82ef57f096f847be9ec91494e6772	d6e120895d53835c2cbd8279a3a2cf26aca82ef57f096f847be9ec91494e6772	24	item-024	c0c8a47d	檀弓	4	8	e576f65c35e1d458654baf21075bbe06eca65cb7eab91b8ddbe49e57fd3653c9	06a7c7d3dedd723414a94dcb4975c0ad4471f38ca833a13f31d2c929c9e2efa9
12	pc-scen012-d6e120895d53835c2cbd8279a3a2cf26aca82ef57f096f847be9ec91494e6772	d6e120895d53835c2cbd8279a3a2cf26aca82ef57f096f847be9ec91494e6772	25	item-025	c0c8a47d	檀弓	4	8	601cc7d1a32e8e881aedccdfed8d27915f6a0126147399d6adb0aa4c22e682df	06a7c7d3dedd723414a94dcb4975c0ad4471f38ca833a13f31d2c929c9e2efa9
12	pc-scen012-d6e120895d53835c2cbd8279a3a2cf26aca82ef57f096f847be9ec91494e6772	d6e120895d53835c2cbd8279a3a2cf26aca82ef57f096f847be9ec91494e6772	26	item-026	aa46ad4aadb8a47d	東胡飛弓	4	8	274593094f44b1391b9faf6f219d6ac024ad6ac97d21fa8d688a8e8802764541	06a7c7d3dedd723414a94dcb4975c0ad4471f38ca833a13f31d2c929c9e2efa9
12	pc-scen012-d6e120895d53835c2cbd8279a3a2cf26aca82ef57f096f847be9ec91494e6772	d6e120895d53835c2cbd8279a3a2cf26aca82ef57f096f847be9ec91494e6772	27	item-027	aa46ad4aadb8a47d	東胡飛弓	4	8	a9daea3f89f65b14a906969cb201aed5ca495fe964ce03a516c5273a4d31cd2a	06a7c7d3dedd723414a94dcb4975c0ad4471f38ca833a13f31d2c929c9e2efa9
12	pc-scen012-d6e120895d53835c2cbd8279a3a2cf26aca82ef57f096f847be9ec91494e6772	d6e120895d53835c2cbd8279a3a2cf26aca82ef57f096f847be9ec91494e6772	28	item-028	b8e7a47d	貊弓	4	8	0e2c9d811137f679e90113af57fcb9889934042513ea39f2f82bad23ae7238aa	06a7c7d3dedd723414a94dcb4975c0ad4471f38ca833a13f31d2c929c9e2efa9
12	pc-scen012-d6e120895d53835c2cbd8279a3a2cf26aca82ef57f096f847be9ec91494e6772	d6e120895d53835c2cbd8279a3a2cf26aca82ef57f096f847be9ec91494e6772	29	item-029	b8e7a47d	貊弓	4	8	1c242505b7b2103e8916cd81b166a339aadf822d9f9436cc2704bd21e2c37b90	06a7c7d3dedd723414a94dcb4975c0ad4471f38ca833a13f31d2c929c9e2efa9
12	pc-scen012-d6e120895d53835c2cbd8279a3a2cf26aca82ef57f096f847be9ec91494e6772	d6e120895d53835c2cbd8279a3a2cf26aca82ef57f096f847be9ec91494e6772	30	item-030	ae5da46ca74caa6b	孫子兵法	5	30	83b8d3e143712216175d7063b0d73363aa56f5e9344a215f9a114e7bded8a48a	06a7c7d3dedd723414a94dcb4975c0ad4471f38ca833a13f31d2c929c9e2efa9
12	pc-scen012-d6e120895d53835c2cbd8279a3a2cf26aca82ef57f096f847be9ec91494e6772	d6e120895d53835c2cbd8279a3a2cf26aca82ef57f096f847be9ec91494e6772	31	item-031	a74caa6ba447a451a57cbd67	兵法二十四篇	5	20	84c0d1d9c16a3acaf4150ea6fe1628f663bc385318a397c4ad1b307316f3f31b	06a7c7d3dedd723414a94dcb4975c0ad4471f38ca833a13f31d2c929c9e2efa9
12	pc-scen012-d6e120895d53835c2cbd8279a3a2cf26aca82ef57f096f847be9ec91494e6772	d6e120895d53835c2cbd8279a3a2cf26aca82ef57f096f847be9ec91494e6772	32	item-032	a973bc77b773aed1	孟德新書	5	20	4498999aff35c5621a3f24cabb6d2207755f54c506bb18491955b0b003c341a3	06a7c7d3dedd723414a94dcb4975c0ad4471f38ca833a13f31d2c929c9e2efa9
12	pc-scen012-d6e120895d53835c2cbd8279a3a2cf26aca82ef57f096f847be9ec91494e6772	d6e120895d53835c2cbd8279a3a2cf26aca82ef57f096f847be9ec91494e6772	33	item-033	a4bbc3fc	六韜	5	18	c7de34e40f6e392fe43c7ee06b17eadb0fe8447b6b8f2bffd97f4211b94c8995	06a7c7d3dedd723414a94dcb4975c0ad4471f38ca833a13f31d2c929c9e2efa9
12	pc-scen012-d6e120895d53835c2cbd8279a3a2cf26aca82ef57f096f847be9ec91494e6772	d6e120895d53835c2cbd8279a3a2cf26aca82ef57f096f847be9ec91494e6772	34	item-034	a454b2a4	三略	5	18	090b613b7e9f10ccd4cc32e086b01cdecb106dd8d0da69e7c0fdec9275a058aa	06a7c7d3dedd723414a94dcb4975c0ad4471f38ca833a13f31d2c929c9e2efa9
12	pc-scen012-d6e120895d53835c2cbd8279a3a2cf26aca82ef57f096f847be9ec91494e6772	d6e120895d53835c2cbd8279a3a2cf26aca82ef57f096f847be9ec91494e6772	35	item-035	a764a46c	吳子	5	15	41c13ba2b96e7dfa5d16393fdd4160ab7a1a2c25a4d87032ddd0eb98434c4858	06a7c7d3dedd723414a94dcb4975c0ad4471f38ca833a13f31d2c929c9e2efa9
12	pc-scen012-d6e120895d53835c2cbd8279a3a2cf26aca82ef57f096f847be9ec91494e6772	d6e120895d53835c2cbd8279a3a2cf26aca82ef57f096f847be9ec91494e6772	36	item-036	b14cc2b7a46c	尉繚子	5	15	b531b9be1bfdc7127d8dbf15cb6cb563d91b4ec0fb6b2f4475ad05fcc79d44ef	06a7c7d3dedd723414a94dcb4975c0ad4471f38ca833a13f31d2c929c9e2efa9
12	pc-scen012-d6e120895d53835c2cbd8279a3a2cf26aca82ef57f096f847be9ec91494e6772	d6e120895d53835c2cbd8279a3a2cf26aca82ef57f096f847be9ec91494e6772	37	item-037	bed4b0eab5a6	戰國策	5	15	a121b16db44f07f1f284918e0b1a2e01c86185395f09344a43d7a30e4fdb068b	06a7c7d3dedd723414a94dcb4975c0ad4471f38ca833a13f31d2c929c9e2efa9
12	pc-scen012-d6e120895d53835c2cbd8279a3a2cf26aca82ef57f096f847be9ec91494e6772	d6e120895d53835c2cbd8279a3a2cf26aca82ef57f096f847be9ec91494e6772	38	item-038	a571b0a8aa6b	司馬法	5	12	51e7016318eb938cdfffd51ab29fa851fe651817ab4448084af7b93e030049ec	06a7c7d3dedd723414a94dcb4975c0ad4471f38ca833a13f31d2c929c9e2efa9
12	pc-scen012-d6e120895d53835c2cbd8279a3a2cf26aca82ef57f096f847be9ec91494e6772	d6e120895d53835c2cbd8279a3a2cf26aca82ef57f096f847be9ec91494e6772	39	item-039	bea5a46c	墨子	5	12	b224e3d71ed456f3b51b2b8a36b1b2296dfc72bfc5fd395fbde2abc1a8033047	06a7c7d3dedd723414a94dcb4975c0ad4471f38ca833a13f31d2c929c9e2efa9
12	pc-scen012-d6e120895d53835c2cbd8279a3a2cf26aca82ef57f096f847be9ec91494e6772	d6e120895d53835c2cbd8279a3a2cf26aca82ef57f096f847be9ec91494e6772	40	item-040	a4d3a5adad6eb34e	太平要術	5	20	71c1f0a8713b8a439f9f14ade6c24484b188cfde8cdde5c81122d372b7fc70f3	06a7c7d3dedd723414a94dcb4975c0ad4471f38ca833a13f31d2c929c9e2efa9
12	pc-scen012-d6e120895d53835c2cbd8279a3a2cf26aca82ef57f096f847be9ec91494e6772	d6e120895d53835c2cbd8279a3a2cf26aca82ef57f096f847be9ec91494e6772	41	item-041	a5c9c3a2	玉璽	6	50	f6c45062caa075b894bfb4a4628fc43fc9738c83d69dce9778d81f147968c996	06a7c7d3dedd723414a94dcb4975c0ad4471f38ca833a13f31d2c929c9e2efa9
12	pc-scen012-d6e120895d53835c2cbd8279a3a2cf26aca82ef57f096f847be9ec91494e6772	d6e120895d53835c2cbd8279a3a2cf26aca82ef57f096f847be9ec91494e6772	42	item-042	bbc9b3b6	銅雀	7	50	0beb379476db5f744279e3bdfe756a0e826b1a0b8c8bc71a91ad4e825874d23a	06a7c7d3dedd723414a94dcb4975c0ad4471f38ca833a13f31d2c929c9e2efa9
13	pc-scen013-72e15d98bfb49ab7bfbbf32f2bee01396e594424b23ff386df17c0f80920ec6f	72e15d98bfb49ab7bfbbf32f2bee01396e594424b23ff386df17c0f80920ec6f	0	item-000	a8aaa8dfb0a8	赤兔馬	0	30	71aa901a78f926953fb6c4495d71c4939d0ea89b69f81a19ec90986f4bc56662	296c92cc6c520fdc37e6e725053ad1ebd40bfcd4e04e97b97fcd071a2df05c81
13	pc-scen013-72e15d98bfb49ab7bfbbf32f2bee01396e594424b23ff386df17c0f80920ec6f	72e15d98bfb49ab7bfbbf32f2bee01396e594424b23ff386df17c0f80920ec6f	1	item-001	aababf63	的盧	0	15	2ff751e2689fe9ae0b127043dda4f4e707f47cde2798bbf7cd6f39f7a114bd2e	296c92cc6c520fdc37e6e725053ad1ebd40bfcd4e04e97b97fcd071a2df05c81
13	pc-scen013-72e15d98bfb49ab7bfbbf32f2bee01396e594424b23ff386df17c0f80920ec6f	72e15d98bfb49ab7bfbbf32f2bee01396e594424b23ff386df17c0f80920ec6f	2	item-002	a4f6b6c0adb8b971	爪黃飛電	0	10	101c8d82654ab173f991383e760867438c79b2fb95e614985a93dfad85eee15f	296c92cc6c520fdc37e6e725053ad1ebd40bfcd4e04e97b97fcd071a2df05c81
13	pc-scen013-72e15d98bfb49ab7bfbbf32f2bee01396e594424b23ff386df17c0f80920ec6f	72e15d98bfb49ab7bfbbf32f2bee01396e594424b23ff386df17c0f80920ec6f	3	item-003	b5b4bc76	絕影	0	10	25e0cc7b53098531684746bf95dca6835ac7a4f65ac409ffc1dfae3f505b697d	296c92cc6c520fdc37e6e725053ad1ebd40bfcd4e04e97b97fcd071a2df05c81
13	pc-scen013-72e15d98bfb49ab7bfbbf32f2bee01396e594424b23ff386df17c0f80920ec6f	72e15d98bfb49ab7bfbbf32f2bee01396e594424b23ff386df17c0f80920ec6f	4	item-004	a46aa97bb0a8	大宛馬	0	8	1189840263aa8a128b30bfed8c93e2508aef87b9dff91f08b346a5aa8b1bc4bc	296c92cc6c520fdc37e6e725053ad1ebd40bfcd4e04e97b97fcd071a2df05c81
13	pc-scen013-72e15d98bfb49ab7bfbbf32f2bee01396e594424b23ff386df17c0f80920ec6f	72e15d98bfb49ab7bfbbf32f2bee01396e594424b23ff386df17c0f80920ec6f	5	item-005	a46aa97bb0a8	大宛馬	0	8	4dbd2b101704ddbbeb111a5fb8fe6bbc3c137ef1756b42931f36476d9690d3e7	296c92cc6c520fdc37e6e725053ad1ebd40bfcd4e04e97b97fcd071a2df05c81
13	pc-scen013-72e15d98bfb49ab7bfbbf32f2bee01396e594424b23ff386df17c0f80920ec6f	72e15d98bfb49ab7bfbbf32f2bee01396e594424b23ff386df17c0f80920ec6f	6	item-006	a46aa97bb0a8	大宛馬	0	8	83f2ae19632688828e7cfadd7c0daa1c623b99a3500eb7a3a26b7922780e7edb	296c92cc6c520fdc37e6e725053ad1ebd40bfcd4e04e97b97fcd071a2df05c81
13	pc-scen013-72e15d98bfb49ab7bfbbf32f2bee01396e594424b23ff386df17c0f80920ec6f	72e15d98bfb49ab7bfbbf32f2bee01396e594424b23ff386df17c0f80920ec6f	7	item-007	a443ac50c45fa44d	七星寶刀	1	20	923bab06f54d857456d5ca2bcdcf6ece124c269c833d9cc5eb9227f05ba287d6	296c92cc6c520fdc37e6e725053ad1ebd40bfcd4e04e97b97fcd071a2df05c81
13	pc-scen013-72e15d98bfb49ab7bfbbf32f2bee01396e594424b23ff386df17c0f80920ec6f	72e15d98bfb49ab7bfbbf32f2bee01396e594424b23ff386df17c0f80920ec6f	8	item-008	adcaa4d1bc43	倚天劍	1	12	4f6a118bf801a8cf890e5ccba345ae00d40c7eb91537807abb4b6b9e273dc5ae	296c92cc6c520fdc37e6e725053ad1ebd40bfcd4e04e97b97fcd071a2df05c81
13	pc-scen013-72e15d98bfb49ab7bfbbf32f2bee01396e594424b23ff386df17c0f80920ec6f	72e15d98bfb49ab7bfbbf32f2bee01396e594424b23ff386df17c0f80920ec6f	9	item-009	ab43b3aabc43	青釭劍	1	12	81fc2094d0aa8746c211d3d7c84d81f2a3e9fce032a10fe6f2d6a854ce0d99c2	296c92cc6c520fdc37e6e725053ad1ebd40bfcd4e04e97b97fcd071a2df05c81
13	pc-scen013-72e15d98bfb49ab7bfbbf32f2bee01396e594424b23ff386df17c0f80920ec6f	72e15d98bfb49ab7bfbbf32f2bee01396e594424b23ff386df17c0f80920ec6f	10	item-010	bbdbb6afa440b9efbc43	雌雄一對劍	1	12	15869e06f0ec984658cf70634db24029e1b8271b14d673d3d3c1a73c22e04cda	296c92cc6c520fdc37e6e725053ad1ebd40bfcd4e04e97b97fcd071a2df05c81
13	pc-scen013-72e15d98bfb49ab7bfbbf32f2bee01396e594424b23ff386df17c0f80920ec6f	72e15d98bfb49ab7bfbbf32f2bee01396e594424b23ff386df17c0f80920ec6f	11	item-011	a4e8a4d1b565b475	方天畫戟	2	18	ef3ddc1f23417fc31131677ec7c20e47e9f6b47904c67d489fe3b1dc40dbecf8	296c92cc6c520fdc37e6e725053ad1ebd40bfcd4e04e97b97fcd071a2df05c81
13	pc-scen013-72e15d98bfb49ab7bfbbf32f2bee01396e594424b23ff386df17c0f80920ec6f	72e15d98bfb49ab7bfbbf32f2bee01396e594424b23ff386df17c0f80920ec6f	12	item-012	ab43c073b0b3a4eba44d	青龍偃月刀	2	18	0a5080409208533f25208e0c12328210ccd301f0aa49d471d0809f50a20144cc	296c92cc6c520fdc37e6e725053ad1ebd40bfcd4e04e97b97fcd071a2df05c81
13	pc-scen013-72e15d98bfb49ab7bfbbf32f2bee01396e594424b23ff386df17c0f80920ec6f	72e15d98bfb49ab7bfbbf32f2bee01396e594424b23ff386df17c0f80920ec6f	13	item-013	b344a5d9	蛇矛	2	18	1770210c7f478684e23ed9c50e30b892baa258d676fb4a2d2d7860eb0de04416	296c92cc6c520fdc37e6e725053ad1ebd40bfcd4e04e97b97fcd071a2df05c81
13	pc-scen013-72e15d98bfb49ab7bfbbf32f2bee01396e594424b23ff386df17c0f80920ec6f	72e15d98bfb49ab7bfbbf32f2bee01396e594424b23ff386df17c0f80920ec6f	14	item-014	ac79ac50c2f1	流星鎚	3	7	b4b292da4523aa3437433084e8bdc72ad72518cb3604c88c8ebab3c67aa00b81	296c92cc6c520fdc37e6e725053ad1ebd40bfcd4e04e97b97fcd071a2df05c81
13	pc-scen013-72e15d98bfb49ab7bfbbf32f2bee01396e594424b23ff386df17c0f80920ec6f	72e15d98bfb49ab7bfbbf32f2bee01396e594424b23ff386df17c0f80920ec6f	15	item-015	adb8a44d	飛刀	3	5	37def8af285103ca0ecd53b3e8536f336ed36fd8c18eda7fc1f45e8f94c7c94b	296c92cc6c520fdc37e6e725053ad1ebd40bfcd4e04e97b97fcd071a2df05c81
13	pc-scen013-72e15d98bfb49ab7bfbbf32f2bee01396e594424b23ff386df17c0f80920ec6f	72e15d98bfb49ab7bfbbf32f2bee01396e594424b23ff386df17c0f80920ec6f	16	item-016	adb8a44d	飛刀	3	5	4de9ac5eeb92263f3144617d5fb08de82fdf2c440423aff85c8fbd0fbae09040	296c92cc6c520fdc37e6e725053ad1ebd40bfcd4e04e97b97fcd071a2df05c81
13	pc-scen013-72e15d98bfb49ab7bfbbf32f2bee01396e594424b23ff386df17c0f80920ec6f	72e15d98bfb49ab7bfbbf32f2bee01396e594424b23ff386df17c0f80920ec6f	17	item-017	b575b475	短戟	3	4	63ef97a25837b530adce718d3a99e8fdb62f4f43e75c4b02a9e17a5466de83fa	296c92cc6c520fdc37e6e725053ad1ebd40bfcd4e04e97b97fcd071a2df05c81
13	pc-scen013-72e15d98bfb49ab7bfbbf32f2bee01396e594424b23ff386df17c0f80920ec6f	72e15d98bfb49ab7bfbbf32f2bee01396e594424b23ff386df17c0f80920ec6f	18	item-018	b575b475	短戟	3	4	96b219b1d5bf3976598f45986518b8e77501e2c4c1ba119c65ca734142bfba82	296c92cc6c520fdc37e6e725053ad1ebd40bfcd4e04e97b97fcd071a2df05c81
13	pc-scen013-72e15d98bfb49ab7bfbbf32f2bee01396e594424b23ff386df17c0f80920ec6f	72e15d98bfb49ab7bfbbf32f2bee01396e594424b23ff386df17c0f80920ec6f	19	item-019	a4e2b475	手戟	3	3	3fa3bb3bb2fef99d27879415bf3213fe69676245d894f5e2c15d88d8a4f2c30f	296c92cc6c520fdc37e6e725053ad1ebd40bfcd4e04e97b97fcd071a2df05c81
13	pc-scen013-72e15d98bfb49ab7bfbbf32f2bee01396e594424b23ff386df17c0f80920ec6f	72e15d98bfb49ab7bfbbf32f2bee01396e594424b23ff386df17c0f80920ec6f	20	item-020	a4e2b475	手戟	3	3	1a9ff95ebdc84745555384b0d0442e11563c53d7eaca2a2afc2e37a64d25a4cb	296c92cc6c520fdc37e6e725053ad1ebd40bfcd4e04e97b97fcd071a2df05c81
13	pc-scen013-72e15d98bfb49ab7bfbbf32f2bee01396e594424b23ff386df17c0f80920ec6f	72e15d98bfb49ab7bfbbf32f2bee01396e594424b23ff386df17c0f80920ec6f	21	item-021	c54bc2ea	鐵鎖	3	6	1da9d5541cbed9d2e582027b99fefacd50f4d69981d075fdeb8c4ecd228a486f	296c92cc6c520fdc37e6e725053ad1ebd40bfcd4e04e97b97fcd071a2df05c81
13	pc-scen013-72e15d98bfb49ab7bfbbf32f2bee01396e594424b23ff386df17c0f80920ec6f	72e15d98bfb49ab7bfbbf32f2bee01396e594424b23ff386df17c0f80920ec6f	22	item-022	be69a5d1b0f2a47d	養由基弓	4	20	80cff19423ec9433d181ca8605ce0a2d7793b5b289caeff351c7bc3f95328a87	296c92cc6c520fdc37e6e725053ad1ebd40bfcd4e04e97b97fcd071a2df05c81
13	pc-scen013-72e15d98bfb49ab7bfbbf32f2bee01396e594424b23ff386df17c0f80920ec6f	72e15d98bfb49ab7bfbbf32f2bee01396e594424b23ff386df17c0f80920ec6f	23	item-023	a7f5bc73a47d	李廣弓	4	18	c5585aba8fefc0c0a8fafa0cd0a8e35d05fe952112ab2d59346f212d48da8655	296c92cc6c520fdc37e6e725053ad1ebd40bfcd4e04e97b97fcd071a2df05c81
13	pc-scen013-72e15d98bfb49ab7bfbbf32f2bee01396e594424b23ff386df17c0f80920ec6f	72e15d98bfb49ab7bfbbf32f2bee01396e594424b23ff386df17c0f80920ec6f	24	item-024	c0c8a47d	檀弓	4	8	e576f65c35e1d458654baf21075bbe06eca65cb7eab91b8ddbe49e57fd3653c9	296c92cc6c520fdc37e6e725053ad1ebd40bfcd4e04e97b97fcd071a2df05c81
13	pc-scen013-72e15d98bfb49ab7bfbbf32f2bee01396e594424b23ff386df17c0f80920ec6f	72e15d98bfb49ab7bfbbf32f2bee01396e594424b23ff386df17c0f80920ec6f	25	item-025	c0c8a47d	檀弓	4	8	601cc7d1a32e8e881aedccdfed8d27915f6a0126147399d6adb0aa4c22e682df	296c92cc6c520fdc37e6e725053ad1ebd40bfcd4e04e97b97fcd071a2df05c81
13	pc-scen013-72e15d98bfb49ab7bfbbf32f2bee01396e594424b23ff386df17c0f80920ec6f	72e15d98bfb49ab7bfbbf32f2bee01396e594424b23ff386df17c0f80920ec6f	26	item-026	aa46ad4aadb8a47d	東胡飛弓	4	8	274593094f44b1391b9faf6f219d6ac024ad6ac97d21fa8d688a8e8802764541	296c92cc6c520fdc37e6e725053ad1ebd40bfcd4e04e97b97fcd071a2df05c81
13	pc-scen013-72e15d98bfb49ab7bfbbf32f2bee01396e594424b23ff386df17c0f80920ec6f	72e15d98bfb49ab7bfbbf32f2bee01396e594424b23ff386df17c0f80920ec6f	27	item-027	aa46ad4aadb8a47d	東胡飛弓	4	8	a9daea3f89f65b14a906969cb201aed5ca495fe964ce03a516c5273a4d31cd2a	296c92cc6c520fdc37e6e725053ad1ebd40bfcd4e04e97b97fcd071a2df05c81
13	pc-scen013-72e15d98bfb49ab7bfbbf32f2bee01396e594424b23ff386df17c0f80920ec6f	72e15d98bfb49ab7bfbbf32f2bee01396e594424b23ff386df17c0f80920ec6f	28	item-028	b8e7a47d	貊弓	4	8	0e2c9d811137f679e90113af57fcb9889934042513ea39f2f82bad23ae7238aa	296c92cc6c520fdc37e6e725053ad1ebd40bfcd4e04e97b97fcd071a2df05c81
13	pc-scen013-72e15d98bfb49ab7bfbbf32f2bee01396e594424b23ff386df17c0f80920ec6f	72e15d98bfb49ab7bfbbf32f2bee01396e594424b23ff386df17c0f80920ec6f	29	item-029	b8e7a47d	貊弓	4	8	1c242505b7b2103e8916cd81b166a339aadf822d9f9436cc2704bd21e2c37b90	296c92cc6c520fdc37e6e725053ad1ebd40bfcd4e04e97b97fcd071a2df05c81
13	pc-scen013-72e15d98bfb49ab7bfbbf32f2bee01396e594424b23ff386df17c0f80920ec6f	72e15d98bfb49ab7bfbbf32f2bee01396e594424b23ff386df17c0f80920ec6f	30	item-030	ae5da46ca74caa6b	孫子兵法	5	30	83b8d3e143712216175d7063b0d73363aa56f5e9344a215f9a114e7bded8a48a	296c92cc6c520fdc37e6e725053ad1ebd40bfcd4e04e97b97fcd071a2df05c81
13	pc-scen013-72e15d98bfb49ab7bfbbf32f2bee01396e594424b23ff386df17c0f80920ec6f	72e15d98bfb49ab7bfbbf32f2bee01396e594424b23ff386df17c0f80920ec6f	31	item-031	a74caa6ba447a451a57cbd67	兵法二十四篇	5	20	84c0d1d9c16a3acaf4150ea6fe1628f663bc385318a397c4ad1b307316f3f31b	296c92cc6c520fdc37e6e725053ad1ebd40bfcd4e04e97b97fcd071a2df05c81
13	pc-scen013-72e15d98bfb49ab7bfbbf32f2bee01396e594424b23ff386df17c0f80920ec6f	72e15d98bfb49ab7bfbbf32f2bee01396e594424b23ff386df17c0f80920ec6f	32	item-032	a973bc77b773aed1	孟德新書	5	20	4498999aff35c5621a3f24cabb6d2207755f54c506bb18491955b0b003c341a3	296c92cc6c520fdc37e6e725053ad1ebd40bfcd4e04e97b97fcd071a2df05c81
13	pc-scen013-72e15d98bfb49ab7bfbbf32f2bee01396e594424b23ff386df17c0f80920ec6f	72e15d98bfb49ab7bfbbf32f2bee01396e594424b23ff386df17c0f80920ec6f	33	item-033	a4bbc3fc	六韜	5	18	c7de34e40f6e392fe43c7ee06b17eadb0fe8447b6b8f2bffd97f4211b94c8995	296c92cc6c520fdc37e6e725053ad1ebd40bfcd4e04e97b97fcd071a2df05c81
13	pc-scen013-72e15d98bfb49ab7bfbbf32f2bee01396e594424b23ff386df17c0f80920ec6f	72e15d98bfb49ab7bfbbf32f2bee01396e594424b23ff386df17c0f80920ec6f	34	item-034	a454b2a4	三略	5	18	090b613b7e9f10ccd4cc32e086b01cdecb106dd8d0da69e7c0fdec9275a058aa	296c92cc6c520fdc37e6e725053ad1ebd40bfcd4e04e97b97fcd071a2df05c81
13	pc-scen013-72e15d98bfb49ab7bfbbf32f2bee01396e594424b23ff386df17c0f80920ec6f	72e15d98bfb49ab7bfbbf32f2bee01396e594424b23ff386df17c0f80920ec6f	35	item-035	a764a46c	吳子	5	15	41c13ba2b96e7dfa5d16393fdd4160ab7a1a2c25a4d87032ddd0eb98434c4858	296c92cc6c520fdc37e6e725053ad1ebd40bfcd4e04e97b97fcd071a2df05c81
13	pc-scen013-72e15d98bfb49ab7bfbbf32f2bee01396e594424b23ff386df17c0f80920ec6f	72e15d98bfb49ab7bfbbf32f2bee01396e594424b23ff386df17c0f80920ec6f	36	item-036	b14cc2b7a46c	尉繚子	5	15	b531b9be1bfdc7127d8dbf15cb6cb563d91b4ec0fb6b2f4475ad05fcc79d44ef	296c92cc6c520fdc37e6e725053ad1ebd40bfcd4e04e97b97fcd071a2df05c81
13	pc-scen013-72e15d98bfb49ab7bfbbf32f2bee01396e594424b23ff386df17c0f80920ec6f	72e15d98bfb49ab7bfbbf32f2bee01396e594424b23ff386df17c0f80920ec6f	37	item-037	bed4b0eab5a6	戰國策	5	15	a121b16db44f07f1f284918e0b1a2e01c86185395f09344a43d7a30e4fdb068b	296c92cc6c520fdc37e6e725053ad1ebd40bfcd4e04e97b97fcd071a2df05c81
13	pc-scen013-72e15d98bfb49ab7bfbbf32f2bee01396e594424b23ff386df17c0f80920ec6f	72e15d98bfb49ab7bfbbf32f2bee01396e594424b23ff386df17c0f80920ec6f	38	item-038	a571b0a8aa6b	司馬法	5	12	51e7016318eb938cdfffd51ab29fa851fe651817ab4448084af7b93e030049ec	296c92cc6c520fdc37e6e725053ad1ebd40bfcd4e04e97b97fcd071a2df05c81
13	pc-scen013-72e15d98bfb49ab7bfbbf32f2bee01396e594424b23ff386df17c0f80920ec6f	72e15d98bfb49ab7bfbbf32f2bee01396e594424b23ff386df17c0f80920ec6f	39	item-039	bea5a46c	墨子	5	12	b224e3d71ed456f3b51b2b8a36b1b2296dfc72bfc5fd395fbde2abc1a8033047	296c92cc6c520fdc37e6e725053ad1ebd40bfcd4e04e97b97fcd071a2df05c81
13	pc-scen013-72e15d98bfb49ab7bfbbf32f2bee01396e594424b23ff386df17c0f80920ec6f	72e15d98bfb49ab7bfbbf32f2bee01396e594424b23ff386df17c0f80920ec6f	40	item-040	a4d3a5adad6eb34e	太平要術	5	20	3ae5cdc73d8bececbe184a361e473b6611578d3e40950b3e1260d5fa30291ff4	296c92cc6c520fdc37e6e725053ad1ebd40bfcd4e04e97b97fcd071a2df05c81
13	pc-scen013-72e15d98bfb49ab7bfbbf32f2bee01396e594424b23ff386df17c0f80920ec6f	72e15d98bfb49ab7bfbbf32f2bee01396e594424b23ff386df17c0f80920ec6f	41	item-041	a5c9c3a2	玉璽	6	50	f6c45062caa075b894bfb4a4628fc43fc9738c83d69dce9778d81f147968c996	296c92cc6c520fdc37e6e725053ad1ebd40bfcd4e04e97b97fcd071a2df05c81
13	pc-scen013-72e15d98bfb49ab7bfbbf32f2bee01396e594424b23ff386df17c0f80920ec6f	72e15d98bfb49ab7bfbbf32f2bee01396e594424b23ff386df17c0f80920ec6f	42	item-042	bbc9b3b6	銅雀	7	50	0beb379476db5f744279e3bdfe756a0e826b1a0b8c8bc71a91ad4e825874d23a	296c92cc6c520fdc37e6e725053ad1ebd40bfcd4e04e97b97fcd071a2df05c81
14	pc-scen014-ce08f8e934c040149efef07a6642ebb7c8912c5dcf62354be9a29e82543c0d6b	ce08f8e934c040149efef07a6642ebb7c8912c5dcf62354be9a29e82543c0d6b	0	item-000	a8aaa8dfb0a8	赤兔馬	0	30	71aa901a78f926953fb6c4495d71c4939d0ea89b69f81a19ec90986f4bc56662	ddcefa52b3641e7929abaa7ddd6ec521699b13b03b0db3d16d57c83b8287c8cf
14	pc-scen014-ce08f8e934c040149efef07a6642ebb7c8912c5dcf62354be9a29e82543c0d6b	ce08f8e934c040149efef07a6642ebb7c8912c5dcf62354be9a29e82543c0d6b	1	item-001	aababf63	的盧	0	15	2ff751e2689fe9ae0b127043dda4f4e707f47cde2798bbf7cd6f39f7a114bd2e	ddcefa52b3641e7929abaa7ddd6ec521699b13b03b0db3d16d57c83b8287c8cf
14	pc-scen014-ce08f8e934c040149efef07a6642ebb7c8912c5dcf62354be9a29e82543c0d6b	ce08f8e934c040149efef07a6642ebb7c8912c5dcf62354be9a29e82543c0d6b	2	item-002	a4f6b6c0adb8b971	爪黃飛電	0	10	101c8d82654ab173f991383e760867438c79b2fb95e614985a93dfad85eee15f	ddcefa52b3641e7929abaa7ddd6ec521699b13b03b0db3d16d57c83b8287c8cf
14	pc-scen014-ce08f8e934c040149efef07a6642ebb7c8912c5dcf62354be9a29e82543c0d6b	ce08f8e934c040149efef07a6642ebb7c8912c5dcf62354be9a29e82543c0d6b	3	item-003	b5b4bc76	絕影	0	10	25e0cc7b53098531684746bf95dca6835ac7a4f65ac409ffc1dfae3f505b697d	ddcefa52b3641e7929abaa7ddd6ec521699b13b03b0db3d16d57c83b8287c8cf
14	pc-scen014-ce08f8e934c040149efef07a6642ebb7c8912c5dcf62354be9a29e82543c0d6b	ce08f8e934c040149efef07a6642ebb7c8912c5dcf62354be9a29e82543c0d6b	4	item-004	a46aa97bb0a8	大宛馬	0	8	1189840263aa8a128b30bfed8c93e2508aef87b9dff91f08b346a5aa8b1bc4bc	ddcefa52b3641e7929abaa7ddd6ec521699b13b03b0db3d16d57c83b8287c8cf
14	pc-scen014-ce08f8e934c040149efef07a6642ebb7c8912c5dcf62354be9a29e82543c0d6b	ce08f8e934c040149efef07a6642ebb7c8912c5dcf62354be9a29e82543c0d6b	5	item-005	a46aa97bb0a8	大宛馬	0	8	4dbd2b101704ddbbeb111a5fb8fe6bbc3c137ef1756b42931f36476d9690d3e7	ddcefa52b3641e7929abaa7ddd6ec521699b13b03b0db3d16d57c83b8287c8cf
14	pc-scen014-ce08f8e934c040149efef07a6642ebb7c8912c5dcf62354be9a29e82543c0d6b	ce08f8e934c040149efef07a6642ebb7c8912c5dcf62354be9a29e82543c0d6b	6	item-006	a46aa97bb0a8	大宛馬	0	8	83f2ae19632688828e7cfadd7c0daa1c623b99a3500eb7a3a26b7922780e7edb	ddcefa52b3641e7929abaa7ddd6ec521699b13b03b0db3d16d57c83b8287c8cf
14	pc-scen014-ce08f8e934c040149efef07a6642ebb7c8912c5dcf62354be9a29e82543c0d6b	ce08f8e934c040149efef07a6642ebb7c8912c5dcf62354be9a29e82543c0d6b	7	item-007	a443ac50c45fa44d	七星寶刀	1	20	923bab06f54d857456d5ca2bcdcf6ece124c269c833d9cc5eb9227f05ba287d6	ddcefa52b3641e7929abaa7ddd6ec521699b13b03b0db3d16d57c83b8287c8cf
14	pc-scen014-ce08f8e934c040149efef07a6642ebb7c8912c5dcf62354be9a29e82543c0d6b	ce08f8e934c040149efef07a6642ebb7c8912c5dcf62354be9a29e82543c0d6b	8	item-008	adcaa4d1bc43	倚天劍	1	12	4f6a118bf801a8cf890e5ccba345ae00d40c7eb91537807abb4b6b9e273dc5ae	ddcefa52b3641e7929abaa7ddd6ec521699b13b03b0db3d16d57c83b8287c8cf
14	pc-scen014-ce08f8e934c040149efef07a6642ebb7c8912c5dcf62354be9a29e82543c0d6b	ce08f8e934c040149efef07a6642ebb7c8912c5dcf62354be9a29e82543c0d6b	9	item-009	ab43b3aabc43	青釭劍	1	12	81fc2094d0aa8746c211d3d7c84d81f2a3e9fce032a10fe6f2d6a854ce0d99c2	ddcefa52b3641e7929abaa7ddd6ec521699b13b03b0db3d16d57c83b8287c8cf
14	pc-scen014-ce08f8e934c040149efef07a6642ebb7c8912c5dcf62354be9a29e82543c0d6b	ce08f8e934c040149efef07a6642ebb7c8912c5dcf62354be9a29e82543c0d6b	10	item-010	bbdbb6afa440b9efbc43	雌雄一對劍	1	12	15869e06f0ec984658cf70634db24029e1b8271b14d673d3d3c1a73c22e04cda	ddcefa52b3641e7929abaa7ddd6ec521699b13b03b0db3d16d57c83b8287c8cf
14	pc-scen014-ce08f8e934c040149efef07a6642ebb7c8912c5dcf62354be9a29e82543c0d6b	ce08f8e934c040149efef07a6642ebb7c8912c5dcf62354be9a29e82543c0d6b	11	item-011	a4e8a4d1b565b475	方天畫戟	2	18	ef3ddc1f23417fc31131677ec7c20e47e9f6b47904c67d489fe3b1dc40dbecf8	ddcefa52b3641e7929abaa7ddd6ec521699b13b03b0db3d16d57c83b8287c8cf
14	pc-scen014-ce08f8e934c040149efef07a6642ebb7c8912c5dcf62354be9a29e82543c0d6b	ce08f8e934c040149efef07a6642ebb7c8912c5dcf62354be9a29e82543c0d6b	12	item-012	ab43c073b0b3a4eba44d	青龍偃月刀	2	18	0a5080409208533f25208e0c12328210ccd301f0aa49d471d0809f50a20144cc	ddcefa52b3641e7929abaa7ddd6ec521699b13b03b0db3d16d57c83b8287c8cf
14	pc-scen014-ce08f8e934c040149efef07a6642ebb7c8912c5dcf62354be9a29e82543c0d6b	ce08f8e934c040149efef07a6642ebb7c8912c5dcf62354be9a29e82543c0d6b	13	item-013	b344a5d9	蛇矛	2	18	1770210c7f478684e23ed9c50e30b892baa258d676fb4a2d2d7860eb0de04416	ddcefa52b3641e7929abaa7ddd6ec521699b13b03b0db3d16d57c83b8287c8cf
14	pc-scen014-ce08f8e934c040149efef07a6642ebb7c8912c5dcf62354be9a29e82543c0d6b	ce08f8e934c040149efef07a6642ebb7c8912c5dcf62354be9a29e82543c0d6b	14	item-014	ac79ac50c2f1	流星鎚	3	7	b4b292da4523aa3437433084e8bdc72ad72518cb3604c88c8ebab3c67aa00b81	ddcefa52b3641e7929abaa7ddd6ec521699b13b03b0db3d16d57c83b8287c8cf
14	pc-scen014-ce08f8e934c040149efef07a6642ebb7c8912c5dcf62354be9a29e82543c0d6b	ce08f8e934c040149efef07a6642ebb7c8912c5dcf62354be9a29e82543c0d6b	15	item-015	adb8a44d	飛刀	3	5	37def8af285103ca0ecd53b3e8536f336ed36fd8c18eda7fc1f45e8f94c7c94b	ddcefa52b3641e7929abaa7ddd6ec521699b13b03b0db3d16d57c83b8287c8cf
14	pc-scen014-ce08f8e934c040149efef07a6642ebb7c8912c5dcf62354be9a29e82543c0d6b	ce08f8e934c040149efef07a6642ebb7c8912c5dcf62354be9a29e82543c0d6b	16	item-016	adb8a44d	飛刀	3	5	4de9ac5eeb92263f3144617d5fb08de82fdf2c440423aff85c8fbd0fbae09040	ddcefa52b3641e7929abaa7ddd6ec521699b13b03b0db3d16d57c83b8287c8cf
14	pc-scen014-ce08f8e934c040149efef07a6642ebb7c8912c5dcf62354be9a29e82543c0d6b	ce08f8e934c040149efef07a6642ebb7c8912c5dcf62354be9a29e82543c0d6b	17	item-017	b575b475	短戟	3	4	63ef97a25837b530adce718d3a99e8fdb62f4f43e75c4b02a9e17a5466de83fa	ddcefa52b3641e7929abaa7ddd6ec521699b13b03b0db3d16d57c83b8287c8cf
14	pc-scen014-ce08f8e934c040149efef07a6642ebb7c8912c5dcf62354be9a29e82543c0d6b	ce08f8e934c040149efef07a6642ebb7c8912c5dcf62354be9a29e82543c0d6b	18	item-018	b575b475	短戟	3	4	96b219b1d5bf3976598f45986518b8e77501e2c4c1ba119c65ca734142bfba82	ddcefa52b3641e7929abaa7ddd6ec521699b13b03b0db3d16d57c83b8287c8cf
14	pc-scen014-ce08f8e934c040149efef07a6642ebb7c8912c5dcf62354be9a29e82543c0d6b	ce08f8e934c040149efef07a6642ebb7c8912c5dcf62354be9a29e82543c0d6b	19	item-019	a4e2b475	手戟	3	3	3fa3bb3bb2fef99d27879415bf3213fe69676245d894f5e2c15d88d8a4f2c30f	ddcefa52b3641e7929abaa7ddd6ec521699b13b03b0db3d16d57c83b8287c8cf
14	pc-scen014-ce08f8e934c040149efef07a6642ebb7c8912c5dcf62354be9a29e82543c0d6b	ce08f8e934c040149efef07a6642ebb7c8912c5dcf62354be9a29e82543c0d6b	20	item-020	a4e2b475	手戟	3	3	1a9ff95ebdc84745555384b0d0442e11563c53d7eaca2a2afc2e37a64d25a4cb	ddcefa52b3641e7929abaa7ddd6ec521699b13b03b0db3d16d57c83b8287c8cf
14	pc-scen014-ce08f8e934c040149efef07a6642ebb7c8912c5dcf62354be9a29e82543c0d6b	ce08f8e934c040149efef07a6642ebb7c8912c5dcf62354be9a29e82543c0d6b	21	item-021	c54bc2ea	鐵鎖	3	6	1da9d5541cbed9d2e582027b99fefacd50f4d69981d075fdeb8c4ecd228a486f	ddcefa52b3641e7929abaa7ddd6ec521699b13b03b0db3d16d57c83b8287c8cf
14	pc-scen014-ce08f8e934c040149efef07a6642ebb7c8912c5dcf62354be9a29e82543c0d6b	ce08f8e934c040149efef07a6642ebb7c8912c5dcf62354be9a29e82543c0d6b	22	item-022	be69a5d1b0f2a47d	養由基弓	4	20	80cff19423ec9433d181ca8605ce0a2d7793b5b289caeff351c7bc3f95328a87	ddcefa52b3641e7929abaa7ddd6ec521699b13b03b0db3d16d57c83b8287c8cf
14	pc-scen014-ce08f8e934c040149efef07a6642ebb7c8912c5dcf62354be9a29e82543c0d6b	ce08f8e934c040149efef07a6642ebb7c8912c5dcf62354be9a29e82543c0d6b	23	item-023	a7f5bc73a47d	李廣弓	4	18	c5585aba8fefc0c0a8fafa0cd0a8e35d05fe952112ab2d59346f212d48da8655	ddcefa52b3641e7929abaa7ddd6ec521699b13b03b0db3d16d57c83b8287c8cf
14	pc-scen014-ce08f8e934c040149efef07a6642ebb7c8912c5dcf62354be9a29e82543c0d6b	ce08f8e934c040149efef07a6642ebb7c8912c5dcf62354be9a29e82543c0d6b	24	item-024	c0c8a47d	檀弓	4	8	e576f65c35e1d458654baf21075bbe06eca65cb7eab91b8ddbe49e57fd3653c9	ddcefa52b3641e7929abaa7ddd6ec521699b13b03b0db3d16d57c83b8287c8cf
14	pc-scen014-ce08f8e934c040149efef07a6642ebb7c8912c5dcf62354be9a29e82543c0d6b	ce08f8e934c040149efef07a6642ebb7c8912c5dcf62354be9a29e82543c0d6b	25	item-025	c0c8a47d	檀弓	4	8	601cc7d1a32e8e881aedccdfed8d27915f6a0126147399d6adb0aa4c22e682df	ddcefa52b3641e7929abaa7ddd6ec521699b13b03b0db3d16d57c83b8287c8cf
14	pc-scen014-ce08f8e934c040149efef07a6642ebb7c8912c5dcf62354be9a29e82543c0d6b	ce08f8e934c040149efef07a6642ebb7c8912c5dcf62354be9a29e82543c0d6b	26	item-026	aa46ad4aadb8a47d	東胡飛弓	4	8	274593094f44b1391b9faf6f219d6ac024ad6ac97d21fa8d688a8e8802764541	ddcefa52b3641e7929abaa7ddd6ec521699b13b03b0db3d16d57c83b8287c8cf
14	pc-scen014-ce08f8e934c040149efef07a6642ebb7c8912c5dcf62354be9a29e82543c0d6b	ce08f8e934c040149efef07a6642ebb7c8912c5dcf62354be9a29e82543c0d6b	27	item-027	aa46ad4aadb8a47d	東胡飛弓	4	8	a9daea3f89f65b14a906969cb201aed5ca495fe964ce03a516c5273a4d31cd2a	ddcefa52b3641e7929abaa7ddd6ec521699b13b03b0db3d16d57c83b8287c8cf
14	pc-scen014-ce08f8e934c040149efef07a6642ebb7c8912c5dcf62354be9a29e82543c0d6b	ce08f8e934c040149efef07a6642ebb7c8912c5dcf62354be9a29e82543c0d6b	28	item-028	b8e7a47d	貊弓	4	8	0e2c9d811137f679e90113af57fcb9889934042513ea39f2f82bad23ae7238aa	ddcefa52b3641e7929abaa7ddd6ec521699b13b03b0db3d16d57c83b8287c8cf
14	pc-scen014-ce08f8e934c040149efef07a6642ebb7c8912c5dcf62354be9a29e82543c0d6b	ce08f8e934c040149efef07a6642ebb7c8912c5dcf62354be9a29e82543c0d6b	29	item-029	b8e7a47d	貊弓	4	8	1c242505b7b2103e8916cd81b166a339aadf822d9f9436cc2704bd21e2c37b90	ddcefa52b3641e7929abaa7ddd6ec521699b13b03b0db3d16d57c83b8287c8cf
14	pc-scen014-ce08f8e934c040149efef07a6642ebb7c8912c5dcf62354be9a29e82543c0d6b	ce08f8e934c040149efef07a6642ebb7c8912c5dcf62354be9a29e82543c0d6b	30	item-030	ae5da46ca74caa6b	孫子兵法	5	30	83b8d3e143712216175d7063b0d73363aa56f5e9344a215f9a114e7bded8a48a	ddcefa52b3641e7929abaa7ddd6ec521699b13b03b0db3d16d57c83b8287c8cf
14	pc-scen014-ce08f8e934c040149efef07a6642ebb7c8912c5dcf62354be9a29e82543c0d6b	ce08f8e934c040149efef07a6642ebb7c8912c5dcf62354be9a29e82543c0d6b	31	item-031	a74caa6ba447a451a57cbd67	兵法二十四篇	5	20	84c0d1d9c16a3acaf4150ea6fe1628f663bc385318a397c4ad1b307316f3f31b	ddcefa52b3641e7929abaa7ddd6ec521699b13b03b0db3d16d57c83b8287c8cf
14	pc-scen014-ce08f8e934c040149efef07a6642ebb7c8912c5dcf62354be9a29e82543c0d6b	ce08f8e934c040149efef07a6642ebb7c8912c5dcf62354be9a29e82543c0d6b	32	item-032	a973bc77b773aed1	孟德新書	5	20	4498999aff35c5621a3f24cabb6d2207755f54c506bb18491955b0b003c341a3	ddcefa52b3641e7929abaa7ddd6ec521699b13b03b0db3d16d57c83b8287c8cf
14	pc-scen014-ce08f8e934c040149efef07a6642ebb7c8912c5dcf62354be9a29e82543c0d6b	ce08f8e934c040149efef07a6642ebb7c8912c5dcf62354be9a29e82543c0d6b	33	item-033	a4bbc3fc	六韜	5	18	c7de34e40f6e392fe43c7ee06b17eadb0fe8447b6b8f2bffd97f4211b94c8995	ddcefa52b3641e7929abaa7ddd6ec521699b13b03b0db3d16d57c83b8287c8cf
14	pc-scen014-ce08f8e934c040149efef07a6642ebb7c8912c5dcf62354be9a29e82543c0d6b	ce08f8e934c040149efef07a6642ebb7c8912c5dcf62354be9a29e82543c0d6b	34	item-034	a454b2a4	三略	5	18	090b613b7e9f10ccd4cc32e086b01cdecb106dd8d0da69e7c0fdec9275a058aa	ddcefa52b3641e7929abaa7ddd6ec521699b13b03b0db3d16d57c83b8287c8cf
14	pc-scen014-ce08f8e934c040149efef07a6642ebb7c8912c5dcf62354be9a29e82543c0d6b	ce08f8e934c040149efef07a6642ebb7c8912c5dcf62354be9a29e82543c0d6b	35	item-035	a764a46c	吳子	5	15	41c13ba2b96e7dfa5d16393fdd4160ab7a1a2c25a4d87032ddd0eb98434c4858	ddcefa52b3641e7929abaa7ddd6ec521699b13b03b0db3d16d57c83b8287c8cf
14	pc-scen014-ce08f8e934c040149efef07a6642ebb7c8912c5dcf62354be9a29e82543c0d6b	ce08f8e934c040149efef07a6642ebb7c8912c5dcf62354be9a29e82543c0d6b	36	item-036	b14cc2b7a46c	尉繚子	5	15	b531b9be1bfdc7127d8dbf15cb6cb563d91b4ec0fb6b2f4475ad05fcc79d44ef	ddcefa52b3641e7929abaa7ddd6ec521699b13b03b0db3d16d57c83b8287c8cf
14	pc-scen014-ce08f8e934c040149efef07a6642ebb7c8912c5dcf62354be9a29e82543c0d6b	ce08f8e934c040149efef07a6642ebb7c8912c5dcf62354be9a29e82543c0d6b	37	item-037	bed4b0eab5a6	戰國策	5	15	a121b16db44f07f1f284918e0b1a2e01c86185395f09344a43d7a30e4fdb068b	ddcefa52b3641e7929abaa7ddd6ec521699b13b03b0db3d16d57c83b8287c8cf
14	pc-scen014-ce08f8e934c040149efef07a6642ebb7c8912c5dcf62354be9a29e82543c0d6b	ce08f8e934c040149efef07a6642ebb7c8912c5dcf62354be9a29e82543c0d6b	38	item-038	a571b0a8aa6b	司馬法	5	12	51e7016318eb938cdfffd51ab29fa851fe651817ab4448084af7b93e030049ec	ddcefa52b3641e7929abaa7ddd6ec521699b13b03b0db3d16d57c83b8287c8cf
14	pc-scen014-ce08f8e934c040149efef07a6642ebb7c8912c5dcf62354be9a29e82543c0d6b	ce08f8e934c040149efef07a6642ebb7c8912c5dcf62354be9a29e82543c0d6b	39	item-039	bea5a46c	墨子	5	12	b224e3d71ed456f3b51b2b8a36b1b2296dfc72bfc5fd395fbde2abc1a8033047	ddcefa52b3641e7929abaa7ddd6ec521699b13b03b0db3d16d57c83b8287c8cf
14	pc-scen014-ce08f8e934c040149efef07a6642ebb7c8912c5dcf62354be9a29e82543c0d6b	ce08f8e934c040149efef07a6642ebb7c8912c5dcf62354be9a29e82543c0d6b	40	item-040	a4d3a5adad6eb34e	太平要術	5	20	3ae5cdc73d8bececbe184a361e473b6611578d3e40950b3e1260d5fa30291ff4	ddcefa52b3641e7929abaa7ddd6ec521699b13b03b0db3d16d57c83b8287c8cf
14	pc-scen014-ce08f8e934c040149efef07a6642ebb7c8912c5dcf62354be9a29e82543c0d6b	ce08f8e934c040149efef07a6642ebb7c8912c5dcf62354be9a29e82543c0d6b	41	item-041	a5c9c3a2	玉璽	6	50	f6c45062caa075b894bfb4a4628fc43fc9738c83d69dce9778d81f147968c996	ddcefa52b3641e7929abaa7ddd6ec521699b13b03b0db3d16d57c83b8287c8cf
14	pc-scen014-ce08f8e934c040149efef07a6642ebb7c8912c5dcf62354be9a29e82543c0d6b	ce08f8e934c040149efef07a6642ebb7c8912c5dcf62354be9a29e82543c0d6b	42	item-042	bbc9b3b6	銅雀	7	50	0beb379476db5f744279e3bdfe756a0e826b1a0b8c8bc71a91ad4e825874d23a	ddcefa52b3641e7929abaa7ddd6ec521699b13b03b0db3d16d57c83b8287c8cf
15	pc-scen015-5808a13b48bbd2ef665af3a2757851a6dbe6b2bd05bf02a4383a1e530f24ee8a	5808a13b48bbd2ef665af3a2757851a6dbe6b2bd05bf02a4383a1e530f24ee8a	0	item-000	a8aaa8dfb0a8	赤兔馬	0	30	3d6f32ebb998d223dc3728f7c5d3f0e0b281703eb93925a94fd059c0297b7369	57ab62e16686e4e60493c6895da672a0eb46061fc5821e238d4c9e891a3b8136
15	pc-scen015-5808a13b48bbd2ef665af3a2757851a6dbe6b2bd05bf02a4383a1e530f24ee8a	5808a13b48bbd2ef665af3a2757851a6dbe6b2bd05bf02a4383a1e530f24ee8a	1	item-001	aababf63	的盧	0	15	a217735952dda921b418a70f9f777fa135f0e5950f18f13e5d21aef19d98b7f9	57ab62e16686e4e60493c6895da672a0eb46061fc5821e238d4c9e891a3b8136
15	pc-scen015-5808a13b48bbd2ef665af3a2757851a6dbe6b2bd05bf02a4383a1e530f24ee8a	5808a13b48bbd2ef665af3a2757851a6dbe6b2bd05bf02a4383a1e530f24ee8a	2	item-002	a4f6b6c0adb8b971	爪黃飛電	0	10	fa20f7db224f434e153b2f9ede5fa04e917569a26bc99263e8c2e72e3f47e870	57ab62e16686e4e60493c6895da672a0eb46061fc5821e238d4c9e891a3b8136
15	pc-scen015-5808a13b48bbd2ef665af3a2757851a6dbe6b2bd05bf02a4383a1e530f24ee8a	5808a13b48bbd2ef665af3a2757851a6dbe6b2bd05bf02a4383a1e530f24ee8a	3	item-003	b5b4bc76	絕影	0	10	caf90e84a5524c58e43306beb1ac78cf2124b1b27ee00afb41e0fca1f6fb50b2	57ab62e16686e4e60493c6895da672a0eb46061fc5821e238d4c9e891a3b8136
15	pc-scen015-5808a13b48bbd2ef665af3a2757851a6dbe6b2bd05bf02a4383a1e530f24ee8a	5808a13b48bbd2ef665af3a2757851a6dbe6b2bd05bf02a4383a1e530f24ee8a	4	item-004	a46aa97bb0a8	大宛馬	0	8	1189840263aa8a128b30bfed8c93e2508aef87b9dff91f08b346a5aa8b1bc4bc	57ab62e16686e4e60493c6895da672a0eb46061fc5821e238d4c9e891a3b8136
15	pc-scen015-5808a13b48bbd2ef665af3a2757851a6dbe6b2bd05bf02a4383a1e530f24ee8a	5808a13b48bbd2ef665af3a2757851a6dbe6b2bd05bf02a4383a1e530f24ee8a	5	item-005	a46aa97bb0a8	大宛馬	0	8	4dbd2b101704ddbbeb111a5fb8fe6bbc3c137ef1756b42931f36476d9690d3e7	57ab62e16686e4e60493c6895da672a0eb46061fc5821e238d4c9e891a3b8136
15	pc-scen015-5808a13b48bbd2ef665af3a2757851a6dbe6b2bd05bf02a4383a1e530f24ee8a	5808a13b48bbd2ef665af3a2757851a6dbe6b2bd05bf02a4383a1e530f24ee8a	6	item-006	a46aa97bb0a8	大宛馬	0	8	83f2ae19632688828e7cfadd7c0daa1c623b99a3500eb7a3a26b7922780e7edb	57ab62e16686e4e60493c6895da672a0eb46061fc5821e238d4c9e891a3b8136
15	pc-scen015-5808a13b48bbd2ef665af3a2757851a6dbe6b2bd05bf02a4383a1e530f24ee8a	5808a13b48bbd2ef665af3a2757851a6dbe6b2bd05bf02a4383a1e530f24ee8a	7	item-007	a443ac50c45fa44d	七星寶刀	1	20	1c501220921b1bfa763800998a5fbd9c3eda62b5ed5838c537c1fdd7fb647daa	57ab62e16686e4e60493c6895da672a0eb46061fc5821e238d4c9e891a3b8136
15	pc-scen015-5808a13b48bbd2ef665af3a2757851a6dbe6b2bd05bf02a4383a1e530f24ee8a	5808a13b48bbd2ef665af3a2757851a6dbe6b2bd05bf02a4383a1e530f24ee8a	8	item-008	adcaa4d1bc43	倚天劍	1	12	c448eb620fe0d6df79a1aeb7ad093aff05a4e271eb4120432ea0a46b72007f75	57ab62e16686e4e60493c6895da672a0eb46061fc5821e238d4c9e891a3b8136
15	pc-scen015-5808a13b48bbd2ef665af3a2757851a6dbe6b2bd05bf02a4383a1e530f24ee8a	5808a13b48bbd2ef665af3a2757851a6dbe6b2bd05bf02a4383a1e530f24ee8a	9	item-009	ab43b3aabc43	青釭劍	1	12	f25e9e3f1a5c3ecac3c84ed22514539c185c340f303d6dfc09550642a6278d35	57ab62e16686e4e60493c6895da672a0eb46061fc5821e238d4c9e891a3b8136
15	pc-scen015-5808a13b48bbd2ef665af3a2757851a6dbe6b2bd05bf02a4383a1e530f24ee8a	5808a13b48bbd2ef665af3a2757851a6dbe6b2bd05bf02a4383a1e530f24ee8a	10	item-010	bbdbb6afa440b9efbc43	雌雄一對劍	1	12	9f38731a919e76303227b1ff1e22317604ec36eac63a6583ab757e291bfc51ec	57ab62e16686e4e60493c6895da672a0eb46061fc5821e238d4c9e891a3b8136
15	pc-scen015-5808a13b48bbd2ef665af3a2757851a6dbe6b2bd05bf02a4383a1e530f24ee8a	5808a13b48bbd2ef665af3a2757851a6dbe6b2bd05bf02a4383a1e530f24ee8a	11	item-011	a4e8a4d1b565b475	方天畫戟	2	18	a55a7b2141d4160c844ffa1b2e5be5c76f1f88a8acdb8707541d308164413608	57ab62e16686e4e60493c6895da672a0eb46061fc5821e238d4c9e891a3b8136
15	pc-scen015-5808a13b48bbd2ef665af3a2757851a6dbe6b2bd05bf02a4383a1e530f24ee8a	5808a13b48bbd2ef665af3a2757851a6dbe6b2bd05bf02a4383a1e530f24ee8a	12	item-012	ab43c073b0b3a4eba44d	青龍偃月刀	2	18	381dda819f7a21830f794fd5bda8e606e27906c91f60d0ccde3ebba5f7400c36	57ab62e16686e4e60493c6895da672a0eb46061fc5821e238d4c9e891a3b8136
15	pc-scen015-5808a13b48bbd2ef665af3a2757851a6dbe6b2bd05bf02a4383a1e530f24ee8a	5808a13b48bbd2ef665af3a2757851a6dbe6b2bd05bf02a4383a1e530f24ee8a	13	item-013	b344a5d9	蛇矛	2	18	e2ce136b800305b9ee95e9e83f3a24f60edb7f400de8e6acc8438d43bccd09bd	57ab62e16686e4e60493c6895da672a0eb46061fc5821e238d4c9e891a3b8136
15	pc-scen015-5808a13b48bbd2ef665af3a2757851a6dbe6b2bd05bf02a4383a1e530f24ee8a	5808a13b48bbd2ef665af3a2757851a6dbe6b2bd05bf02a4383a1e530f24ee8a	14	item-014	ac79ac50c2f1	流星鎚	3	7	b4b292da4523aa3437433084e8bdc72ad72518cb3604c88c8ebab3c67aa00b81	57ab62e16686e4e60493c6895da672a0eb46061fc5821e238d4c9e891a3b8136
15	pc-scen015-5808a13b48bbd2ef665af3a2757851a6dbe6b2bd05bf02a4383a1e530f24ee8a	5808a13b48bbd2ef665af3a2757851a6dbe6b2bd05bf02a4383a1e530f24ee8a	15	item-015	adb8a44d	飛刀	3	5	37def8af285103ca0ecd53b3e8536f336ed36fd8c18eda7fc1f45e8f94c7c94b	57ab62e16686e4e60493c6895da672a0eb46061fc5821e238d4c9e891a3b8136
15	pc-scen015-5808a13b48bbd2ef665af3a2757851a6dbe6b2bd05bf02a4383a1e530f24ee8a	5808a13b48bbd2ef665af3a2757851a6dbe6b2bd05bf02a4383a1e530f24ee8a	16	item-016	adb8a44d	飛刀	3	5	4de9ac5eeb92263f3144617d5fb08de82fdf2c440423aff85c8fbd0fbae09040	57ab62e16686e4e60493c6895da672a0eb46061fc5821e238d4c9e891a3b8136
15	pc-scen015-5808a13b48bbd2ef665af3a2757851a6dbe6b2bd05bf02a4383a1e530f24ee8a	5808a13b48bbd2ef665af3a2757851a6dbe6b2bd05bf02a4383a1e530f24ee8a	17	item-017	b575b475	短戟	3	4	3df8baba4f70f9d65ccf0a9088124b7f7d0a46fed848ad8c095b3f7b3b225129	57ab62e16686e4e60493c6895da672a0eb46061fc5821e238d4c9e891a3b8136
15	pc-scen015-5808a13b48bbd2ef665af3a2757851a6dbe6b2bd05bf02a4383a1e530f24ee8a	5808a13b48bbd2ef665af3a2757851a6dbe6b2bd05bf02a4383a1e530f24ee8a	18	item-018	b575b475	短戟	3	4	96b219b1d5bf3976598f45986518b8e77501e2c4c1ba119c65ca734142bfba82	57ab62e16686e4e60493c6895da672a0eb46061fc5821e238d4c9e891a3b8136
15	pc-scen015-5808a13b48bbd2ef665af3a2757851a6dbe6b2bd05bf02a4383a1e530f24ee8a	5808a13b48bbd2ef665af3a2757851a6dbe6b2bd05bf02a4383a1e530f24ee8a	19	item-019	a4e2b475	手戟	3	3	6d84d7fdf82ea0b16bddf76856082d75455887f41dfe7c4fff2e73e094af559f	57ab62e16686e4e60493c6895da672a0eb46061fc5821e238d4c9e891a3b8136
15	pc-scen015-5808a13b48bbd2ef665af3a2757851a6dbe6b2bd05bf02a4383a1e530f24ee8a	5808a13b48bbd2ef665af3a2757851a6dbe6b2bd05bf02a4383a1e530f24ee8a	20	item-020	a4e2b475	手戟	3	3	d354bcbaf19aa0eb83991aabd92a6cb740a4909714e191bd64299720e5e7a9ff	57ab62e16686e4e60493c6895da672a0eb46061fc5821e238d4c9e891a3b8136
15	pc-scen015-5808a13b48bbd2ef665af3a2757851a6dbe6b2bd05bf02a4383a1e530f24ee8a	5808a13b48bbd2ef665af3a2757851a6dbe6b2bd05bf02a4383a1e530f24ee8a	21	item-021	c54bc2ea	鐵鎖	3	6	5ede210546140591e46f425e687b365e7b8334aedd36ecd9b17f6cdd0c6b95be	57ab62e16686e4e60493c6895da672a0eb46061fc5821e238d4c9e891a3b8136
15	pc-scen015-5808a13b48bbd2ef665af3a2757851a6dbe6b2bd05bf02a4383a1e530f24ee8a	5808a13b48bbd2ef665af3a2757851a6dbe6b2bd05bf02a4383a1e530f24ee8a	22	item-022	be69a5d1b0f2a47d	養由基弓	4	20	80cff19423ec9433d181ca8605ce0a2d7793b5b289caeff351c7bc3f95328a87	57ab62e16686e4e60493c6895da672a0eb46061fc5821e238d4c9e891a3b8136
15	pc-scen015-5808a13b48bbd2ef665af3a2757851a6dbe6b2bd05bf02a4383a1e530f24ee8a	5808a13b48bbd2ef665af3a2757851a6dbe6b2bd05bf02a4383a1e530f24ee8a	23	item-023	a7f5bc73a47d	李廣弓	4	18	c5585aba8fefc0c0a8fafa0cd0a8e35d05fe952112ab2d59346f212d48da8655	57ab62e16686e4e60493c6895da672a0eb46061fc5821e238d4c9e891a3b8136
15	pc-scen015-5808a13b48bbd2ef665af3a2757851a6dbe6b2bd05bf02a4383a1e530f24ee8a	5808a13b48bbd2ef665af3a2757851a6dbe6b2bd05bf02a4383a1e530f24ee8a	24	item-024	c0c8a47d	檀弓	4	8	e576f65c35e1d458654baf21075bbe06eca65cb7eab91b8ddbe49e57fd3653c9	57ab62e16686e4e60493c6895da672a0eb46061fc5821e238d4c9e891a3b8136
15	pc-scen015-5808a13b48bbd2ef665af3a2757851a6dbe6b2bd05bf02a4383a1e530f24ee8a	5808a13b48bbd2ef665af3a2757851a6dbe6b2bd05bf02a4383a1e530f24ee8a	25	item-025	c0c8a47d	檀弓	4	8	601cc7d1a32e8e881aedccdfed8d27915f6a0126147399d6adb0aa4c22e682df	57ab62e16686e4e60493c6895da672a0eb46061fc5821e238d4c9e891a3b8136
15	pc-scen015-5808a13b48bbd2ef665af3a2757851a6dbe6b2bd05bf02a4383a1e530f24ee8a	5808a13b48bbd2ef665af3a2757851a6dbe6b2bd05bf02a4383a1e530f24ee8a	26	item-026	aa46ad4aadb8a47d	東胡飛弓	4	8	274593094f44b1391b9faf6f219d6ac024ad6ac97d21fa8d688a8e8802764541	57ab62e16686e4e60493c6895da672a0eb46061fc5821e238d4c9e891a3b8136
15	pc-scen015-5808a13b48bbd2ef665af3a2757851a6dbe6b2bd05bf02a4383a1e530f24ee8a	5808a13b48bbd2ef665af3a2757851a6dbe6b2bd05bf02a4383a1e530f24ee8a	27	item-027	aa46ad4aadb8a47d	東胡飛弓	4	8	a9daea3f89f65b14a906969cb201aed5ca495fe964ce03a516c5273a4d31cd2a	57ab62e16686e4e60493c6895da672a0eb46061fc5821e238d4c9e891a3b8136
15	pc-scen015-5808a13b48bbd2ef665af3a2757851a6dbe6b2bd05bf02a4383a1e530f24ee8a	5808a13b48bbd2ef665af3a2757851a6dbe6b2bd05bf02a4383a1e530f24ee8a	28	item-028	b8e7a47d	貊弓	4	8	0e2c9d811137f679e90113af57fcb9889934042513ea39f2f82bad23ae7238aa	57ab62e16686e4e60493c6895da672a0eb46061fc5821e238d4c9e891a3b8136
15	pc-scen015-5808a13b48bbd2ef665af3a2757851a6dbe6b2bd05bf02a4383a1e530f24ee8a	5808a13b48bbd2ef665af3a2757851a6dbe6b2bd05bf02a4383a1e530f24ee8a	29	item-029	b8e7a47d	貊弓	4	8	1c242505b7b2103e8916cd81b166a339aadf822d9f9436cc2704bd21e2c37b90	57ab62e16686e4e60493c6895da672a0eb46061fc5821e238d4c9e891a3b8136
15	pc-scen015-5808a13b48bbd2ef665af3a2757851a6dbe6b2bd05bf02a4383a1e530f24ee8a	5808a13b48bbd2ef665af3a2757851a6dbe6b2bd05bf02a4383a1e530f24ee8a	30	item-030	ae5da46ca74caa6b	孫子兵法	5	30	434fa3318fbe6ecc2272aedf5d370477c8a5d8c13a6f5ba6e854e463f07b94bc	57ab62e16686e4e60493c6895da672a0eb46061fc5821e238d4c9e891a3b8136
15	pc-scen015-5808a13b48bbd2ef665af3a2757851a6dbe6b2bd05bf02a4383a1e530f24ee8a	5808a13b48bbd2ef665af3a2757851a6dbe6b2bd05bf02a4383a1e530f24ee8a	31	item-031	a74caa6ba447a451a57cbd67	兵法二十四篇	5	20	84c0d1d9c16a3acaf4150ea6fe1628f663bc385318a397c4ad1b307316f3f31b	57ab62e16686e4e60493c6895da672a0eb46061fc5821e238d4c9e891a3b8136
15	pc-scen015-5808a13b48bbd2ef665af3a2757851a6dbe6b2bd05bf02a4383a1e530f24ee8a	5808a13b48bbd2ef665af3a2757851a6dbe6b2bd05bf02a4383a1e530f24ee8a	32	item-032	a973bc77b773aed1	孟德新書	5	20	b8c805e5fcc1b9df344271cd02010c7eec83add69dfb753e5390a81f06db7d5c	57ab62e16686e4e60493c6895da672a0eb46061fc5821e238d4c9e891a3b8136
15	pc-scen015-5808a13b48bbd2ef665af3a2757851a6dbe6b2bd05bf02a4383a1e530f24ee8a	5808a13b48bbd2ef665af3a2757851a6dbe6b2bd05bf02a4383a1e530f24ee8a	33	item-033	a4bbc3fc	六韜	5	18	c7de34e40f6e392fe43c7ee06b17eadb0fe8447b6b8f2bffd97f4211b94c8995	57ab62e16686e4e60493c6895da672a0eb46061fc5821e238d4c9e891a3b8136
15	pc-scen015-5808a13b48bbd2ef665af3a2757851a6dbe6b2bd05bf02a4383a1e530f24ee8a	5808a13b48bbd2ef665af3a2757851a6dbe6b2bd05bf02a4383a1e530f24ee8a	34	item-034	a454b2a4	三略	5	18	090b613b7e9f10ccd4cc32e086b01cdecb106dd8d0da69e7c0fdec9275a058aa	57ab62e16686e4e60493c6895da672a0eb46061fc5821e238d4c9e891a3b8136
15	pc-scen015-5808a13b48bbd2ef665af3a2757851a6dbe6b2bd05bf02a4383a1e530f24ee8a	5808a13b48bbd2ef665af3a2757851a6dbe6b2bd05bf02a4383a1e530f24ee8a	35	item-035	a764a46c	吳子	5	15	41c13ba2b96e7dfa5d16393fdd4160ab7a1a2c25a4d87032ddd0eb98434c4858	57ab62e16686e4e60493c6895da672a0eb46061fc5821e238d4c9e891a3b8136
15	pc-scen015-5808a13b48bbd2ef665af3a2757851a6dbe6b2bd05bf02a4383a1e530f24ee8a	5808a13b48bbd2ef665af3a2757851a6dbe6b2bd05bf02a4383a1e530f24ee8a	36	item-036	b14cc2b7a46c	尉繚子	5	15	b531b9be1bfdc7127d8dbf15cb6cb563d91b4ec0fb6b2f4475ad05fcc79d44ef	57ab62e16686e4e60493c6895da672a0eb46061fc5821e238d4c9e891a3b8136
15	pc-scen015-5808a13b48bbd2ef665af3a2757851a6dbe6b2bd05bf02a4383a1e530f24ee8a	5808a13b48bbd2ef665af3a2757851a6dbe6b2bd05bf02a4383a1e530f24ee8a	37	item-037	bed4b0eab5a6	戰國策	5	15	a121b16db44f07f1f284918e0b1a2e01c86185395f09344a43d7a30e4fdb068b	57ab62e16686e4e60493c6895da672a0eb46061fc5821e238d4c9e891a3b8136
15	pc-scen015-5808a13b48bbd2ef665af3a2757851a6dbe6b2bd05bf02a4383a1e530f24ee8a	5808a13b48bbd2ef665af3a2757851a6dbe6b2bd05bf02a4383a1e530f24ee8a	38	item-038	a571b0a8aa6b	司馬法	5	12	51e7016318eb938cdfffd51ab29fa851fe651817ab4448084af7b93e030049ec	57ab62e16686e4e60493c6895da672a0eb46061fc5821e238d4c9e891a3b8136
15	pc-scen015-5808a13b48bbd2ef665af3a2757851a6dbe6b2bd05bf02a4383a1e530f24ee8a	5808a13b48bbd2ef665af3a2757851a6dbe6b2bd05bf02a4383a1e530f24ee8a	39	item-039	bea5a46c	墨子	5	12	b224e3d71ed456f3b51b2b8a36b1b2296dfc72bfc5fd395fbde2abc1a8033047	57ab62e16686e4e60493c6895da672a0eb46061fc5821e238d4c9e891a3b8136
15	pc-scen015-5808a13b48bbd2ef665af3a2757851a6dbe6b2bd05bf02a4383a1e530f24ee8a	5808a13b48bbd2ef665af3a2757851a6dbe6b2bd05bf02a4383a1e530f24ee8a	40	item-040	a4d3a5adad6eb34e	太平要術	5	20	71c1f0a8713b8a439f9f14ade6c24484b188cfde8cdde5c81122d372b7fc70f3	57ab62e16686e4e60493c6895da672a0eb46061fc5821e238d4c9e891a3b8136
15	pc-scen015-5808a13b48bbd2ef665af3a2757851a6dbe6b2bd05bf02a4383a1e530f24ee8a	5808a13b48bbd2ef665af3a2757851a6dbe6b2bd05bf02a4383a1e530f24ee8a	41	item-041	a5c9c3a2	玉璽	6	50	4013212ea5432ffb0d0f967837ce932364a5b9becb25b8c9852a9b05b2c6eaa5	57ab62e16686e4e60493c6895da672a0eb46061fc5821e238d4c9e891a3b8136
15	pc-scen015-5808a13b48bbd2ef665af3a2757851a6dbe6b2bd05bf02a4383a1e530f24ee8a	5808a13b48bbd2ef665af3a2757851a6dbe6b2bd05bf02a4383a1e530f24ee8a	42	item-042	bbc9b3b6	銅雀	7	50	0beb379476db5f744279e3bdfe756a0e826b1a0b8c8bc71a91ad4e825874d23a	57ab62e16686e4e60493c6895da672a0eb46061fc5821e238d4c9e891a3b8136
